season,fixture_id,team_id,team_name,player_id,player_name,minutes,shirt_number,position,rating,captain,substitute,offsides,shots_total,shots_on,goals,goals_conceded,assists,saves,passes_total,passes_key,passes_accuracy,tackles_total,tackles_blocks,tackles_interceptions,duels_total,duels_won,dribbles_attempts,dribbles_success,dribbles_past,fouls_drawn,fouls_committed,yellow_cards,red_cards,penalty_won,penalty_committed,penalty_scored,penalty_missed,penalty_saved
2022,884484,1005,Antalyaspor,62099,Muhammed Alperen Uysal,90,1,G,6.3,False,False,0,0,0,0,2,0,2,26,0,15,0,0,0,0,0,0,0,0,0,0,0,0,0,0,0,0,0
2022,884484,1005,Antalyaspor,50061,Veysel Sarı,90,89,D,6.2,True,False,1,0,0,0,0,0,0,17,0,9,3,0,1,12,5,1,0,2,1,1,0,0,0,0,0,0,0
2022,884484,1005,Antalyaspor,12,Ömer Toprak,85,21,D,6.3,False,False,0,0,0,0,0,0,0,12,0,6,1,1,2,5,1,0,0,0,0,0,0,0,0,0,0,0,0
2022,884484,1005,Antalyaspor,62195,Cemali Sertel,90,3,D,7.3,False,False,0,0,0,0,0,0,0,23,0,16,9,1,0,15,12,0,0,2,2,1,0,0,0,0,0,0,0
2022,884484,1005,Antalyaspor,49969,Bünyamin Balcı,90,7,M,7.9,False,False,1,1,0,0,0,0,0,19,2,12,10,0,2,19,15,0,0,1,4,1,0,0,0,0,0,0,0
2022,884484,1005,Antalyaspor,1787,Fernando,90,8,M,6.7,False,False,0,0,0,0,0,0,0,46,2,28,5,0,2,16,6,0,0,2,1,5,1,0,0,0,0,0,0
2022,884484,1005,Antalyaspor,62417,Ufuk Akyol,78,19,M,6.3,False,False,0,1,0,0,0,0,0,17,0,11,1,0,0,8,4,0,0,1,2,2,0,0,0,0,0,0,0
2022,884484,1005,Antalyaspor,2151,Güray Vural,90,11,M,7.7,False,False,1,0,0,0,0,1,0,19,2,12,9,0,0,13,10,0,0,2,1,1,1,0,0,1,0,0,0
2022,884484,1005,Antalyaspor,49986,Fredy,67,16,F,6.5,False,False,1,0,0,0,0,0,0,15,0,7,4,0,0,10,5,0,0,0,1,2,1,0,0,0,0,0,0
2022,884484,1005,Antalyaspor,1793,Luiz Adriano,67,10,F,6.7,False,False,2,1,1,0,0,0,0,17,0,6,0,0,0,11,6,0,0,1,1,3,0,0,0,0,0,0,0
2022,884484,1005,Antalyaspor,427,Haji Wright,90,9,F,7.6,False,False,0,1,1,1,0,0,0,18,2,10,1,1,0,15,9,3,1,0,0,2,0,0,0,0,0,0,0
2022,884484,1005,Antalyaspor,50216,Ataberk Dadakdeniz,0,35,G,,False,True,0,0,0,0,0,0,0,0,0,,0,0,0,0,0,0,0,0,0,0,0,0,0,0,0,0,0
2022,884484,1005,Antalyaspor,382221,Amar Gerxhaliu,0,4,D,,False,True,0,0,0,0,0,0,0,0,0,,0,0,0,0,0,0,0,0,0,0,0,0,0,0,0,0,0
2022,884484,1005,Antalyaspor,36970,Sherel Floranus,0,2,D,,False,True,0,0,0,0,0,0,0,0,0,,0,0,0,0,0,0,0,0,0,0,0,0,0,0,0,0,0
2022,884484,1005,Antalyaspor,2621,Fedor Kudryashov,0,13,D,,False,True,0,0,0,0,0,0,0,0,0,,0,0,0,0,0,0,0,0,0,0,0,0,0,0,0,0,0
2022,884484,1005,Antalyaspor,49848,Soner Aydoğdu,12,5,M,6.9,False,True,0,0,0,0,0,0,0,6,0,4,1,1,1,2,1,0,0,0,0,0,0,0,0,0,0,0,0
2022,884484,1005,Antalyaspor,158440,Mustafa Erdilman,19,30,M,6.7,False,True,1,0,0,0,0,0,0,3,0,2,2,0,0,7,3,0,0,1,1,1,0,0,0,0,0,0,0
2022,884484,1005,Antalyaspor,129145,Erkan Eyibil,0,34,M,,False,True,0,0,0,0,0,0,0,0,0,,0,0,0,0,0,0,0,0,0,0,0,0,0,0,0,0,0
2022,884484,1005,Antalyaspor,459,Sinan Gümüş,23,77,F,6.7,False,True,0,1,0,0,0,0,0,5,0,4,1,0,0,4,1,0,0,0,0,0,0,0,0,0,0,0,0
2022,884484,1005,Antalyaspor,49977,Hakan Özmert,0,88,M,,False,True,0,0,0,0,0,0,0,0,0,,0,0,0,0,0,0,0,0,0,0,0,0,0,0,0,0,0
2022,884484,1005,Antalyaspor,143705,Gökdeniz Bayrakdar,23,17,F,6.2,False,True,0,0,0,0,0,0,0,8,0,5,1,0,0,6,1,1,0,1,0,2,1,0,0,0,0,0,0
2022,884484,611,Fenerbahce,50132,Altay Bayındır,90,1,G,6.3,True,False,0,0,0,0,1,0,1,28,0,19,0,0,0,1,1,0,0,0,1,0,0,0,0,0,0,0,0
2022,884484,611,Fenerbahce,19588,Bright Osayi-Samuel,90,21,D,6.2,False,False,0,0,0,0,0,0,0,40,1,29,0,1,1,14,6,8,4,0,2,1,0,0,0,0,0,0,0
2022,884484,611,Fenerbahce,1341,Serdar Aziz,90,4,D,7,False,False,0,2,1,0,0,0,0,60,0,48,0,1,1,6,6,0,0,0,1,1,1,0,0,0,0,0,0
2022,884484,611,Fenerbahce,28443,Attila Szalai,90,41,D,7.3,False,False,0,2,0,0,0,0,0,54,1,46,2,1,0,7,5,0,0,1,0,0,0,0,0,0,0,0,0
2022,884484,611,Fenerbahce,1361,Ferdi Kadıoğlu,89,7,D,6.3,False,False,0,0,0,0,0,0,0,60,2,52,0,0,1,8,3,0,0,0,2,1,0,0,0,0,0,0,0
2022,884484,611,Fenerbahce,51045,Diego Rossi,67,9,M,6.2,False,False,1,2,0,0,0,0,0,20,0,18,0,0,0,9,2,5,1,0,1,1,0,0,0,0,0,0,0
2022,884484,611,Fenerbahce,10173,Willian Arão,90,5,M,6.9,False,False,0,0,0,0,0,0,0,38,0,32,3,0,1,18,7,0,0,0,1,0,0,0,0,0,0,0,0
2022,884484,611,Fenerbahce,41973,Miguel Crespo,67,27,M,7.3,False,False,0,0,0,0,0,0,0,27,1,21,3,0,0,18,12,5,3,0,6,2,0,0,0,0,0,0,0
2022,884484,611,Fenerbahce,10497,Lincoln,45,18,M,6.2,False,False,0,1,0,0,0,0,0,19,0,15,0,0,0,4,1,1,0,0,1,0,0,0,0,0,0,0,0
2022,884484,611,Fenerbahce,2927,Michy Batshuayi,85,23,F,7.6,False,False,1,2,2,2,0,0,0,27,1,13,0,0,0,11,4,4,0,0,1,1,0,0,0,0,1,0,0
2022,884484,611,Fenerbahce,18881,Joshua King,90,15,F,6.9,False,False,1,3,1,0,0,0,0,18,2,17,1,0,0,20,8,6,1,0,1,5,0,0,0,0,0,0,0
2022,884484,611,Fenerbahce,62137,İrfan Can Eğribayat,0,70,G,,False,True,0,0,0,0,0,0,0,0,0,,0,0,0,0,0,0,0,0,0,0,0,0,0,0,0,0,0
2022,884484,611,Fenerbahce,19133,Ezgjan Alioski,19,6,D,6.2,False,True,0,0,0,0,0,0,0,2,0,1,0,0,0,3,1,1,0,0,1,1,1,0,0,0,0,0,0
2022,884484,611,Fenerbahce,9992,Gustavo Henrique,1,2,D,,False,True,0,0,0,0,0,0,0,0,0,,0,0,0,0,0,0,0,0,0,0,0,0,0,0,0,0,0
2022,884484,611,Fenerbahce,214463,İsmail Yüksek,0,80,M,,False,True,0,0,0,0,0,0,0,0,0,,0,0,0,0,0,0,0,0,0,0,0,0,0,0,0,0,0
2022,884484,611,Fenerbahce,1369,Miha Zajc,23,26,M,6.3,False,True,0,0,0,0,0,0,0,18,0,15,0,0,1,6,2,3,1,0,0,2,0,0,0,0,0,0,0
2022,884484,611,Fenerbahce,291964,Arda Güler,0,10,M,,False,True,0,0,0,0,0,0,0,0,0,,0,0,0,0,0,0,0,0,0,0,0,0,0,0,0,0,0
2022,884484,611,Fenerbahce,49857,İrfan Can Kahveci,23,17,M,6.3,False,True,0,0,0,0,0,0,0,17,2,10,0,0,0,12,4,4,1,0,1,2,0,0,0,0,0,0,0
2022,884484,611,Fenerbahce,47446,Emre Mor,45,99,M,6.2,False,True,0,0,0,0,0,0,0,15,0,14,0,0,0,6,2,3,2,0,0,0,0,0,0,0,0,0,0
2022,884484,611,Fenerbahce,50097,Mert Hakan Yandaş,0,8,M,,False,True,0,0,0,0,0,0,0,0,0,,0,0,0,0,0,0,0,0,0,0,0,0,0,0,0,0,0
2022,884484,611,Fenerbahce,25053,Serdar Dursun,0,19,F,,False,True,0,0,0,0,0,0,0,0,0,,0,0,0,0,0,0,0,0,0,0,0,0,0,0,0,0,0
2022,884469,998,Trabzonspor,49866,Uğurcan Çakır,90,1,G,7.2,True,False,0,0,0,0,0,0,0,29,1,10,0,0,0,2,2,0,0,0,1,0,0,0,0,0,0,0,0
2022,884469,998,Trabzonspor,2733,Jens Stryger Larsen,90,19,D,7.9,False,False,0,0,0,0,0,0,0,46,1,37,6,0,1,11,8,1,0,0,1,1,0,0,0,0,0,0,0
2022,884469,998,Trabzonspor,1561,Marc Bartra,90,3,D,7.9,False,False,0,0,0,0,0,0,0,39,1,29,7,1,2,20,15,0,0,1,1,0,0,0,0,0,0,0,0
2022,884469,998,Trabzonspor,30398,Vitor Hugo,90,13,D,7.2,False,False,0,1,1,0,0,0,0,32,0,25,0,2,0,9,6,0,0,0,1,1,1,0,0,0,0,0,0
2022,884469,998,Trabzonspor,50057,Eren Elmalı,90,18,D,6.6,False,False,0,1,0,0,0,0,0,39,0,28,2,0,1,5,2,1,0,0,0,1,0,0,0,0,0,0,0
2022,884469,998,Trabzonspor,56114,Manolis Siopis,68,6,M,7.2,False,False,0,0,0,0,0,0,0,33,0,27,2,0,1,12,10,4,4,0,3,1,0,0,0,0,0,0,0
2022,884469,998,Trabzonspor,49860,Edin Višća,81,7,M,6.7,False,False,1,1,1,0,0,0,0,15,3,12,0,0,1,3,0,0,0,0,0,2,0,0,0,0,0,0,0
2022,884469,998,Trabzonspor,49883,Abdülkadir Ömür,77,10,M,6.3,False,False,0,1,0,0,0,0,0,31,0,21,0,0,0,11,3,0,0,0,2,4,0,0,0,0,0,0,0
2022,884469,998,Trabzonspor,607,Anastasios Bakasetas,76,11,M,7.9,False,False,0,0,0,0,0,1,0,51,2,36,8,0,2,16,12,1,1,1,2,1,1,0,0,0,0,0,0
2022,884469,998,Trabzonspor,2664,Mahmoud Trezeguet,90,27,M,7.6,False,False,2,3,2,1,0,0,0,18,1,17,4,0,0,14,7,1,0,0,3,1,1,0,0,0,0,0,0
2022,884469,998,Trabzonspor,2615,Maximiliano Gómez,69,30,F,7.3,False,False,1,3,2,1,0,0,0,10,0,8,0,0,0,11,4,0,0,1,2,3,1,0,0,0,0,0,0
2022,884469,998,Trabzonspor,135934,Muhammet Taha Tepe,0,54,G,,False,True,0,0,0,0,0,0,0,0,0,,0,0,0,0,0,0,0,0,0,0,0,0,0,0,0,0,0
2022,884469,998,Trabzonspor,49876,Hüseyin Türkmen,0,4,D,,False,True,0,0,0,0,0,0,0,0,0,,0,0,0,0,0,0,0,0,0,0,0,0,0,0,0,0,0
2022,884469,998,Trabzonspor,12994,Marek Hamšík,13,17,M,6.3,False,True,0,0,0,0,0,0,0,9,1,7,0,0,0,1,0,0,0,1,0,0,0,0,0,0,0,0,0
2022,884469,998,Trabzonspor,161894,Naci Ünüvar,0,23,F,,False,True,0,0,0,0,0,0,0,0,0,,0,0,0,0,0,0,0,0,0,0,0,0,0,0,0,0,0
2022,884469,998,Trabzonspor,3240,Jean-Philippe Gbamin,22,25,M,6.7,False,True,0,0,0,0,0,0,0,14,0,11,2,0,0,7,3,0,0,0,1,3,0,0,0,0,0,0,0
2022,884469,998,Trabzonspor,47461,Enis Bardhi,14,29,M,7,False,True,0,0,0,0,0,0,0,11,2,11,1,0,0,3,1,0,0,0,0,1,0,0,0,0,0,0,0
2022,884469,998,Trabzonspor,37887,Doğucan Haspolat,0,34,M,,False,True,0,0,0,0,0,0,0,0,0,,0,0,0,0,0,0,0,0,0,0,0,0,0,0,0,0,0
2022,884469,998,Trabzonspor,49888,Yusuf Yazıcı,0,61,M,,False,True,0,0,0,0,0,0,0,0,0,,0,0,0,0,0,0,0,0,0,0,0,0,0,0,0,0,0
2022,884469,998,Trabzonspor,21447,Umut Bozok,21,9,F,6.6,False,True,2,3,1,0,0,0,0,8,1,7,1,0,0,5,2,0,0,0,0,1,0,0,0,0,0,0,0
2022,884469,998,Trabzonspor,44448,Djaniny,9,21,F,7.3,False,True,0,0,0,0,0,1,0,8,2,7,1,0,0,6,3,1,1,0,0,0,0,0,0,0,0,0,0
2022,884469,611,Fenerbahce,50132,Altay Bayındır,90,1,G,7.2,True,False,0,0,0,0,2,0,5,32,0,21,0,0,0,1,1,0,0,0,1,0,0,0,0,0,0,0,0
2022,884469,611,Fenerbahce,1341,Serdar Aziz,70,4,D,6.9,False,False,0,0,0,0,0,0,0,25,0,17,2,1,1,6,4,0,0,1,1,1,0,0,0,0,0,0,0
2022,884469,611,Fenerbahce,9992,Gustavo Henrique,90,2,D,7.2,False,False,0,0,0,0,0,0,0,29,0,22,0,3,3,7,5,0,0,0,1,0,0,0,0,0,0,0,0
2022,884469,611,Fenerbahce,28443,Attila Szalai,90,41,D,6.5,False,False,0,0,0,0,0,0,0,54,0,41,0,0,2,4,2,0,0,1,1,0,0,0,0,0,0,0,0
2022,884469,611,Fenerbahce,19588,Bright Osayi-Samuel,86,21,M,6.3,False,False,0,0,0,0,0,0,0,29,0,24,0,0,3,7,2,0,0,0,1,2,0,0,0,0,0,0,0
2022,884469,611,Fenerbahce,41973,Miguel Crespo,57,27,M,5.3,False,False,0,0,0,0,0,0,0,20,1,14,1,0,1,14,6,1,0,1,3,4,2,1,0,0,0,0,0
2022,884469,611,Fenerbahce,10173,Willian Arão,90,5,M,7.2,False,False,0,1,0,0,0,0,0,49,1,39,3,0,2,17,10,0,0,2,3,3,0,0,0,0,0,0,0
2022,884469,611,Fenerbahce,1361,Ferdi Kadıoğlu,90,7,M,6.3,False,False,0,1,0,0,0,0,0,31,1,22,3,0,2,15,7,5,0,0,3,0,0,0,0,0,0,0,0
2022,884469,611,Fenerbahce,49857,İrfan Can Kahveci,69,17,F,6.7,False,False,1,1,0,0,0,0,0,20,2,11,2,0,0,12,5,3,0,1,1,2,0,0,0,0,0,0,0
2022,884469,611,Fenerbahce,18881,Joshua King,86,15,F,6.7,False,False,0,2,0,0,0,0,0,13,0,9,0,1,0,15,3,0,0,0,1,4,0,0,0,0,0,0,0
2022,884469,611,Fenerbahce,2927,Michy Batshuayi,60,23,F,6,False,False,2,0,0,0,0,0,0,14,0,10,0,0,0,15,3,7,3,0,0,0,1,0,0,0,0,0,0
2022,884469,611,Fenerbahce,62137,İrfan Can Eğribayat,0,70,G,,False,True,0,0,0,0,0,0,0,0,0,,0,0,0,0,0,0,0,0,0,0,1,0,0,0,0,0,0
2022,884469,611,Fenerbahce,210244,Osman Ertuğrul Çetin,0,54,G,,False,True,0,0,0,0,0,0,0,0,0,,0,0,0,0,0,0,0,0,0,0,0,0,0,0,0,0,0
2022,884469,611,Fenerbahce,50097,Mert Hakan Yandaş,16,8,M,6.6,False,True,0,0,0,0,0,0,0,10,0,6,4,0,0,5,4,0,0,0,0,0,1,0,0,0,0,0,0
2022,884469,611,Fenerbahce,10497,Lincoln,30,18,M,6.2,False,True,0,0,0,0,0,0,0,16,0,12,0,0,0,3,2,0,0,0,2,0,0,0,0,0,0,0,0
2022,884469,611,Fenerbahce,1369,Miha Zajc,0,26,M,,False,True,0,0,0,0,0,0,0,0,0,,0,0,0,0,0,0,0,0,0,0,0,0,0,0,0,0,0
2022,884469,611,Fenerbahce,214463,İsmail Yüksek,0,80,M,,False,True,0,0,0,0,0,0,0,0,0,,0,0,0,0,0,0,0,0,0,0,0,0,0,0,0,0,0
2022,884469,611,Fenerbahce,47446,Emre Mor,20,99,M,6,False,True,0,0,0,0,0,0,0,7,0,4,0,0,0,6,2,4,1,0,1,1,0,0,0,0,0,0,0
2022,884469,611,Fenerbahce,51045,Diego Rossi,16,9,F,6.5,False,True,0,0,0,0,0,0,0,2,0,2,0,0,0,1,0,0,0,0,0,0,0,0,0,0,0,0,0
2022,884469,611,Fenerbahce,35533,Enner Valencia,21,13,F,6.5,False,True,0,0,0,0,0,0,0,6,0,5,0,0,0,8,2,0,0,0,1,2,0,0,0,0,0,0,0
2022,884469,611,Fenerbahce,25053,Serdar Dursun,0,19,F,,False,True,0,0,0,0,0,0,0,0,0,,0,0,0,0,0,0,0,0,0,0,0,0,0,0,0,0,0
2022,884640,611,Fenerbahce,62137,İrfan Can Eğribayat,90,70,G,7.3,False,False,0,0,0,0,1,0,4,35,0,25,0,0,0,1,1,0,0,0,0,0,0,0,0,0,0,0,0
2022,884640,611,Fenerbahce,1361,Ferdi Kadıoğlu,90,7,D,7,False,False,0,0,0,0,0,1,0,81,3,71,2,0,0,14,8,0,0,2,5,2,0,0,0,1,0,0,0
2022,884640,611,Fenerbahce,62490,Samet Akaydin,90,3,D,7.3,False,False,0,1,1,0,0,0,0,54,0,49,1,0,1,9,6,0,0,0,0,0,0,0,0,0,0,0,0
2022,884640,611,Fenerbahce,28443,Attila Szalai,90,41,D,6.7,False,False,0,0,0,0,0,0,0,43,0,40,0,0,2,5,3,0,0,1,1,1,0,0,0,0,0,0,0
2022,884640,611,Fenerbahce,71,Luan Peres,90,28,D,7.6,False,False,0,1,1,1,0,0,0,85,0,71,4,0,1,8,6,1,0,1,1,0,0,0,0,0,0,0,0
2022,884640,611,Fenerbahce,291964,Arda Güler,90,10,M,7.9,False,False,0,2,1,0,0,1,0,58,4,42,4,0,1,20,10,5,2,4,4,1,0,0,0,0,0,0,0
2022,884640,611,Fenerbahce,10173,Willian Arão,82,5,M,6.9,False,False,0,0,0,0,0,0,0,37,0,32,3,0,1,9,7,0,0,2,0,0,0,0,0,0,0,0,0
2022,884640,611,Fenerbahce,1369,Miha Zajc,72,26,M,7.3,False,False,0,0,0,0,0,1,0,38,2,34,0,0,1,6,3,4,2,0,0,0,0,0,0,0,0,0,0
2022,884640,611,Fenerbahce,51045,Diego Rossi,89,9,M,6.9,False,False,0,1,0,0,0,0,0,32,2,25,0,0,0,14,8,4,4,1,2,1,0,0,0,0,0,0,0
2022,884640,611,Fenerbahce,35533,Enner Valencia,72,13,F,7.3,False,False,0,3,2,1,0,0,0,15,0,14,1,0,2,11,6,5,5,3,0,1,0,0,0,0,0,0,0
2022,884640,611,Fenerbahce,2927,Michy Batshuayi,83,23,F,7.6,False,False,2,2,2,1,0,0,0,20,1,15,2,0,0,14,10,6,3,0,1,1,0,0,0,0,0,0,0
2022,884640,611,Fenerbahce,214463,İsmail Yüksek,18,80,M,6.7,False,True,0,0,0,0,0,0,0,18,0,15,0,0,1,0,0,0,0,0,0,0,0,0,0,0,0,0,0
2022,884640,611,Fenerbahce,18881,Joshua King,18,15,F,6.7,False,True,0,1,0,0,0,0,0,7,0,6,0,0,0,3,2,0,0,1,0,1,0,0,0,0,0,0,0
2022,884640,611,Fenerbahce,41973,Miguel Crespo,8,27,M,6.5,False,True,0,0,0,0,0,0,0,7,0,6,0,0,0,1,0,0,0,0,0,1,0,0,0,0,0,0,0
2022,884640,611,Fenerbahce,47446,Emre Mor,14,99,M,6.2,False,True,0,1,1,0,0,0,0,1,0,1,0,0,0,4,0,0,0,2,0,1,0,0,0,0,0,0,0
2022,884640,611,Fenerbahce,50097,Mert Hakan Yandaş,1,8,M,,False,True,0,0,0,0,0,0,0,1,0,1,0,0,0,1,0,0,0,0,0,0,0,0,0,0,0,0,0
2022,884640,611,Fenerbahce,210244,Osman Ertuğrul Çetin,0,54,G,,False,True,0,0,0,0,0,0,0,0,0,,0,0,0,0,0,0,0,0,0,0,0,0,0,0,0,0,0
2022,884640,611,Fenerbahce,272721,Jayden Oosterwolde,0,24,D,,False,True,0,0,0,0,0,0,0,0,0,,0,0,0,0,0,0,0,0,0,0,0,0,0,0,0,0,0
2022,884640,611,Fenerbahce,9992,Gustavo Henrique,0,2,D,,False,True,0,0,0,0,0,0,0,0,0,,0,0,0,0,0,0,0,0,0,0,0,0,0,0,0,0,0
2022,884640,611,Fenerbahce,30562,João Pedro,0,20,F,,False,True,0,0,0,0,0,0,0,0,0,,0,0,0,0,0,0,0,0,0,0,0,0,0,0,0,0,0
2022,884640,611,Fenerbahce,25053,Serdar Dursun,0,19,F,,False,True,0,0,0,0,0,0,0,0,0,,0,0,0,0,0,0,0,0,0,0,0,0,0,0,0,0,0
2022,884640,998,Trabzonspor,49866,Uğurcan Çakır,90,1,G,7,False,False,0,0,0,0,3,0,5,27,0,13,0,0,0,0,0,0,0,0,0,0,0,0,0,0,0,0,0
2022,884640,998,Trabzonspor,1561,Marc Bartra,90,3,D,6.7,False,False,0,0,0,0,0,0,0,45,1,35,2,0,2,13,8,2,2,2,1,0,0,0,0,0,0,0,0
2022,884640,998,Trabzonspor,49876,Hüseyin Türkmen,90,4,D,6.9,False,False,0,0,0,0,0,0,0,42,0,36,1,1,1,11,7,1,1,0,2,1,1,0,0,0,0,0,0
2022,884640,998,Trabzonspor,50057,Eren Elmalı,90,18,D,6.3,False,False,0,0,0,0,0,0,0,44,0,34,2,0,2,12,7,5,3,0,1,1,1,0,0,0,0,0,0
2022,884640,998,Trabzonspor,49860,Edin Višća,72,7,M,6.9,False,False,0,0,0,0,0,0,0,32,1,23,2,0,1,11,6,6,4,1,0,1,0,0,0,0,0,0,0
2022,884640,998,Trabzonspor,12994,Marek Hamšík,62,17,M,6.5,False,False,0,1,0,0,0,0,0,51,0,44,0,0,1,5,0,0,0,2,0,1,0,0,0,0,0,0,0
2022,884640,998,Trabzonspor,37887,Doğucan Haspolat,62,34,M,6.5,False,False,0,0,0,0,0,0,0,35,0,31,1,0,0,11,4,3,2,2,1,1,0,0,0,0,0,0,0
2022,884640,998,Trabzonspor,56114,Manolis Siopis,90,6,M,6.3,False,False,0,0,0,0,0,0,0,33,1,26,1,0,0,12,5,3,2,4,1,1,0,0,0,0,0,0,0
2022,884640,998,Trabzonspor,2733,Jens Stryger Larsen,90,19,M,6.2,False,False,0,1,0,0,0,0,0,42,1,36,0,1,0,8,2,0,0,2,0,2,0,0,0,0,0,0,0
2022,884640,998,Trabzonspor,21447,Umut Bozok,62,9,F,6.5,False,False,2,0,0,0,0,0,0,9,0,6,1,0,0,9,2,0,0,1,0,2,0,0,0,0,0,0,0
2022,884640,998,Trabzonspor,49883,Abdülkadir Ömür,62,10,F,6.3,False,False,0,0,0,0,0,0,0,19,0,15,1,0,1,6,2,0,0,1,1,0,0,0,0,0,0,0,0
2022,884640,998,Trabzonspor,47461,Enis Bardhi,28,29,M,6.3,False,True,0,0,0,0,0,0,0,16,0,13,0,0,0,5,1,1,1,1,0,3,0,0,0,0,0,0,0
2022,884640,998,Trabzonspor,3240,Jean-Philippe Gbamin,28,25,M,6.5,False,True,0,1,1,0,0,0,0,8,0,8,0,0,0,2,0,0,0,0,0,0,0,0,0,0,0,0,0
2022,884640,998,Trabzonspor,2664,Mahmoud Trézéguet,28,27,M,7.7,False,True,0,3,3,1,0,0,0,9,1,5,1,0,0,8,4,5,2,0,1,0,0,0,1,0,1,0,0
2022,884640,998,Trabzonspor,2615,Maximiliano Gómez,28,30,F,6.3,False,True,0,1,1,0,0,0,0,5,0,4,0,0,0,3,0,0,0,0,0,0,0,0,0,0,0,0,0
2022,884640,998,Trabzonspor,338815,Arif Boşluk,18,72,D,6.6,False,True,0,1,0,0,0,0,0,8,0,5,2,0,0,4,2,0,0,0,0,1,0,0,0,0,0,0,0
2022,884640,998,Trabzonspor,135934,Muhammet Taha Tepe,0,54,G,,False,True,0,0,0,0,0,0,0,0,0,,0,0,0,0,0,0,0,0,0,0,0,0,0,0,0,0,0
2022,884640,998,Trabzonspor,301272,Taha Altıkardeş,0,22,D,,False,True,0,0,0,0,0,0,0,0,0,,0,0,0,0,0,0,0,0,0,0,0,0,0,0,0,0,0
2022,884640,998,Trabzonspor,119749,Serkan Asan,0,99,D,,False,True,0,0,0,0,0,0,0,0,0,,0,0,0,0,0,0,0,0,0,0,0,0,0,0,0,0,0
2022,884640,998,Trabzonspor,19028,Lazar Marković,0,50,M,,False,True,0,0,0,0,0,0,0,0,0,,0,0,0,0,0,0,0,0,0,0,0,0,0,0,0,0,0
2022,884640,998,Trabzonspor,182463,Mountassir Lahtimi,0,80,M,,False,True,0,0,0,0,0,0,0,0,0,,0,0,0,0,0,0,0,0,0,0,0,0,0,0,0,0,0
2022,884418,611,Fenerbahce,50132,Altay Bayındır,90,1,G,5,True,False,0,0,0,0,4,0,0,29,0,17,0,0,0,1,0,0,0,0,0,1,0,0,0,1,0,0,0
2022,884418,611,Fenerbahce,19588,Bright Osayi-Samuel,90,21,D,6.2,False,False,0,0,0,0,0,0,0,36,0,34,2,0,0,6,4,1,0,0,1,1,0,0,0,0,0,0,0
2022,884418,611,Fenerbahce,9992,Gustavo Henrique,90,2,D,6.2,False,False,0,1,1,0,0,0,0,49,0,40,0,0,1,8,3,0,0,0,0,3,0,0,0,0,0,0,0
2022,884418,611,Fenerbahce,28443,Attila Szalai,90,41,D,6.7,False,False,0,0,0,0,0,1,0,52,1,39,1,0,2,4,2,0,0,1,0,1,0,0,0,0,0,0,0
2022,884418,611,Fenerbahce,10497,Lincoln,76,18,D,6.2,False,False,0,0,0,0,0,1,0,27,1,24,0,0,1,6,3,2,1,1,2,0,0,0,0,0,0,0,0
2022,884418,611,Fenerbahce,214463,İsmail Yüksek,90,80,M,7.3,False,False,0,1,1,0,0,1,0,43,1,34,1,0,2,8,7,1,1,1,2,0,0,0,0,0,0,0,0
2022,884418,611,Fenerbahce,47446,Emre Mor,76,99,M,6.2,False,False,0,0,0,0,0,0,0,17,0,14,2,0,1,10,4,4,1,1,0,0,0,0,0,0,0,0,0
2022,884418,611,Fenerbahce,41973,Miguel Crespo,90,27,M,6.7,False,False,0,1,1,1,0,0,0,48,0,40,2,0,1,15,7,3,1,0,4,4,1,0,0,0,0,0,0
2022,884418,611,Fenerbahce,49857,İrfan Can Kahveci,88,17,M,7.3,False,False,0,2,1,0,0,0,0,30,3,24,3,0,0,10,6,0,0,1,1,1,0,0,0,0,0,0,0
2022,884418,611,Fenerbahce,30562,João Pedro,88,20,F,6.7,False,False,0,0,0,0,0,0,0,15,1,10,1,0,0,5,3,0,0,0,1,0,0,0,0,0,0,0,0
2022,884418,611,Fenerbahce,35533,Enner Valencia,89,13,F,8.3,False,False,1,4,3,3,0,0,0,29,1,18,1,0,0,16,9,6,2,0,2,3,0,0,0,0,2,0,0
2022,884418,611,Fenerbahce,368141,Furkan Onur Akyüz,0,97,G,,False,True,0,0,0,0,0,0,0,0,0,,0,0,0,0,0,0,0,0,0,0,0,0,0,0,0,0,0
2022,884418,611,Fenerbahce,210244,Osman Ertuğrul Çetin,0,54,G,,False,True,0,0,0,0,0,0,0,0,0,,0,0,0,0,0,0,0,0,0,0,0,0,0,0,0,0,0
2022,884418,611,Fenerbahce,19133,Ezgjan Alioski,14,6,D,6.7,False,True,0,0,0,0,0,0,0,9,0,8,1,0,0,1,1,0,0,0,0,0,0,0,0,0,0,0,0
2022,884418,611,Fenerbahce,1341,Serdar Aziz,1,4,D,,False,True,0,0,0,0,0,0,0,0,0,,0,0,0,0,0,0,0,0,0,0,0,0,0,0,0,0,0
2022,884418,611,Fenerbahce,1369,Miha Zajc,0,26,M,,False,True,0,0,0,0,0,0,0,0,0,,0,0,0,0,0,0,0,0,0,0,0,0,0,0,0,0,0
2022,884418,611,Fenerbahce,51045,Diego Rossi,14,9,F,6.6,False,True,0,1,1,0,0,0,0,9,0,8,0,0,0,3,1,1,1,0,0,1,0,0,0,0,0,0,0
2022,884418,611,Fenerbahce,291964,Arda Güler,0,10,M,,False,True,0,0,0,0,0,0,0,0,0,,0,0,0,0,0,0,0,0,0,0,0,0,0,0,0,0,0
2022,884418,611,Fenerbahce,25053,Serdar Dursun,13,19,F,6.5,False,True,0,0,0,0,0,0,0,3,0,,0,0,0,4,1,0,0,0,0,1,0,0,0,0,0,0,0
2022,884418,611,Fenerbahce,2927,Michy Batshuayi,13,23,F,7.5,False,True,0,1,1,1,0,0,0,3,1,1,0,0,0,1,0,0,0,0,0,1,0,0,0,0,0,0,0
2022,884418,3589,Fatih Karagümrük,30852,Emiliano Viviano,90,2,G,6,True,False,0,0,0,0,5,0,4,27,0,14,0,0,0,2,2,0,0,0,0,0,0,0,0,0,0,0,0
2022,884418,3589,Fatih Karagümrük,49960,Salih Dursun,73,54,D,6.2,False,False,0,0,0,0,0,0,0,19,0,14,2,0,1,7,2,1,0,0,0,3,1,0,0,0,0,0,0
2022,884418,3589,Fatih Karagümrük,30769,Davide Biraschi,90,4,D,6.2,False,False,0,0,0,0,0,0,0,32,0,22,3,2,0,9,6,1,0,0,2,1,0,0,0,0,0,0,0
2022,884418,3589,Fatih Karagümrük,36969,Ibrahim Drešević,90,5,D,6.5,False,False,0,0,0,0,0,0,0,30,0,27,2,2,0,6,4,0,0,0,0,0,0,0,0,0,0,0,0
2022,884418,3589,Fatih Karagümrük,1978,Caner Erkin,90,88,D,5.7,False,False,1,0,0,0,0,0,0,44,1,30,0,0,0,0,0,0,0,0,0,2,0,0,0,1,0,0,0
2022,884418,3589,Fatih Karagümrük,2857,Jimmy Durmaz,90,21,M,6.5,False,False,0,0,0,0,0,0,0,33,0,25,2,0,1,10,5,4,2,1,1,0,0,0,0,0,0,0,0
2022,884418,3589,Fatih Karagümrük,1217,Magomed Ozdoev,52,27,M,6.6,False,False,0,0,0,0,0,0,0,24,0,22,5,0,0,9,6,0,0,3,0,0,0,0,0,0,0,0,0
2022,884418,3589,Fatih Karagümrük,50272,Otabek Shukurov,82,29,M,6,False,False,0,0,0,0,0,0,0,30,0,20,3,0,0,14,5,0,0,1,2,2,1,0,0,0,0,0,0
2022,884418,3589,Fatih Karagümrük,140847,Ebrima Colley,72,19,F,7,False,False,0,0,0,0,0,1,0,16,1,12,0,0,1,4,1,1,1,1,0,1,0,0,0,0,0,0,0
2022,884418,3589,Fatih Karagümrük,1648,Fabio Borini,90,16,F,9.2,False,False,2,3,2,2,0,1,0,24,1,19,1,0,0,15,7,0,0,0,5,4,1,0,1,0,1,0,0
2022,884418,3589,Fatih Karagümrük,13065,Jean Evrard Kouassi,90,70,F,7.2,False,False,1,1,1,1,0,0,0,17,0,14,0,0,1,8,3,3,2,0,1,1,0,0,0,0,0,0,0
2022,884418,3589,Fatih Karagümrük,430,Batuhan Ahmet Şen,0,1,G,,False,True,0,0,0,0,0,0,0,0,0,,0,0,0,0,0,0,0,0,0,0,0,0,0,0,0,0,0
2022,884418,3589,Fatih Karagümrük,62045,Burak Bekaroğlu,0,86,D,,False,True,0,0,0,0,0,0,0,0,0,,0,0,0,0,0,0,0,0,0,0,0,0,0,0,0,0,0
2022,884418,3589,Fatih Karagümrük,49931,Steven Caulker,18,44,D,6.2,False,True,0,0,0,0,0,0,0,9,0,6,0,0,0,4,1,0,0,0,1,0,0,0,0,0,0,0,0
2022,884418,3589,Fatih Karagümrük,364377,Emir Tintis,0,3,D,,False,True,0,0,0,0,0,0,0,0,0,,0,0,0,0,0,0,0,0,0,0,0,0,0,0,0,0,0
2022,884418,3589,Fatih Karagümrük,83023,Kerim Frei,0,11,M,,False,True,0,0,0,0,0,0,0,0,0,,0,0,0,0,0,0,0,0,0,0,0,0,0,0,0,0,0
2022,884418,3589,Fatih Karagümrük,294547,Anwan Lawrence,38,24,M,6.5,False,True,0,0,0,0,0,0,0,13,0,10,2,0,1,6,5,0,0,1,0,1,1,0,0,1,0,0,0
2022,884418,3589,Fatih Karagümrük,127609,Münir Levent Mercan,0,18,M,,False,True,0,0,0,0,0,0,0,0,0,,0,0,0,0,0,0,0,0,0,0,0,0,0,0,0,0,0
2022,884418,3589,Fatih Karagümrük,126849,Adnan Ugur,0,77,M,,False,True,0,0,0,0,0,0,0,0,0,,0,0,0,0,0,0,0,0,0,0,0,0,0,0,0,0,0
2022,884418,3589,Fatih Karagümrük,458,Mbaye Diagne,8,9,F,6.7,False,True,0,1,0,0,0,0,0,2,0,2,0,0,0,1,0,0,0,0,0,0,0,0,0,0,0,0,0
2022,884418,3589,Fatih Karagümrük,50221,Burak Kapacak,17,22,M,7.2,False,True,0,1,1,1,0,0,0,4,1,3,0,0,1,3,0,1,0,0,0,1,0,0,0,0,0,0,0
2022,884607,564,Istanbul Basaksehir,50218,Muhammed Şengezer,90,16,G,6.7,False,False,0,0,0,0,2,0,3,45,0,29,0,0,1,0,0,0,0,0,0,0,1,0,0,0,0,0,0
2022,884607,564,Istanbul Basaksehir,50018,Ömer Ali Şahiner,90,42,D,6.2,False,False,0,0,0,0,0,0,0,38,0,27,3,0,0,15,8,2,2,2,1,3,2,1,0,0,0,0,0
2022,884607,564,Istanbul Basaksehir,10160,Léo Duarte,90,5,D,6.9,False,False,0,0,0,0,0,0,0,31,0,24,4,0,1,15,11,4,3,1,0,0,0,0,0,0,0,0,0
2022,884607,564,Istanbul Basaksehir,8777,Ahmed Touba,70,59,D,6.3,False,False,0,0,0,0,0,0,0,28,1,23,0,0,3,4,1,0,0,0,0,2,2,1,0,0,0,0,0
2022,884607,564,Istanbul Basaksehir,21082,Lucas Lima,90,60,D,6.5,False,False,0,0,0,0,0,0,0,27,0,14,2,1,0,8,5,0,0,1,0,1,0,0,0,0,0,0,0
2022,884607,564,Istanbul Basaksehir,1637,Lucas Biglia,90,20,M,6.3,False,False,0,0,0,0,0,0,0,27,0,24,4,0,0,16,6,1,1,5,0,4,1,0,0,0,0,0,0
2022,884607,564,Istanbul Basaksehir,49858,Mahmut Tekdemir,90,21,M,6.3,True,False,0,0,0,0,0,0,0,27,0,15,1,3,0,4,1,0,0,1,0,1,1,0,0,0,0,0,0
2022,884607,564,Istanbul Basaksehir,50126,Deniz Türüç,85,23,M,6.3,False,False,0,2,2,0,0,0,0,26,0,17,0,0,0,16,6,2,1,2,0,2,0,0,0,0,0,0,0
2022,884607,564,Istanbul Basaksehir,49919,Danijel Aleksić,85,8,M,6.9,False,False,2,1,1,1,0,0,0,18,1,14,0,2,0,11,1,2,1,5,0,0,1,0,0,0,0,0,0
2022,884607,564,Istanbul Basaksehir,40540,Patryk Szysz,90,18,M,5.9,False,False,1,0,0,0,0,0,0,20,1,15,1,0,0,18,6,5,2,6,0,1,1,0,0,0,0,0,0
2022,884607,564,Istanbul Basaksehir,69942,João Figueiredo,80,25,F,6.2,False,False,0,1,0,0,0,0,0,12,0,9,0,0,0,19,4,2,1,2,2,4,0,0,0,0,0,0,0
2022,884607,564,Istanbul Basaksehir,2924,Adnan Januzaj,10,11,M,6.2,False,True,0,1,0,0,0,0,0,5,1,4,1,0,0,5,2,1,0,1,1,0,0,0,0,0,0,0,0
2022,884607,564,Istanbul Basaksehir,24885,Berkay Özcan,13,19,M,6.2,False,True,0,0,0,0,0,0,0,3,0,3,0,0,0,1,0,0,0,0,0,0,0,0,0,0,0,0,0
2022,884607,564,Istanbul Basaksehir,21270,Philippe Keny,13,17,F,6.3,False,True,0,0,0,0,0,0,0,1,0,1,1,0,0,4,1,2,0,0,0,0,0,0,0,0,0,0,0
2022,884607,564,Istanbul Basaksehir,49835,Volkan Babacan,0,1,G,,False,True,0,0,0,0,0,0,0,0,0,,0,0,0,0,0,0,0,0,0,0,0,0,0,0,0,0,0
2022,884607,564,Istanbul Basaksehir,21085,Edgar Ié,0,51,D,,False,True,0,0,0,0,0,0,0,0,0,,0,0,0,0,0,0,0,0,0,0,0,0,0,0,0,0,0
2022,884607,564,Istanbul Basaksehir,1349,Şener Özbayraklı,0,2,D,,False,True,0,0,0,0,0,0,0,0,0,,0,0,0,0,0,0,0,0,0,0,0,0,0,0,0,0,0
2022,884607,564,Istanbul Basaksehir,33573,Shaocong Wu,0,4,D,,False,True,0,0,0,0,0,0,0,0,0,,0,0,0,0,0,0,0,0,0,0,0,0,0,0,0,0,0
2022,884607,564,Istanbul Basaksehir,1978,Caner Erkin,0,88,D,,False,True,0,0,0,0,0,0,0,0,0,,0,0,0,0,0,0,0,0,0,0,0,0,0,0,0,0,0
2022,884607,564,Istanbul Basaksehir,365255,Berkay Aydogmus,0,80,M,,False,True,0,0,0,0,0,0,0,0,0,,0,0,0,0,0,0,0,0,0,0,0,0,0,0,0,0,0
2022,884607,564,Istanbul Basaksehir,180230,Muhammet Arslantaş,0,34,F,,False,True,0,0,0,0,0,0,0,0,0,,0,0,0,0,0,0,0,0,0,0,0,0,0,0,0,0,0
2022,884607,611,Fenerbahce,62137,İrfan Can Eğribayat,90,70,G,6.6,False,False,0,0,0,0,1,0,2,26,0,18,0,0,0,0,0,0,0,0,0,0,0,0,0,0,0,0,0
2022,884607,611,Fenerbahce,1361,Ferdi Kadıoğlu,90,7,D,7.3,False,False,0,0,0,0,0,0,0,72,1,66,2,0,0,16,10,6,5,2,2,0,0,0,0,0,0,0,0
2022,884607,611,Fenerbahce,62490,Samet Akaydin,90,3,D,7.2,False,False,0,2,0,0,0,0,0,88,0,80,4,1,0,14,13,0,0,0,2,1,0,0,0,0,0,0,0
2022,884607,611,Fenerbahce,28443,Attila Szalai,90,41,D,7.2,False,False,0,0,0,0,0,0,0,79,0,71,1,0,4,6,4,0,0,0,0,1,0,0,0,0,0,0,0
2022,884607,611,Fenerbahce,272721,Jayden Oosterwolde,45,24,D,6,False,False,0,0,0,0,0,0,0,28,0,21,1,0,1,6,1,1,0,2,0,0,0,0,0,0,0,0,0
2022,884607,611,Fenerbahce,10173,Willian Arão,82,5,M,6.9,False,False,0,0,0,0,0,0,0,58,0,47,2,0,1,5,4,1,1,0,0,0,0,0,0,0,0,0,0
2022,884607,611,Fenerbahce,49857,İrfan Can Kahveci,90,17,M,7.3,False,False,1,2,1,0,0,0,0,59,2,48,1,0,1,17,12,3,3,2,3,1,0,0,0,0,0,0,0
2022,884607,611,Fenerbahce,41973,Miguel Crespo,63,27,M,6.9,False,False,0,0,0,0,0,0,0,34,0,30,3,0,0,8,5,1,1,2,1,1,0,0,0,0,0,0,0
2022,884607,611,Fenerbahce,51045,Diego Rossi,45,9,M,6.3,False,False,0,1,0,0,0,0,0,14,0,11,0,0,0,6,3,4,2,0,0,0,0,0,0,0,0,0,0
2022,884607,611,Fenerbahce,291964,Arda Güler,45,10,F,7,False,False,0,1,0,0,0,0,0,23,2,20,0,0,0,6,3,3,2,0,1,0,0,0,0,0,0,0,0
2022,884607,611,Fenerbahce,35533,Enner Valencia,90,13,F,6.9,True,False,1,1,0,0,0,0,0,24,2,15,2,0,0,22,11,5,4,3,3,1,0,0,0,0,0,0,0
2022,884607,611,Fenerbahce,19133,Ezgjan Alioski,45,6,D,7.3,False,True,0,0,0,0,0,0,0,23,3,22,1,0,1,11,6,0,0,0,3,0,0,0,0,0,0,0,0
2022,884607,611,Fenerbahce,47446,Emre Mor,45,99,M,7.3,False,True,0,2,0,0,0,0,0,29,3,24,1,0,0,11,8,8,6,0,1,0,0,0,0,0,0,0,0
2022,884607,611,Fenerbahce,30562,João Pedro,45,20,F,8.6,False,True,0,5,4,2,0,0,0,6,0,6,0,0,1,3,0,0,0,0,0,1,0,0,0,0,0,0,0
2022,884607,611,Fenerbahce,50097,Mert Hakan Yandaş,27,8,M,7,False,True,0,0,0,0,0,0,0,35,1,28,0,0,0,3,3,2,2,0,1,0,0,0,0,0,0,0,0
2022,884607,611,Fenerbahce,25053,Serdar Dursun,8,19,F,7.3,False,True,0,0,0,0,0,1,0,4,1,3,0,0,0,2,1,0,0,0,1,0,0,0,0,0,0,0,0
2022,884607,611,Fenerbahce,210244,Osman Ertuğrul Çetin,0,54,G,,False,True,0,0,0,0,0,0,0,0,0,,0,0,0,0,0,0,0,0,0,0,0,0,0,0,0,0,0
2022,884607,611,Fenerbahce,49964,Nazım Sangaré,0,30,D,,False,True,0,0,0,0,0,0,0,0,0,,0,0,0,0,0,0,0,0,0,0,0,0,0,0,0,0,0
2022,884607,611,Fenerbahce,1341,Serdar Aziz,0,4,D,,False,True,0,0,0,0,0,0,0,0,0,,0,0,0,0,0,0,0,0,0,0,0,0,0,0,0,0,0
2022,884607,611,Fenerbahce,214463,İsmail Yüksek,0,80,M,,False,True,0,0,0,0,0,0,0,0,0,,0,0,0,0,0,0,0,0,0,0,0,0,0,0,0,0,0
2022,884655,611,Fenerbahce,62137,İrfan Can Eğribayat,90,70,G,7.2,False,False,0,0,0,0,0,0,3,20,0,14,0,0,0,1,0,0,0,1,0,0,0,0,0,0,0,0,0
2022,884655,611,Fenerbahce,1361,Ferdi Kadıoğlu,90,7,D,7.3,False,False,0,0,0,0,0,1,0,69,1,61,1,0,0,8,6,3,3,1,2,0,0,0,0,0,0,0,0
2022,884655,611,Fenerbahce,62490,Samet Akaydin,90,3,D,7.6,False,False,0,0,0,0,0,0,0,73,0,66,3,1,1,11,8,0,0,1,0,1,0,0,0,0,0,0,0
2022,884655,611,Fenerbahce,28443,Attila Szalai,90,41,D,7.6,False,False,0,1,1,0,0,0,0,48,1,43,0,0,1,5,3,1,1,0,0,1,0,0,0,0,0,0,0
2022,884655,611,Fenerbahce,71,Luan Peres,90,28,D,7.2,False,False,0,0,0,0,0,0,0,44,0,36,3,0,3,7,4,1,0,1,1,2,0,0,0,0,0,0,0
2022,884655,611,Fenerbahce,10173,Willian Arão,89,5,M,7.2,False,False,0,1,1,0,0,0,0,52,0,47,1,0,1,10,5,3,3,0,0,2,0,0,0,0,0,0,0
2022,884655,611,Fenerbahce,291964,Arda Güler,86,10,M,8.9,False,False,1,1,0,0,0,1,0,54,7,47,4,0,0,15,8,5,2,2,1,1,0,0,0,0,0,0,0
2022,884655,611,Fenerbahce,1369,Miha Zajc,90,26,M,7.9,False,False,0,3,2,1,0,0,0,59,1,55,0,0,1,5,5,4,4,0,1,0,0,0,0,0,0,0,0
2022,884655,611,Fenerbahce,49857,İrfan Can Kahveci,87,17,M,7.2,False,False,0,1,1,0,0,0,0,29,2,24,1,0,1,13,7,7,4,0,2,2,1,0,0,0,0,0,0
2022,884655,611,Fenerbahce,35533,Enner Valencia,68,13,F,7.2,True,False,0,3,2,1,0,0,0,20,0,14,2,0,0,16,9,5,3,0,1,1,0,0,0,0,0,0,0
2022,884655,611,Fenerbahce,2927,Michy Batshuayi,68,23,F,6.6,False,False,0,1,1,0,0,0,0,21,0,16,0,0,0,9,4,4,3,0,1,2,0,0,0,0,0,0,0
2022,884655,611,Fenerbahce,18881,Joshua King,22,15,F,6.3,False,True,0,1,0,0,0,0,0,7,0,5,0,0,0,3,1,2,1,0,0,0,0,0,0,0,0,0,0
2022,884655,611,Fenerbahce,30562,João Pedro,22,20,F,6.7,False,True,1,1,0,0,0,0,0,2,0,2,0,0,0,1,0,0,0,0,0,1,0,0,0,0,0,0,0
2022,884655,611,Fenerbahce,51045,Diego Rossi,10,9,F,6.7,False,True,1,0,0,0,0,0,0,3,0,2,0,0,0,1,1,1,1,0,0,0,0,0,0,0,0,0,0
2022,884655,611,Fenerbahce,47446,Emre Mor,9,99,M,6.6,False,True,0,0,0,0,0,0,0,4,1,2,0,0,0,3,1,0,0,0,1,0,0,0,0,0,0,0,0
2022,884655,611,Fenerbahce,214463,İsmail Yüksek,1,80,M,,False,True,0,0,0,0,0,0,0,2,0,2,0,0,0,0,0,0,0,0,0,0,0,0,0,0,0,0,0
2022,884655,611,Fenerbahce,210244,Osman Ertuğrul Çetin,0,54,G,,False,True,0,0,0,0,0,0,0,0,0,,0,0,0,0,0,0,0,0,0,0,0,0,0,0,0,0,0
2022,884655,611,Fenerbahce,1341,Serdar Aziz,0,4,D,,False,True,0,0,0,0,0,0,0,0,0,,0,0,0,0,0,0,0,0,0,0,0,0,0,0,0,0,0
2022,884655,611,Fenerbahce,272721,Jayden Oosterwolde,0,24,D,,False,True,0,0,0,0,0,0,0,0,0,,0,0,0,0,0,0,0,0,0,0,0,0,0,0,0,0,0
2022,884655,611,Fenerbahce,41973,Miguel Crespo,0,27,M,,False,True,0,0,0,0,0,0,0,0,0,,0,0,0,0,0,0,0,0,0,0,0,0,0,0,0,0,0
2022,884655,611,Fenerbahce,50097,Mert Hakan Yandaş,0,8,M,,False,True,0,0,0,0,0,0,0,0,0,,0,0,0,0,0,0,0,0,0,0,0,0,0,0,0,0,0
2022,884655,1005,Antalyaspor,41293,Helton Leite,90,90,G,7.6,False,False,0,0,0,0,2,0,6,28,1,21,0,0,0,2,2,0,0,0,1,0,0,0,0,0,0,0,0
2022,884655,1005,Antalyaspor,49969,Bünyamin Balcı,90,7,D,5.6,False,False,0,0,0,0,0,0,0,31,0,21,1,0,0,9,3,0,0,3,1,0,1,0,0,0,0,0,0
2022,884655,1005,Antalyaspor,50061,Veysel Sarı,90,89,D,6.7,True,False,0,0,0,0,0,0,0,27,0,20,2,0,1,7,5,0,0,0,1,2,1,0,0,0,0,0,0
2022,884655,1005,Antalyaspor,1964,Erdal Rakip,54,6,D,6.5,False,False,0,0,0,0,0,0,0,16,0,13,1,0,0,5,3,1,0,0,0,1,1,0,0,0,0,0,0
2022,884655,1005,Antalyaspor,128928,Emrecan Uzunhan,90,5,D,6.3,False,False,0,0,0,0,0,0,0,40,0,34,3,0,1,11,7,2,1,2,1,0,0,0,0,0,0,0,0
2022,884655,1005,Antalyaspor,2151,Güray Vural,90,11,D,5.9,False,False,0,0,0,0,0,0,0,30,0,23,2,0,1,11,3,2,0,3,1,0,0,0,0,0,0,0,0
2022,884655,1005,Antalyaspor,49979,Doğukan Sinik,54,70,M,6.3,False,False,1,0,0,0,0,0,0,9,0,4,0,0,1,7,4,1,1,0,2,2,0,0,0,0,0,0,0
2022,884655,1005,Antalyaspor,1787,Fernando,90,8,M,6.7,False,False,0,1,1,0,0,0,0,48,1,40,2,1,0,11,3,0,0,6,0,2,0,0,0,0,0,0,0
2022,884655,1005,Antalyaspor,49986,Fredy,84,16,M,6.7,False,False,0,1,0,0,0,0,0,31,0,25,0,0,1,8,3,3,2,0,1,2,0,0,0,0,0,0,0
2022,884655,1005,Antalyaspor,2865,Sam Larsson,66,20,M,6.5,False,False,0,1,1,0,0,0,0,16,1,11,1,0,1,11,3,1,1,6,0,1,0,0,0,0,0,0,0
2022,884655,1005,Antalyaspor,427,Haji Wright,90,9,F,6.7,False,False,2,2,1,0,0,0,0,12,1,5,0,1,0,20,8,4,1,2,3,0,0,0,0,0,0,0,0
2022,884655,1005,Antalyaspor,2603,Shoya Nakajima,36,22,M,6.3,False,True,0,0,0,0,0,0,0,10,1,9,0,0,0,0,0,0,0,0,0,0,0,0,0,0,0,0,0
2022,884655,1005,Antalyaspor,4503,Houssameddine Ghacha,36,27,F,6.6,False,True,0,2,0,0,0,0,0,11,0,10,1,0,0,5,2,0,0,2,1,0,0,0,0,0,0,0,0
2022,884655,1005,Antalyaspor,194880,Alassane Ndao,24,18,M,6.2,False,True,1,0,0,0,0,0,0,14,0,13,0,0,0,1,0,0,0,1,0,0,0,0,0,0,0,0,0
2022,884655,1005,Antalyaspor,68483,Bertuğ Yıldırım,12,17,F,6.5,False,True,2,0,0,0,0,0,0,0,0,,0,0,0,0,0,0,0,0,0,0,0,0,0,0,0,0,0
2022,884655,1005,Antalyaspor,50216,Ataberk Dadakdeniz,0,35,G,,False,True,0,0,0,0,0,0,0,0,0,,0,0,0,0,0,0,0,0,0,0,0,0,0,0,0,0,0
2022,884655,1005,Antalyaspor,382221,Amar Gerxhaliu,0,4,D,,False,True,0,0,0,0,0,0,0,0,0,,0,0,0,0,0,0,0,0,0,0,0,0,0,0,0,0,0
2022,884655,1005,Antalyaspor,62195,Cemali Sertel,0,3,D,,False,True,0,0,0,0,0,0,0,0,0,,0,0,0,0,0,0,0,0,0,0,0,0,0,0,0,0,0
2022,884655,1005,Antalyaspor,36970,Sherel Floranus,0,2,D,,False,True,0,0,0,0,0,0,0,0,0,,0,0,0,0,0,0,0,0,0,0,0,0,0,0,0,0,0
2022,884655,1005,Antalyaspor,2621,Fedor Kudryashov,0,13,D,,False,True,0,0,0,0,0,0,0,0,0,,0,0,0,0,0,0,0,0,0,0,0,0,0,0,0,0,0
2022,884655,1005,Antalyaspor,62417,Ufuk Akyol,0,19,M,,False,True,0,0,0,0,0,0,0,0,0,,0,0,0,0,0,0,0,0,0,0,0,0,0,0,0,0,0
2022,884518,3577,Ümraniyespor,152278,Orkun Ozdemir,90,13,G,7,False,False,0,0,0,0,2,0,6,30,0,7,0,0,0,4,2,0,0,2,1,0,1,0,0,0,0,0,0
2022,884518,3577,Ümraniyespor,50060,Strahil Popov,90,90,D,6.9,False,False,0,0,0,0,0,0,0,37,0,25,4,1,0,9,7,1,0,0,1,1,0,0,0,0,0,0,0
2022,884518,3577,Ümraniyespor,111324,Allyson Aires Dos Santos,44,33,D,6.7,False,False,0,0,0,0,0,0,0,6,0,5,1,0,0,2,1,0,0,1,0,0,0,0,0,0,0,0,0
2022,884518,3577,Ümraniyespor,62212,Tomislav Glumac,90,44,D,6.6,True,False,0,0,0,0,0,0,0,25,1,14,1,3,4,16,7,0,0,3,0,2,0,0,0,0,0,0,0
2022,884518,3577,Ümraniyespor,50232,Onur Atasayar,90,16,D,6.3,False,False,1,0,0,0,0,0,0,21,2,13,3,0,2,13,5,1,0,1,1,0,2,1,0,0,0,0,0
2022,884518,3577,Ümraniyespor,62958,Oğuz Gürbulak,85,20,M,6.3,False,False,0,1,0,0,0,0,0,35,1,25,2,0,2,10,2,0,0,2,0,5,0,0,0,0,0,0,0
2022,884518,3577,Ümraniyespor,3425,Isaac Sackey,90,5,M,6.7,False,False,0,0,0,0,0,0,0,35,0,29,2,0,2,12,6,1,1,2,1,2,0,0,0,0,0,0,0
2022,884518,3577,Ümraniyespor,1998,Kartal Kayra Yılmaz,85,41,M,6.9,False,False,0,0,0,0,0,0,0,24,0,14,3,1,3,9,5,0,0,2,2,0,0,0,0,0,0,0,0
2022,884518,3577,Ümraniyespor,2152,Onur Ayık,70,11,F,6.6,False,False,0,0,0,0,0,0,0,13,1,9,0,0,0,5,3,1,1,0,2,0,0,0,0,0,0,0,0
2022,884518,3577,Ümraniyespor,50246,Mehmet Umut Nayir,90,18,F,7.9,False,False,0,2,1,1,0,0,0,20,0,14,1,1,0,20,12,1,1,1,5,0,0,0,0,0,0,0,0
2022,884518,3577,Ümraniyespor,119111,Adel Bettaieb,70,27,F,6.2,False,False,0,0,0,0,0,0,0,9,0,5,0,0,0,6,0,0,0,1,0,0,0,0,0,0,0,0,0
2022,884518,3577,Ümraniyespor,1337,Berke Özer,0,35,G,,False,True,0,0,0,0,0,0,0,0,0,,0,0,0,0,0,0,0,0,0,0,0,0,0,0,0,0,0
2022,884518,3577,Ümraniyespor,49842,Alexandru Epureanu,0,24,D,,False,True,0,0,0,0,0,0,0,0,0,,0,0,0,0,0,0,0,0,0,0,0,0,0,0,0,0,0
2022,884518,3577,Ümraniyespor,48510,Ermir Lenjani,0,3,D,,False,True,0,0,0,0,0,0,0,0,0,,0,0,0,0,0,0,0,0,0,0,0,0,0,0,0,0,0
2022,884518,3577,Ümraniyespor,20719,Durel Avounou,46,14,M,7.5,False,True,0,1,1,0,0,1,0,19,2,17,1,0,0,6,3,4,1,0,0,0,0,0,0,0,0,0,0
2022,884518,3577,Ümraniyespor,16826,Geraldo,20,29,F,6.2,False,True,0,1,0,0,0,0,0,8,0,6,0,0,1,5,1,1,0,0,1,0,0,0,0,0,0,0,0
2022,884518,3577,Ümraniyespor,43108,Valentin Gheorghe,0,7,M,,False,True,0,0,0,0,0,0,0,0,0,,0,0,0,0,0,0,0,0,0,0,0,0,0,0,0,0,0
2022,884518,3577,Ümraniyespor,62029,Serkan Göksu,22,8,M,6.3,False,True,0,0,0,0,0,0,0,9,0,7,0,0,0,3,0,0,0,2,0,0,0,0,0,0,0,0,0
2022,884518,3577,Ümraniyespor,147017,Yunus Emre Mertoglu,0,6,M,,False,True,0,0,0,0,0,0,0,0,0,,0,0,0,0,0,0,0,0,0,0,0,0,0,0,0,0,0
2022,884518,3577,Ümraniyespor,110539,Antonio Mršić,22,39,M,6.3,False,True,0,0,0,0,0,0,0,5,0,2,0,0,0,3,1,0,0,1,0,1,0,0,0,0,0,0,0
2022,884518,3577,Ümraniyespor,62204,Jesse Sekidika,20,77,F,6.2,False,True,0,0,0,0,0,0,0,7,0,6,1,0,0,3,1,2,0,0,0,0,0,0,0,0,0,0,0
2022,884518,611,Fenerbahce,50132,Altay Bayındır,90,1,G,6.5,True,False,0,0,0,0,1,0,1,23,0,20,0,0,0,3,2,0,0,1,0,0,0,0,0,0,0,0,0
2022,884518,611,Fenerbahce,1361,Ferdi Kadıoğlu,90,7,D,7.2,False,False,0,0,0,0,0,0,0,78,0,75,1,1,0,10,7,5,4,0,0,0,0,0,0,0,0,0,0
2022,884518,611,Fenerbahce,62490,Samet Akaydin,90,3,D,7.2,False,False,0,1,0,0,0,0,0,76,0,72,4,0,2,14,9,0,0,0,0,4,0,0,0,0,0,0,0
2022,884518,611,Fenerbahce,28443,Attila Szalai,90,41,D,7,False,False,0,0,0,0,0,1,0,77,1,60,0,0,1,8,5,0,0,0,0,1,0,0,0,0,0,0,0
2022,884518,611,Fenerbahce,10497,Lincoln,68,18,D,7,False,False,0,0,0,0,0,0,0,57,3,46,0,1,1,5,2,1,1,0,0,1,1,0,0,0,0,0,0
2022,884518,611,Fenerbahce,49857,İrfan Can Kahveci,68,17,M,7.2,False,False,0,1,1,0,0,0,0,45,1,36,1,0,0,9,6,4,2,0,1,0,0,0,0,0,0,0,0
2022,884518,611,Fenerbahce,10173,Willian Arão,90,5,M,7,False,False,0,0,0,0,0,0,0,78,0,69,3,0,1,10,3,0,0,1,0,1,0,0,0,0,0,0,0
2022,884518,611,Fenerbahce,41973,Miguel Crespo,45,27,M,7.2,False,False,0,0,0,0,0,0,0,43,3,36,2,0,1,7,5,0,0,0,3,2,0,0,0,0,0,0,0
2022,884518,611,Fenerbahce,51045,Diego Rossi,82,9,M,6.3,False,False,0,4,2,0,0,0,0,38,0,27,1,0,1,8,4,3,1,1,2,0,0,0,0,0,0,0,0
2022,884518,611,Fenerbahce,35533,Enner Valencia,90,13,F,6.9,False,False,1,4,1,0,0,0,0,41,1,30,1,0,0,20,8,11,4,1,1,2,0,0,0,0,0,0,0
2022,884518,611,Fenerbahce,2927,Michy Batshuayi,90,23,F,7.3,False,False,1,3,2,1,0,0,0,20,2,14,0,0,0,11,5,2,1,0,2,1,1,0,0,0,0,0,0
2022,884518,611,Fenerbahce,62137,İrfan Can Eğribayat,0,70,G,,False,True,0,0,0,0,0,0,0,0,0,,0,0,0,0,0,0,0,0,0,0,0,0,0,0,0,0,0
2022,884518,611,Fenerbahce,19133,Ezgjan Alioski,22,6,D,6.9,False,True,0,0,0,0,0,0,0,13,1,11,3,0,1,4,3,0,0,0,0,1,0,0,0,0,0,0,0
2022,884518,611,Fenerbahce,1341,Serdar Aziz,0,4,D,,False,True,0,0,0,0,0,0,0,0,0,,0,0,0,0,0,0,0,0,0,0,0,0,0,0,0,0,0
2022,884518,611,Fenerbahce,71,Luan Peres,0,28,D,,False,True,0,0,0,0,0,0,0,0,0,,0,0,0,0,0,0,0,0,0,0,0,0,0,0,0,0,0
2022,884518,611,Fenerbahce,291964,Arda Güler,0,10,M,,False,True,0,0,0,0,0,0,0,0,0,,0,0,0,0,0,0,0,0,0,0,0,0,0,0,0,0,0
2022,884518,611,Fenerbahce,47446,Emre Mor,44,99,M,7.3,False,True,0,0,0,0,0,0,0,20,3,14,0,0,0,8,6,4,3,0,1,0,1,0,0,0,0,0,0
2022,884518,611,Fenerbahce,50097,Mert Hakan Yandaş,0,8,M,,False,True,0,0,0,0,0,0,0,0,0,,0,0,0,0,0,0,0,0,0,0,0,0,0,0,0,0,0
2022,884518,611,Fenerbahce,214463,İsmail Yüksek,12,80,M,6.2,False,True,0,0,0,0,0,0,0,2,0,,0,0,0,2,0,1,0,0,0,0,0,0,0,0,0,0,0
2022,884518,611,Fenerbahce,1369,Miha Zajc,22,26,M,6.6,False,True,0,0,0,0,0,0,0,19,0,18,0,0,1,4,3,2,2,0,1,1,1,0,0,0,0,0,0
2022,884518,611,Fenerbahce,25053,Serdar Dursun,8,19,F,6.9,False,True,0,1,1,0,0,0,0,3,0,1,0,0,0,3,2,0,0,0,0,1,0,0,0,0,0,0,0
2022,884670,645,Galatasaray,429,Fernando Muslera,90,1,G,6.9,True,False,0,0,0,0,0,0,0,28,0,18,0,0,0,1,1,0,0,0,0,0,0,0,0,0,0,0,0
2022,884670,645,Galatasaray,2195,Sacha Boey,90,93,D,8.3,False,False,0,0,0,0,0,0,0,36,2,25,6,1,1,14,11,0,0,0,2,2,0,0,0,0,0,0,0
2022,884670,645,Galatasaray,15912,Victor Nelsson,84,25,D,7.2,False,False,0,0,0,0,0,0,0,41,0,35,3,1,1,15,9,0,0,0,3,2,1,0,0,0,0,0,0
2022,884670,645,Galatasaray,61837,Abdülkerim Bardakçı,90,42,D,7.2,False,False,0,0,0,0,0,1,0,43,2,33,0,0,0,7,6,1,1,0,2,0,0,0,0,0,0,0,0
2022,884670,645,Galatasaray,145057,Kâzımcan Karataş,90,88,D,7.9,False,False,0,2,0,0,0,0,0,40,0,33,9,0,2,16,12,0,0,2,2,1,0,0,0,0,0,0,0
2022,884670,645,Galatasaray,264627,Berkan Kutlu,90,22,M,7.7,False,False,0,1,1,0,0,0,0,53,1,42,4,0,1,14,11,2,2,1,2,1,0,0,0,0,0,0,0
2022,884670,645,Galatasaray,1462,Lucas Torreira,85,5,M,7.3,False,False,0,0,0,0,0,0,0,39,1,36,4,0,0,14,6,2,1,1,0,3,0,0,0,0,0,0,0
2022,884670,645,Galatasaray,786,Nicolò Zaniolo,87,17,M,8,False,False,0,3,2,2,0,0,0,16,0,9,2,0,0,15,7,1,1,1,4,3,0,0,0,0,0,0,0
2022,884670,645,Galatasaray,63274,Barış Alper Yılmaz,73,53,M,7.2,False,False,0,1,1,0,0,1,0,18,3,13,0,0,0,11,5,6,4,0,0,0,0,0,0,0,0,0,0
2022,884670,645,Galatasaray,142959,Kerem Aktürkoğlu,87,7,M,7,False,False,1,0,0,0,0,1,0,24,5,17,0,0,1,13,5,7,2,0,2,0,0,0,0,0,0,0,0
2022,884670,645,Galatasaray,216,Mauro Icardi,90,99,F,7.3,False,False,2,4,2,1,0,0,0,10,0,8,1,0,0,10,4,1,1,1,0,1,0,0,0,0,0,0,0
2022,884670,645,Galatasaray,332,Dries Mertens,17,10,F,6.2,False,True,0,1,0,0,0,0,0,10,0,7,0,0,0,0,0,0,0,0,0,0,0,0,0,0,0,0,0
2022,884670,645,Galatasaray,25448,Kaan Ayhan,8,23,D,6.3,False,True,0,0,0,0,0,0,0,5,0,5,0,0,0,0,0,0,0,0,0,0,0,0,0,0,0,0,0
2022,884670,645,Galatasaray,901,Juan Mata,5,64,M,,False,True,0,0,0,0,0,0,0,6,0,6,0,0,0,0,0,0,0,0,0,0,0,0,0,0,0,0,0
2022,884670,645,Galatasaray,454,Yunus Akgün,3,11,F,,False,True,0,0,0,0,0,0,0,4,0,4,0,0,1,0,0,0,0,0,0,0,0,0,0,0,0,0,0
2022,884670,645,Galatasaray,44355,Bafetimbi Gomis,3,18,F,,False,True,0,1,0,0,0,0,0,1,0,1,0,0,0,0,0,0,0,0,0,0,0,0,0,0,0,0,0
2022,884670,645,Galatasaray,50217,Okan Kocuk,0,34,G,,False,True,0,0,0,0,0,0,0,0,0,,0,0,0,0,0,0,0,0,0,0,0,0,0,0,0,0,0
2022,884670,645,Galatasaray,650,Léo Dubois,0,2,D,,False,True,0,0,0,0,0,0,0,0,0,,0,0,0,0,0,0,0,0,0,0,0,0,0,0,0,0,0
2022,884670,645,Galatasaray,162513,Emin Bayram,0,40,D,,False,True,0,0,0,0,0,0,0,0,0,,0,0,0,0,0,0,0,0,0,0,0,0,0,0,0,0,0
2022,884670,645,Galatasaray,25324,Milot Rashica,0,26,M,,False,True,0,0,0,0,0,0,0,0,0,,0,0,0,0,0,0,0,0,0,0,0,0,0,0,0,0,0
2022,884670,645,Galatasaray,2375,Sérgio Oliveira,0,27,M,,False,True,0,0,0,0,0,0,0,0,0,,0,0,0,0,0,0,0,0,0,0,0,0,0,0,0,0,0
2022,884670,611,Fenerbahce,62137,İrfan Can Eğribayat,90,70,G,6.2,False,False,0,0,0,0,3,0,3,27,0,11,0,0,0,3,2,2,2,0,0,0,0,0,0,0,0,0,0
2022,884670,611,Fenerbahce,1361,Ferdi Kadıoğlu,90,7,D,6.5,False,False,0,0,0,0,0,0,0,43,1,37,3,0,1,13,8,0,0,2,5,2,0,0,0,0,0,0,0
2022,884670,611,Fenerbahce,62490,Samet Akaydin,90,3,D,6.3,False,False,0,0,0,0,0,0,0,33,0,25,3,1,3,11,5,0,0,1,0,1,0,0,0,0,0,0,0
2022,884670,611,Fenerbahce,28443,Attila Szalai,90,41,D,7.2,False,False,0,0,0,0,0,0,0,35,0,29,1,3,0,8,7,1,1,0,0,0,0,0,0,0,0,0,0
2022,884670,611,Fenerbahce,71,Luan Peres,61,28,D,5.9,False,False,0,0,0,0,0,0,0,31,0,23,0,0,1,6,2,0,0,0,0,4,0,1,0,0,0,0,0
2022,884670,611,Fenerbahce,10173,Willian Arão,67,5,M,6.3,False,False,0,0,0,0,0,0,0,31,0,27,1,0,2,6,1,0,0,2,0,0,0,0,0,0,0,0,0
2022,884670,611,Fenerbahce,291964,Arda Güler,65,10,M,6.5,False,False,0,2,0,0,0,0,0,33,0,26,3,0,0,17,7,7,2,1,1,1,0,0,0,0,0,0,0
2022,884670,611,Fenerbahce,1369,Miha Zajc,90,26,M,6.2,False,False,0,0,0,0,0,0,0,44,2,36,1,0,1,13,5,0,0,2,3,2,1,0,0,0,0,0,0
2022,884670,611,Fenerbahce,51045,Diego Rossi,45,9,M,6.3,False,False,0,0,0,0,0,0,0,8,0,7,0,0,1,5,1,2,0,1,1,0,0,0,0,0,0,0,0
2022,884670,611,Fenerbahce,35533,Enner Valencia,76,13,F,5.9,True,False,0,1,0,0,0,0,0,12,0,8,0,0,0,22,6,6,0,2,3,4,0,0,0,0,0,0,0
2022,884670,611,Fenerbahce,2927,Michy Batshuayi,76,23,F,6.9,False,False,2,0,0,0,0,0,0,20,2,14,0,0,0,11,5,1,1,0,0,2,0,0,0,0,0,0,0
2022,884670,611,Fenerbahce,19588,Bright Osayi-Samuel,45,21,M,6.3,False,True,0,0,0,0,0,0,0,16,0,16,1,0,2,3,1,1,0,0,0,0,0,0,0,0,0,0,0
2022,884670,611,Fenerbahce,47446,Emre Mor,25,99,M,5.9,False,True,0,0,0,0,0,0,0,4,0,3,0,0,0,3,0,2,0,1,0,0,0,0,0,0,0,0,0
2022,884670,611,Fenerbahce,214463,İsmail Yüksek,23,80,M,6.7,False,True,0,0,0,0,0,0,0,8,0,5,2,0,1,4,2,0,0,0,0,1,1,0,0,0,0,0,0
2022,884670,611,Fenerbahce,18881,Joshua King,14,15,F,6.5,False,True,0,0,0,0,0,0,0,5,0,2,1,0,0,5,1,0,0,0,0,0,0,0,0,0,0,0,0
2022,884670,611,Fenerbahce,30562,João Pedro,14,20,F,6.3,False,True,0,0,0,0,0,0,0,2,0,1,0,0,0,0,0,0,0,0,0,0,0,0,0,0,0,0,0
2022,884670,611,Fenerbahce,210244,Osman Ertuğrul Çetin,0,54,G,,False,True,0,0,0,0,0,0,0,0,0,,0,0,0,0,0,0,0,0,0,0,0,0,0,0,0,0,0
2022,884670,611,Fenerbahce,1341,Serdar Aziz,0,4,D,,False,True,0,0,0,0,0,0,0,0,0,,0,0,0,0,0,0,0,0,0,0,0,0,0,0,0,0,0
2022,884670,611,Fenerbahce,272721,Jayden Oosterwolde,0,24,D,,False,True,0,0,0,0,0,0,0,0,0,,0,0,0,0,0,0,0,0,0,0,0,0,0,0,0,0,0
2022,884670,611,Fenerbahce,50097,Mert Hakan Yandaş,0,8,M,,False,True,0,0,0,0,0,0,0,0,0,,0,0,0,0,0,0,0,0,0,0,0,0,0,0,0,0,0
2022,884670,611,Fenerbahce,49857,İrfan Can Kahveci,0,17,M,,False,True,0,0,0,0,0,0,0,0,0,,0,0,0,0,0,0,0,0,0,0,1,0,0,0,0,0,0
2022,884625,1002,Sivasspor,50078,Ali Şaşal Vural,45,35,G,5.3,False,False,0,0,0,0,3,0,2,12,0,9,0,0,0,1,1,0,0,0,1,0,0,0,0,0,0,0,0
2022,884625,1002,Sivasspor,61870,Murat Paluli,75,2,D,6.5,False,False,0,0,0,0,0,0,0,38,1,31,1,0,0,5,4,1,1,0,0,1,0,0,0,0,0,0,0
2022,884625,1002,Sivasspor,62018,Aaron Appindangoyé,90,4,D,6.3,False,False,0,1,0,0,0,0,0,52,0,41,2,1,3,7,3,0,0,0,1,1,0,0,0,0,0,0,0
2022,884625,1002,Sivasspor,40547,Dimitris Goutas,90,6,D,6.7,False,False,0,1,0,0,0,0,0,63,0,49,5,0,1,15,10,0,0,2,2,0,0,0,0,0,0,0,0
2022,884625,1002,Sivasspor,50083,Ziya Erdal,45,58,D,6.3,True,False,0,0,0,0,0,0,0,19,0,14,2,0,3,5,2,0,0,1,0,2,0,0,0,0,0,0,0
2022,884625,1002,Sivasspor,50086,Hakan Arslan,45,37,M,6.2,False,False,0,0,0,0,0,0,0,19,1,11,0,0,0,9,4,0,0,3,0,0,0,0,0,0,0,0,0
2022,884625,1002,Sivasspor,50098,Erdoğan Yeşilyurt,90,17,M,6.5,False,False,0,3,0,0,0,0,0,36,0,25,0,0,0,2,0,1,0,0,0,1,0,0,0,0,0,0,0
2022,884625,1002,Sivasspor,8532,Charis Charisis,66,15,M,6.9,False,False,0,0,0,0,0,0,0,28,1,24,3,2,0,15,9,3,2,2,4,0,0,0,0,0,0,0,0
2022,884625,1002,Sivasspor,47263,Samu Sáiz,90,24,M,6.9,False,False,0,1,1,0,0,0,0,44,2,35,1,0,0,12,7,7,4,1,2,0,0,0,0,0,0,0,0
2022,884625,1002,Sivasspor,3244,Max Gradel,90,7,M,6.3,False,False,3,3,2,0,0,0,0,22,1,15,3,0,1,11,6,1,0,2,3,1,0,0,0,0,0,0,0
2022,884625,1002,Sivasspor,50019,Mustapha Yatabaré,90,9,F,6.3,False,False,4,0,0,0,0,0,0,24,1,18,0,0,0,11,4,1,1,2,1,2,0,0,0,0,0,0,0
2022,884625,1002,Sivasspor,50107,Muammer Yıldırım,45,25,G,6.3,False,True,0,0,0,0,0,0,0,8,0,8,0,0,0,0,0,0,0,0,0,0,0,0,0,0,0,0,0
2022,884625,1002,Sivasspor,48051,Fredrik Ulvestad,45,23,M,6.9,False,True,0,0,0,0,0,0,0,29,0,19,2,0,0,5,5,0,0,0,2,0,0,0,0,0,0,0,0
2022,884625,1002,Sivasspor,1919,Clinton N'Jie,45,10,F,6.3,False,True,2,1,0,0,0,0,0,14,1,12,0,0,0,5,1,3,1,1,0,0,0,0,0,0,0,0,0
2022,884625,1002,Sivasspor,49917,Robin Yalçın,24,8,M,7.7,False,True,0,0,0,0,0,1,0,18,1,15,4,0,0,7,5,1,1,1,0,0,0,0,0,0,0,0,0
2022,884625,1002,Sivasspor,16590,Jordy Caicedo,15,30,F,7.2,False,True,0,1,1,1,0,0,0,1,0,1,0,0,0,2,1,0,0,0,1,1,0,0,0,0,0,0,0
2022,884625,1002,Sivasspor,275091,Baver Kuckar,0,16,G,,False,True,0,0,0,0,0,0,0,0,0,,0,0,0,0,0,0,0,0,0,0,0,0,0,0,0,0,0
2022,884625,1002,Sivasspor,334063,Mehmet Albayrak,0,96,D,,False,True,0,0,0,0,0,0,0,0,0,,0,0,0,0,0,0,0,0,0,0,0,0,0,0,0,0,0
2022,884625,1002,Sivasspor,20686,Samba Camara,0,14,D,,False,True,0,0,0,0,0,0,0,0,0,,0,0,0,0,0,0,0,0,0,0,0,0,0,0,0,0,0
2022,884625,1002,Sivasspor,2137,Caner Osmanpaşa,0,88,D,,False,True,0,0,0,0,0,0,0,0,0,,0,0,0,0,0,0,0,0,0,0,0,0,0,0,0,0,0
2022,884625,1002,Sivasspor,46886,Isaac Cofie,0,5,M,,False,True,0,0,0,0,0,0,0,0,0,,0,0,0,0,0,0,0,0,0,0,0,0,0,0,0,0,0
2022,884625,611,Fenerbahce,62137,İrfan Can Eğribayat,90,70,G,6.6,False,False,0,0,0,0,1,0,3,38,0,20,0,0,0,1,1,0,0,0,1,0,1,0,0,0,0,0,0
2022,884625,611,Fenerbahce,19588,Bright Osayi-Samuel,79,21,D,6.3,False,False,0,0,0,0,0,0,0,33,0,27,1,0,2,8,4,1,1,0,2,3,1,0,0,0,0,0,0
2022,884625,611,Fenerbahce,1341,Serdar Aziz,90,4,D,6.9,False,False,0,0,0,0,0,1,0,63,1,52,0,0,0,5,3,0,0,0,1,0,0,0,0,0,0,0,0
2022,884625,611,Fenerbahce,62490,Samet Akaydin,90,3,D,6.9,False,False,0,0,0,0,0,0,0,33,0,28,0,0,5,5,3,0,0,0,0,2,0,0,0,0,0,0,0
2022,884625,611,Fenerbahce,71,Luan Peres,90,28,D,6.7,False,False,0,1,1,0,0,0,0,30,0,21,3,0,2,10,6,4,3,2,0,1,0,0,0,0,0,0,0
2022,884625,611,Fenerbahce,291964,Arda Güler,45,10,M,7,False,False,0,1,1,0,0,0,0,28,0,24,1,0,0,10,6,5,3,1,0,0,0,0,0,0,0,0,0
2022,884625,611,Fenerbahce,10173,Willian Arão,79,5,M,6.3,False,False,0,0,0,0,0,0,0,33,0,30,3,1,1,9,3,0,0,2,0,2,1,0,0,0,0,0,0
2022,884625,611,Fenerbahce,49857,İrfan Can Kahveci,50,17,M,6.3,False,False,0,0,0,0,0,1,0,20,1,16,0,0,2,6,2,1,1,1,0,3,0,1,0,0,0,0,0
2022,884625,611,Fenerbahce,1361,Ferdi Kadıoğlu,90,7,M,8.3,False,False,1,2,2,2,0,0,0,37,2,28,2,0,3,13,5,1,0,2,2,1,0,0,0,0,0,0,0
2022,884625,611,Fenerbahce,30562,João Pedro,69,20,F,6.9,False,False,0,1,0,0,0,0,0,14,1,11,0,0,0,20,8,7,3,1,1,3,0,0,0,0,0,0,0
2022,884625,611,Fenerbahce,35533,Enner Valencia,14,13,F,6.3,True,False,0,0,0,0,0,0,0,1,0,,0,0,0,1,0,0,0,0,0,1,0,0,0,0,0,0,0
2022,884625,611,Fenerbahce,51045,Diego Rossi,76,9,F,7.5,False,True,0,1,1,1,0,0,0,28,2,23,1,0,0,7,4,3,2,0,1,1,0,0,0,0,0,0,0
2022,884625,611,Fenerbahce,214463,İsmail Yüksek,45,80,M,6.6,False,True,0,0,0,0,0,0,0,10,0,10,1,0,2,6,3,1,1,1,0,1,0,0,0,0,0,0,0
2022,884625,611,Fenerbahce,25053,Serdar Dursun,21,19,F,6.2,False,True,0,0,0,0,0,0,0,13,0,8,0,0,0,8,2,3,1,0,1,1,0,0,0,0,0,0,0
2022,884625,611,Fenerbahce,19133,Ezgjan Alioski,11,6,D,6.2,False,True,0,0,0,0,0,0,0,5,0,5,0,0,0,1,0,0,0,0,0,1,0,0,0,0,0,0,0
2022,884625,611,Fenerbahce,50097,Mert Hakan Yandaş,11,8,M,6.2,False,True,0,1,0,0,0,0,0,5,0,4,0,0,0,2,0,1,0,0,0,1,1,0,0,0,0,0,0
2022,884625,611,Fenerbahce,210244,Osman Ertuğrul Çetin,0,54,G,,False,True,0,0,0,0,0,0,0,0,0,,0,0,0,0,0,0,0,0,0,0,0,0,0,0,0,0,0
2022,884625,611,Fenerbahce,272721,Jayden Oosterwolde,0,24,D,,False,True,0,0,0,0,0,0,0,0,0,,0,0,0,0,0,0,0,0,0,0,0,0,0,0,0,0,0
2022,884625,611,Fenerbahce,49964,Nazım Sangaré,0,30,D,,False,True,0,0,0,0,0,0,0,0,0,,0,0,0,0,0,0,0,0,0,0,0,0,0,0,0,0,0
2022,884625,611,Fenerbahce,41973,Miguel Crespo,0,27,M,,False,True,0,0,0,0,0,0,0,0,0,,0,0,0,0,0,0,0,0,0,0,0,0,0,0,0,0,0
2022,884625,611,Fenerbahce,18881,Joshua King,0,15,F,,False,True,0,0,0,0,0,0,0,0,0,,0,0,0,0,0,0,0,0,0,0,0,0,0,0,0,0,0
2022,884482,611,Fenerbahce,50132,Altay Bayındır,90,1,G,6.9,True,False,0,0,0,0,0,0,0,26,0,20,0,0,0,1,1,0,0,0,1,0,0,0,0,0,0,0,0
2022,884482,611,Fenerbahce,19588,Bright Osayi-Samuel,90,21,D,7.2,False,False,1,1,1,0,0,0,0,39,2,36,1,0,2,8,4,1,1,0,2,1,0,0,0,0,0,0,0
2022,884482,611,Fenerbahce,9992,Gustavo Henrique,90,2,D,7.7,False,False,0,2,1,1,0,0,0,68,0,59,2,1,2,4,2,0,0,2,0,0,0,0,0,0,0,0,0
2022,884482,611,Fenerbahce,28443,Attila Szalai,90,41,D,7.3,False,False,0,0,0,0,0,0,0,91,0,83,1,0,0,1,1,0,0,0,0,0,0,0,0,0,0,0,0
2022,884482,611,Fenerbahce,1361,Ferdi Kadıoğlu,90,7,D,7.9,False,False,0,1,1,0,0,0,0,71,2,65,1,0,1,11,9,4,4,0,3,1,0,0,0,0,0,0,0
2022,884482,611,Fenerbahce,49857,İrfan Can Kahveci,61,17,M,6.9,False,False,0,1,1,0,0,0,0,29,3,25,1,0,1,6,3,0,0,0,2,1,0,0,0,0,0,0,0
2022,884482,611,Fenerbahce,1369,Miha Zajc,89,26,M,7,False,False,0,2,1,0,0,0,0,60,0,55,1,0,1,4,1,0,0,0,0,1,0,0,0,0,0,0,0
2022,884482,611,Fenerbahce,10173,Willian Arão,90,5,M,8.2,False,False,0,1,1,0,0,0,0,68,1,62,4,0,4,10,7,1,0,0,0,0,0,0,0,0,0,0,0
2022,884482,611,Fenerbahce,51045,Diego Rossi,61,9,M,7.5,False,False,0,3,2,0,0,2,0,25,3,24,0,0,1,5,0,3,0,0,0,0,0,0,0,0,0,0,0
2022,884482,611,Fenerbahce,2927,Michy Batshuayi,75,23,F,7,False,False,1,3,2,1,0,0,0,24,1,20,1,0,0,5,3,1,1,0,1,0,0,0,0,0,0,0,0
2022,884482,611,Fenerbahce,18881,Joshua King,74,15,F,7,False,False,1,3,3,1,0,0,0,17,0,16,1,0,0,11,3,3,1,0,0,3,1,0,0,0,0,0,0
2022,884482,611,Fenerbahce,62137,İrfan Can Eğribayat,0,70,G,,False,True,0,0,0,0,0,0,0,0,0,,0,0,0,0,0,0,0,0,0,0,0,0,0,0,0,0,0
2022,884482,611,Fenerbahce,210244,Osman Ertuğrul Çetin,0,54,G,,False,True,0,0,0,0,0,0,0,0,0,,0,0,0,0,0,0,0,0,0,0,0,0,0,0,0,0,0
2022,884482,611,Fenerbahce,19133,Ezgjan Alioski,0,6,D,,False,True,0,0,0,0,0,0,0,0,0,,0,0,0,0,0,0,0,0,0,0,0,0,0,0,0,0,0
2022,884482,611,Fenerbahce,1341,Serdar Aziz,0,4,D,,False,True,0,0,0,0,0,0,0,0,0,,0,0,0,0,0,0,0,0,0,0,0,0,0,0,0,0,0
2022,884482,611,Fenerbahce,47446,Emre Mor,16,99,M,6.6,False,True,0,1,1,0,0,0,0,2,0,1,1,0,0,3,2,0,0,0,1,1,0,0,0,0,0,0,0
2022,884482,611,Fenerbahce,10497,Lincoln,29,18,M,7.5,False,True,0,0,0,0,0,0,0,15,2,15,1,0,1,4,3,1,0,0,2,0,0,0,0,0,0,0,0
2022,884482,611,Fenerbahce,50097,Mert Hakan Yandaş,29,8,M,7,False,True,0,0,0,0,0,0,0,18,1,16,0,0,0,2,1,0,0,0,1,1,1,0,0,0,0,0,0
2022,884482,611,Fenerbahce,214463,İsmail Yüksek,1,80,M,,False,True,0,0,0,0,0,0,0,4,0,4,0,0,0,0,0,0,0,0,0,0,0,0,0,0,0,0,0
2022,884482,611,Fenerbahce,291964,Arda Güler,0,10,M,,False,True,0,0,0,0,0,0,0,0,0,,0,0,0,0,0,0,0,0,0,0,0,0,0,0,0,0,0
2022,884482,611,Fenerbahce,25053,Serdar Dursun,15,19,F,7.3,False,True,0,1,1,1,0,0,0,5,0,5,0,0,0,1,1,1,1,0,0,0,0,0,0,0,0,0,0
2022,884482,3575,Hatayspor,61925,Erce Kardeşler,90,1,G,7.3,False,False,0,0,0,0,4,0,9,27,0,15,0,0,0,3,1,0,0,2,1,0,0,0,0,0,0,0,0
2022,884482,3575,Hatayspor,49870,Kamil Ahmet Çörekçi,90,12,D,6,True,False,0,0,0,0,0,0,0,38,0,26,3,0,0,4,3,0,0,0,0,1,0,0,0,0,0,0,0
2022,884482,3575,Hatayspor,1419,Ognjen Vranješ,90,5,D,7,False,False,0,0,0,0,0,0,0,21,0,17,0,1,7,4,3,0,0,0,0,0,0,0,0,0,0,0,0
2022,884482,3575,Hatayspor,138951,Burak Öksüz,78,53,D,7,False,False,0,0,0,0,0,0,0,21,0,11,0,2,1,2,1,0,0,0,1,1,0,0,0,0,0,0,0
2022,884482,3575,Hatayspor,39107,Sam Adekugbe,45,23,D,6.6,False,False,0,0,0,0,0,0,0,19,0,12,4,0,2,6,5,0,0,0,0,1,1,0,0,0,0,0,0
2022,884482,3575,Hatayspor,62114,Onur Ergun,90,4,M,6.9,False,False,0,0,0,0,0,0,0,29,0,20,5,1,1,7,6,0,0,1,1,1,1,0,0,0,0,0,0
2022,884482,3575,Hatayspor,21043,Rayane Aabid,90,10,M,5.7,False,False,0,0,0,0,0,0,0,35,0,30,1,0,0,5,3,1,0,0,2,0,0,0,0,0,0,0,0
2022,884482,3575,Hatayspor,2722,Ayoub El Kaabi,90,25,M,5.3,False,False,3,1,0,0,0,0,0,25,1,16,0,0,0,7,0,1,0,3,0,1,0,0,0,0,0,0,0
2022,884482,3575,Hatayspor,44075,Rúben Ribeiro,45,7,M,6.6,False,False,0,0,0,0,0,0,0,15,0,13,2,0,0,3,2,0,0,0,0,0,0,0,0,0,0,0,0
2022,884482,3575,Hatayspor,15698,Saba Lobjanidze,64,11,M,5.9,False,False,1,1,0,0,0,0,0,7,0,4,0,0,0,5,1,2,1,1,0,1,0,0,0,0,0,0,0
2022,884482,3575,Hatayspor,1795,Zé Luís,45,29,F,6.7,False,False,0,0,0,0,0,0,0,11,1,6,0,0,0,8,4,3,1,0,0,0,0,0,0,0,0,0,0
2022,884482,3575,Hatayspor,157911,Abdullah Yiğiter,0,31,G,,False,True,0,0,0,0,0,0,0,0,0,,0,0,0,0,0,0,0,0,0,0,0,0,0,0,0,0,0
2022,884482,3575,Hatayspor,1804,Simon Falette,12,3,D,6.3,False,True,0,0,0,0,0,0,0,9,0,8,1,0,0,1,1,0,0,0,0,0,0,0,0,0,0,0,0
2022,884482,3575,Hatayspor,61989,Kaan Kanak,0,26,D,,False,True,0,0,0,0,0,0,0,0,0,,0,0,0,0,0,0,0,0,0,0,0,0,0,0,0,0,0
2022,884482,3575,Hatayspor,63030,Recep Burak Yılmaz,0,15,D,,False,True,0,0,0,0,0,0,0,0,0,,0,0,0,0,0,0,0,0,0,0,0,0,0,0,0,0,0
2022,884482,3575,Hatayspor,348785,Engin Aksoy,45,57,D,6.2,False,True,0,0,0,0,0,0,0,11,0,5,1,1,0,4,1,0,0,1,0,1,0,0,0,0,0,0,0
2022,884482,3575,Hatayspor,62469,Sadik Bas,0,77,M,,False,True,0,0,0,0,0,0,0,0,0,,0,0,0,0,0,0,0,0,0,0,0,0,0,0,0,0,0
2022,884482,3575,Hatayspor,50034,Musa Çağıran,0,6,M,,False,True,0,0,0,0,0,0,0,0,0,,0,0,0,0,0,0,0,0,0,0,0,0,0,0,0,0,0
2022,884482,3575,Hatayspor,61936,Muhammed Mert,45,19,M,6.3,False,True,0,1,0,0,0,0,0,13,0,12,1,0,1,6,3,0,0,0,2,2,0,0,0,0,0,0,0
2022,884482,3575,Hatayspor,47523,Kévin Soni,26,93,F,6.3,False,True,0,0,0,0,0,0,0,6,0,6,0,2,0,7,1,0,0,0,1,3,0,0,0,0,0,0,0
2022,884482,3575,Hatayspor,68483,Bertuğ Yıldırım,45,99,F,6.3,False,True,2,0,0,0,0,0,0,3,1,3,0,0,0,4,0,0,0,0,0,3,1,0,0,0,0,0,0
2022,884596,611,Fenerbahce,62137,İrfan Can Eğribayat,90,70,G,6.9,False,False,0,0,0,0,1,0,3,27,0,21,0,0,0,1,1,0,0,0,0,0,0,0,0,0,0,0,0
2022,884596,611,Fenerbahce,19588,Bright Osayi-Samuel,90,21,D,7.2,False,False,0,1,1,0,0,0,0,56,2,48,3,1,1,15,10,4,3,2,2,1,1,0,0,0,0,0,0
2022,884596,611,Fenerbahce,62490,Samet Akaydin,90,3,D,7.5,False,False,0,2,1,0,0,0,0,76,0,60,1,2,1,12,9,0,0,0,0,1,0,0,0,0,0,0,0
2022,884596,611,Fenerbahce,28443,Attila Szalai,90,41,D,7.3,False,False,0,1,0,0,0,0,0,62,2,51,1,0,0,6,5,0,0,0,0,0,0,0,0,0,0,0,0
2022,884596,611,Fenerbahce,19133,Ezgjan Alioski,90,6,D,6.6,False,False,0,3,0,0,0,0,0,63,0,54,0,0,0,11,6,0,0,1,4,1,0,0,0,0,0,0,0
2022,884596,611,Fenerbahce,291964,Arda Güler,78,10,M,7.9,False,False,0,2,2,0,0,0,0,41,4,36,1,0,0,17,9,8,5,2,2,0,0,0,0,0,0,0,0
2022,884596,611,Fenerbahce,214463,İsmail Yüksek,64,80,M,6.9,False,False,0,1,0,0,0,0,0,52,1,43,2,0,2,12,6,0,0,3,4,1,1,0,0,0,0,0,0
2022,884596,611,Fenerbahce,1369,Miha Zajc,78,26,M,6.5,False,False,0,0,0,0,0,0,0,61,0,54,1,0,1,15,5,2,0,3,1,4,0,0,0,0,0,0,0
2022,884596,611,Fenerbahce,51045,Diego Rossi,64,9,M,7.3,False,False,2,2,2,0,0,0,0,25,0,24,0,0,1,8,5,4,4,0,1,1,0,0,0,0,0,0,0
2022,884596,611,Fenerbahce,35533,Enner Valencia,90,13,F,7.7,True,False,1,3,2,1,0,0,0,25,1,17,2,0,1,18,11,5,3,0,3,1,0,0,0,0,1,0,0
2022,884596,611,Fenerbahce,25053,Serdar Dursun,45,19,F,6.7,False,False,0,1,0,0,0,0,0,9,0,7,0,0,0,2,1,0,0,0,1,1,0,0,0,0,0,0,0
2022,884596,611,Fenerbahce,30562,João Pedro,45,20,F,6.7,False,True,0,0,0,0,0,0,0,13,1,11,0,0,0,4,2,0,0,0,1,2,0,0,0,0,0,0,0
2022,884596,611,Fenerbahce,10173,Willian Arão,26,5,M,6.9,False,True,0,0,0,0,0,0,0,27,0,24,1,0,1,6,3,2,2,0,0,1,0,0,0,0,0,0,0
2022,884596,611,Fenerbahce,47446,Emre Mor,26,99,M,6.7,False,True,0,0,0,0,0,0,0,15,0,13,1,0,0,16,10,9,5,1,4,0,0,0,0,0,0,0,0
2022,884596,611,Fenerbahce,49857,İrfan Can Kahveci,12,17,M,7.3,False,True,0,0,0,0,0,0,0,12,3,11,1,0,0,6,4,3,2,0,1,0,0,0,1,0,0,0,0
2022,884596,611,Fenerbahce,41973,Miguel Crespo,12,27,M,7.9,False,True,0,1,1,1,0,0,0,15,0,12,1,0,0,6,5,2,2,0,2,0,0,0,0,0,0,0,0
2022,884596,611,Fenerbahce,210244,Osman Ertuğrul Çetin,0,54,G,,False,True,0,0,0,0,0,0,0,0,0,,0,0,0,0,0,0,0,0,0,0,0,0,0,0,0,0,0
2022,884596,611,Fenerbahce,1341,Serdar Aziz,0,4,D,,False,True,0,0,0,0,0,0,0,0,0,,0,0,0,0,0,0,0,0,0,0,0,0,0,0,0,0,0
2022,884596,611,Fenerbahce,272721,Jayden Oosterwolde,0,24,D,,False,True,0,0,0,0,0,0,0,0,0,,0,0,0,0,0,0,0,0,0,0,0,0,0,0,0,0,0
2022,884596,611,Fenerbahce,49964,Nazım Sangaré,0,30,D,,False,True,0,0,0,0,0,0,0,0,0,,0,0,0,0,0,0,0,0,0,0,0,0,0,0,0,0,0
2022,884596,611,Fenerbahce,50097,Mert Hakan Yandaş,0,8,M,,False,True,0,0,0,0,0,0,0,0,0,,0,0,0,0,0,0,0,0,0,0,0,0,0,0,0,0,0
2022,884596,1010,Ankaragucu,50020,Gökhan Akkan,90,32,G,7.6,False,False,0,0,0,0,2,0,6,29,0,6,0,0,0,2,2,0,0,0,0,0,0,0,0,0,0,0,0
2022,884596,1010,Ankaragucu,50142,Stelios Kitsiou,87,17,D,7.2,False,False,0,1,0,0,0,0,0,15,1,12,2,1,0,13,5,4,2,2,1,3,1,0,0,0,0,0,0
2022,884596,1010,Ankaragucu,321,Kévin Malcuit,90,24,D,6.9,False,False,0,1,0,0,0,0,0,23,0,12,5,0,1,15,10,1,1,0,2,2,0,0,0,0,0,0,0
2022,884596,1010,Ankaragucu,61908,Atakan Cankaya,90,4,D,6.2,False,False,0,0,0,0,0,0,0,16,0,13,3,0,0,12,4,0,0,2,1,2,1,0,0,0,0,0,0
2022,884596,1010,Ankaragucu,76867,Nihad Mujakić,90,18,D,6.2,False,False,0,0,0,0,0,0,0,22,0,14,2,0,1,10,4,1,1,2,0,2,1,0,0,0,0,0,0
2022,884596,1010,Ankaragucu,66011,Matěj Hanousek,90,5,D,6,False,False,0,0,0,0,0,0,0,21,1,10,2,0,1,13,6,2,2,4,1,3,1,0,0,1,0,0,0
2022,884596,1010,Ankaragucu,50202,Taylan Antalyalı,89,48,M,6.2,False,False,0,0,0,0,0,0,0,38,1,30,0,0,1,14,6,3,3,3,3,2,0,0,0,0,0,0,0
2022,884596,1010,Ankaragucu,15297,Ghayas Zahid,45,19,M,6.3,True,False,1,0,0,0,0,0,0,11,0,9,0,1,0,7,2,1,0,0,0,0,0,0,0,0,0,0,0
2022,884596,1010,Ankaragucu,119029,Lamine Diack,90,14,M,6.6,False,False,0,1,1,0,0,0,0,26,2,22,2,0,0,15,5,2,2,4,0,4,1,0,0,0,0,0,0
2022,884596,1010,Ankaragucu,50091,Emre Kılınç,64,54,M,7,False,False,0,1,1,0,0,0,0,13,2,10,2,0,0,11,4,2,0,1,1,2,0,0,0,0,0,0,0
2022,884596,1010,Ankaragucu,11012,Ali Sowe,90,22,F,6.2,False,False,0,3,2,1,0,0,0,13,0,9,1,0,0,19,5,2,0,2,1,2,0,0,0,0,0,0,0
2022,884596,1010,Ankaragucu,119112,Andrej Đokanović,45,16,M,6.9,False,True,0,0,0,0,0,0,0,12,0,8,4,1,0,12,9,2,1,1,3,1,1,0,0,0,0,0,0
2022,884596,1010,Ankaragucu,263410,Milson,26,70,F,6,False,True,1,0,0,0,0,0,0,8,0,4,1,0,0,9,1,2,0,3,0,3,1,0,0,0,0,0,0
2022,884596,1010,Ankaragucu,62196,Firatcan Üzüm,16,88,M,5.9,False,True,0,0,0,0,0,0,0,0,0,,0,0,0,3,0,0,0,2,0,0,0,0,0,0,0,0,0
2022,884596,1010,Ankaragucu,24128,Bevic Moussiti Oko,1,29,F,,False,True,0,0,0,0,0,0,0,0,0,,0,0,0,0,0,0,0,0,0,0,0,0,0,0,0,0,0
2022,884596,1010,Ankaragucu,194689,Bahadır Han Güngördü,0,99,G,,False,True,0,0,0,0,0,0,0,0,0,,0,0,0,0,0,0,0,0,0,0,0,0,0,0,0,0,0
2022,884596,1010,Ankaragucu,63284,Arda Kızıldağ,0,37,D,,False,True,0,0,0,0,0,0,0,0,0,,0,0,0,0,0,0,0,0,0,0,0,0,0,0,0,0,0
2022,884596,1010,Ankaragucu,1345,Hasan Ali Kaldırım,0,33,D,,False,True,0,0,0,0,0,0,0,0,0,,0,0,0,0,0,0,0,0,0,0,0,0,0,0,0,0,0
2022,884596,1010,Ankaragucu,26748,Anastasios Chatzigiovanis,0,7,M,,False,True,0,0,0,0,0,0,0,0,0,,0,0,0,0,0,0,0,0,0,0,0,0,0,0,0,0,0
2022,884596,1010,Ankaragucu,41523,Pedrinho,0,8,M,,False,True,0,0,0,0,0,0,0,0,0,,0,0,0,0,0,0,0,0,0,0,0,0,0,0,0,0,0
2022,884596,1010,Ankaragucu,194809,Sitki Ferdi Imdat,0,80,F,,False,True,0,0,0,0,0,0,0,0,0,,0,0,0,0,0,0,0,0,0,0,0,0,0,0,0,0,0
2022,884382,611,Fenerbahce,50132,Altay Bayındır,90,1,G,7.3,True,False,0,0,0,0,0,0,2,20,0,15,0,0,0,0,0,0,0,0,0,0,0,0,0,0,0,0,0
2022,884382,611,Fenerbahce,9992,Gustavo Henrique,90,2,D,7.5,False,False,0,0,0,0,0,0,0,46,0,38,2,2,1,8,6,0,0,0,1,2,0,0,0,0,0,0,0
2022,884382,611,Fenerbahce,28443,Attila Szalai,90,41,D,7,False,False,0,0,0,0,0,0,0,48,0,42,1,0,0,6,4,0,0,0,0,2,1,0,0,0,0,0,0
2022,884382,611,Fenerbahce,71,Luan Peres,90,28,D,7.3,False,False,0,1,0,0,0,0,0,51,0,43,2,0,2,6,5,0,0,0,0,0,0,0,0,0,0,0,0
2022,884382,611,Fenerbahce,1361,Ferdi Kadıoğlu,89,7,M,6.6,False,False,0,1,0,0,0,0,0,38,1,33,2,0,1,7,3,1,0,1,1,1,1,0,0,0,0,0,0
2022,884382,611,Fenerbahce,49857,İrfan Can Kahveci,68,17,M,6.6,False,False,0,0,0,0,0,0,0,29,0,24,2,0,0,6,3,2,1,2,0,0,0,0,0,0,0,0,0
2022,884382,611,Fenerbahce,10173,Willian Arão,90,5,M,7.6,False,False,0,2,1,0,0,1,0,58,3,54,1,0,5,9,1,1,0,1,0,0,0,0,0,0,0,0,0
2022,884382,611,Fenerbahce,41973,Miguel Crespo,79,27,M,7.7,False,False,0,2,1,0,0,0,0,41,2,37,3,0,2,21,13,2,2,0,6,5,0,0,0,0,0,0,0
2022,884382,611,Fenerbahce,19133,Ezgjan Alioski,89,6,M,7,False,False,1,0,0,0,0,0,0,42,2,31,3,0,0,9,4,0,0,0,1,1,0,0,0,0,0,0,0
2022,884382,611,Fenerbahce,30562,João Pedro,90,20,F,7.9,False,False,0,2,1,1,0,1,0,14,3,7,0,1,0,16,4,1,0,0,2,6,0,0,0,0,0,0,0
2022,884382,611,Fenerbahce,18881,Joshua King,68,15,F,7.5,False,False,0,3,1,1,0,0,0,16,1,15,1,0,0,9,4,3,2,1,1,0,0,0,0,0,0,0,0
2022,884382,611,Fenerbahce,62137,İrfan Can Eğribayat,0,70,G,,False,True,0,0,0,0,0,0,0,0,0,,0,0,0,0,0,0,0,0,0,0,0,0,0,0,0,0,0
2022,884382,611,Fenerbahce,1163,Bruma,0,22,F,,False,True,0,0,0,0,0,0,0,0,0,,0,0,0,0,0,0,0,0,0,0,0,0,0,0,0,0,0
2022,884382,611,Fenerbahce,10497,Lincoln,1,18,M,,False,True,0,0,0,0,0,0,0,3,1,3,0,0,0,0,0,0,0,0,0,0,0,0,0,0,0,0,0
2022,884382,611,Fenerbahce,19588,Bright Osayi-Samuel,11,21,M,6.6,False,True,0,0,0,0,0,0,0,13,0,11,0,0,1,2,1,0,0,0,1,1,0,0,0,0,0,0,0
2022,884382,611,Fenerbahce,47446,Emre Mor,0,99,M,,False,True,0,0,0,0,0,0,0,0,0,,0,0,0,0,0,0,0,0,0,0,0,0,0,0,0,0,0
2022,884382,611,Fenerbahce,50097,Mert Hakan Yandaş,22,8,M,7,False,True,0,1,0,0,0,0,0,15,1,12,1,0,0,4,1,0,0,1,0,1,0,0,0,0,0,0,0
2022,884382,611,Fenerbahce,291964,Arda Güler,1,10,M,,False,True,0,0,0,0,0,0,0,3,0,3,0,0,0,2,1,2,1,0,0,0,0,0,0,0,0,0,0
2022,884382,611,Fenerbahce,1369,Miha Zajc,0,26,M,,False,True,0,0,0,0,0,0,0,0,0,,0,0,0,0,0,0,0,0,0,0,0,0,0,0,0,0,0
2022,884382,611,Fenerbahce,51045,Diego Rossi,22,9,F,6.7,False,True,0,1,0,0,0,0,0,8,0,7,0,0,1,3,2,2,1,0,1,0,0,0,0,0,0,0,0
2022,884382,611,Fenerbahce,25053,Serdar Dursun,0,19,F,,False,True,0,0,0,0,0,0,0,0,0,,0,0,0,0,0,0,0,0,0,0,0,0,0,0,0,0,0
2022,884382,1001,Kayserispor,37111,Bilal Bayazit,90,25,G,6.3,False,False,0,0,0,0,2,0,2,50,0,33,0,0,0,0,0,0,0,0,0,0,0,0,0,0,0,0,0
2022,884382,1001,Kayserispor,26275,Onur Bulut,90,38,D,6.6,False,False,0,0,0,0,0,0,0,31,0,23,3,0,1,11,7,0,0,1,1,0,0,0,0,0,0,0,0
2022,884382,1001,Kayserispor,2686,Majid Hosseini,59,5,D,7.2,False,False,0,0,0,0,0,0,0,21,0,19,4,1,1,6,6,1,1,0,0,0,0,0,0,0,0,0,0
2022,884382,1001,Kayserispor,26737,Dimitris Kolovetsios,90,4,D,6.6,False,False,0,0,0,0,0,0,0,38,0,31,0,1,1,6,4,0,0,0,2,0,0,0,0,0,0,0,0
2022,884382,1001,Kayserispor,22245,Lionel Carole,90,21,D,6.9,False,False,0,0,0,0,0,0,0,51,0,39,1,0,3,6,5,0,0,1,4,0,0,0,0,0,0,0,0
2022,884382,1001,Kayserispor,3424,Bernard Mensah,85,43,M,6.5,True,False,0,0,0,0,0,0,0,40,0,37,1,0,1,18,7,4,2,1,2,7,1,0,0,0,0,0,0
2022,884382,1001,Kayserispor,10203,Gustavo Campanharo,90,88,M,6.7,False,False,0,0,0,0,0,0,0,54,0,48,2,0,3,13,7,1,0,2,3,2,1,0,0,0,0,0,0
2022,884382,1001,Kayserispor,62419,Ramazan Civelek,58,28,M,6.3,False,False,1,0,0,0,0,0,0,11,0,11,0,0,1,2,0,1,0,0,0,0,0,0,0,0,0,0,0
2022,884382,1001,Kayserispor,53659,Miguel Cardoso,90,7,F,6.2,False,False,2,1,1,0,0,0,0,25,0,16,2,0,1,11,4,2,0,0,1,3,0,0,0,0,0,0,0
2022,884382,1001,Kayserispor,1326,Mario Gavranović,74,19,F,6.3,False,False,1,1,1,0,0,0,0,12,0,8,0,0,0,11,3,0,0,0,3,2,0,0,0,0,0,0,0
2022,884382,1001,Kayserispor,50464,Mame Thiam,85,27,F,6.9,False,False,2,0,0,0,0,0,0,25,0,22,2,1,0,9,4,3,2,1,0,1,0,0,0,0,0,0,0
2022,884382,1001,Kayserispor,278156,Abdulkadir Tasdan,0,12,G,,False,True,0,0,0,0,0,0,0,0,0,,0,0,0,0,0,0,0,0,0,0,0,0,0,0,0,0,0
2022,884382,1001,Kayserispor,85205,Olivier Kemen,10,10,M,6.9,False,True,0,0,0,0,0,0,0,6,0,5,0,0,0,1,1,0,0,0,0,0,0,0,0,0,0,0,0
2022,884382,1001,Kayserispor,371932,Baran Ali Gezek,0,26,M,,False,True,0,0,0,0,0,0,0,0,0,,0,0,0,0,0,0,0,0,0,0,0,0,0,0,0,0,0
2022,884382,1001,Kayserispor,143825,Anthony Uzodimma,0,80,M,,False,True,0,0,0,0,0,0,0,0,0,,0,0,0,0,0,0,0,0,0,0,0,0,0,0,0,0,0
2022,884382,1001,Kayserispor,1636,Andrea Bertolacci,0,91,M,,False,True,0,0,0,0,0,0,0,0,0,,0,0,0,0,0,0,0,0,0,0,0,0,0,0,0,0,0
2022,884382,1001,Kayserispor,64261,Yaw Ackah,31,89,M,6.9,False,True,0,0,0,0,0,0,0,20,0,18,1,0,2,4,3,1,1,1,1,0,0,0,0,0,0,0,0
2022,884382,1001,Kayserispor,62158,Gökhan Sazdağı,32,11,M,6.6,False,True,1,0,0,0,0,0,0,6,2,3,3,0,0,5,3,1,0,0,0,0,0,0,0,0,0,0,0
2022,884382,1001,Kayserispor,24860,Carlos Mané,10,20,M,6.7,False,True,0,0,0,0,0,0,0,3,0,2,1,0,0,1,1,0,0,0,0,0,0,0,0,0,0,0,0
2022,884382,1001,Kayserispor,50161,İlhan Parlak,16,23,F,6.5,False,True,2,0,0,0,0,0,0,1,0,1,0,0,0,4,1,0,0,0,1,0,0,0,0,0,0,0,0
2022,884382,1001,Kayserispor,50125,Nurettin Korkmaz,0,77,M,,False,True,0,0,0,0,0,0,0,0,0,,0,0,0,0,0,0,0,0,0,0,0,0,0,0,0,0,0
2022,884576,611,Fenerbahce,50132,Altay Bayındır,90,1,G,5.7,True,False,0,0,0,0,4,0,1,20,0,14,1,0,0,1,1,0,0,0,0,0,0,0,0,0,0,0,0
2022,884576,611,Fenerbahce,1341,Serdar Aziz,69,4,D,6.3,False,False,0,0,0,0,0,0,0,32,0,27,2,0,1,4,3,0,0,0,0,0,0,0,0,0,0,0,0
2022,884576,611,Fenerbahce,62490,Samet Akaydin,90,3,D,6.3,False,False,0,1,0,0,0,0,0,39,1,33,3,1,0,11,8,0,0,0,0,1,1,0,0,0,0,0,0
2022,884576,611,Fenerbahce,28443,Attila Szalai,90,41,D,6.3,False,False,0,2,0,0,0,0,0,59,0,52,0,0,2,1,0,0,0,1,0,0,0,0,0,0,0,0,0
2022,884576,611,Fenerbahce,19588,Bright Osayi-Samuel,63,21,M,6.3,False,False,0,0,0,0,0,0,0,20,0,17,3,0,0,15,9,5,4,2,2,1,1,0,0,0,0,0,0
2022,884576,611,Fenerbahce,50097,Mert Hakan Yandaş,63,8,M,6.3,False,False,0,0,0,0,0,0,0,23,3,19,0,0,0,17,7,4,2,3,4,2,1,0,0,0,0,0,0
2022,884576,611,Fenerbahce,291964,Arda Güler,76,10,M,8.2,False,False,0,3,1,0,0,0,0,41,5,33,4,0,0,28,16,13,6,0,4,2,0,0,1,0,0,0,0
2022,884576,611,Fenerbahce,10173,Willian Arão,90,5,M,6.6,False,False,0,1,0,0,0,0,0,39,1,35,3,0,3,13,5,1,0,0,0,1,0,0,0,0,0,0,0
2022,884576,611,Fenerbahce,1361,Ferdi Kadıoğlu,90,7,M,6.5,False,False,0,1,1,0,0,0,0,49,1,40,3,0,1,12,5,3,1,1,1,2,0,0,0,0,0,0,0
2022,884576,611,Fenerbahce,30562,João Pedro,77,20,F,6.2,False,False,1,0,0,0,0,0,0,9,0,4,1,0,0,12,5,2,0,1,2,5,0,0,0,0,0,0,0
2022,884576,611,Fenerbahce,35533,Enner Valencia,90,13,F,7,False,False,0,6,2,1,0,0,0,12,1,10,0,0,0,7,3,0,0,0,3,1,0,0,1,0,1,1,0
2022,884576,611,Fenerbahce,62137,İrfan Can Eğribayat,0,70,G,,False,True,0,0,0,0,0,0,0,0,0,,0,0,0,0,0,0,0,0,0,0,0,0,0,0,0,0,0
2022,884576,611,Fenerbahce,9992,Gustavo Henrique,0,2,D,,False,True,0,0,0,0,0,0,0,0,0,,0,0,0,0,0,0,0,0,0,0,0,0,0,0,0,0,0
2022,884576,611,Fenerbahce,19133,Ezgjan Alioski,0,6,D,,False,True,0,0,0,0,0,0,0,0,0,,0,0,0,0,0,0,0,0,0,0,0,0,0,0,0,0,0
2022,884576,611,Fenerbahce,47446,Emre Mor,21,99,M,5.5,False,True,0,1,0,0,0,0,0,11,0,6,0,0,0,11,2,7,1,1,1,0,0,0,0,0,0,0,0
2022,884576,611,Fenerbahce,1369,Miha Zajc,27,26,M,6.2,False,True,0,0,0,0,0,1,0,22,1,17,1,0,0,5,1,2,0,0,0,0,0,0,0,0,0,0,0
2022,884576,611,Fenerbahce,51045,Diego Rossi,27,9,F,6.6,False,True,0,0,0,0,0,0,0,17,1,16,0,0,0,2,1,1,1,1,0,0,0,0,0,0,0,0,0
2022,884576,611,Fenerbahce,49857,İrfan Can Kahveci,14,17,M,7.6,False,True,0,2,2,1,0,0,0,8,0,8,0,0,0,3,2,3,2,0,0,0,0,0,0,0,0,0,0
2022,884576,611,Fenerbahce,41973,Miguel Crespo,0,27,M,,False,True,0,0,0,0,0,0,0,0,0,,0,0,0,0,0,0,0,0,0,0,0,0,0,0,0,0,0
2022,884576,611,Fenerbahce,214463,İsmail Yüksek,0,80,M,,False,True,0,0,0,0,0,0,0,0,0,,0,0,0,0,0,0,0,0,0,0,0,0,0,0,0,0,0
2022,884576,611,Fenerbahce,25053,Serdar Dursun,13,19,F,6.3,False,True,0,1,1,0,0,0,0,2,0,1,0,0,0,4,2,0,0,0,1,1,0,0,0,0,0,0,0
2022,884576,549,Besiktas,49837,Mert Günok,90,34,G,7,False,False,0,0,0,0,2,0,5,33,0,14,0,0,0,1,1,0,0,0,0,0,0,0,0,0,0,0,0
2022,884576,549,Besiktas,26275,Onur Bulut,90,4,D,5.9,False,False,0,0,0,0,0,0,0,14,1,9,1,0,0,10,4,1,0,1,1,2,0,0,0,1,0,0,0
2022,884576,549,Besiktas,61993,Tayyip Talha Sanuç,11,3,D,6.5,False,False,0,0,0,0,0,0,0,5,0,3,0,0,0,2,1,1,0,0,1,0,0,0,0,0,0,0,0
2022,884576,549,Besiktas,30444,Omar Colley,90,6,D,6.6,False,False,0,0,0,0,0,0,0,16,0,11,1,2,3,7,3,0,0,0,2,2,1,0,0,0,0,0,0
2022,884576,549,Besiktas,18816,Arthur Masuaku,90,25,D,7.7,False,False,0,0,0,0,0,0,0,23,0,11,10,0,1,17,15,3,3,1,0,0,0,0,0,0,0,0,0
2022,884576,549,Besiktas,50006,Amir Hadžiahmetović,45,19,M,6.6,False,False,0,0,0,0,0,0,0,16,0,12,5,0,1,13,6,0,0,2,1,3,0,0,0,0,0,0,0
2022,884576,549,Besiktas,18780,Rachid Ghezzal,45,18,M,6.5,False,False,0,0,0,0,0,0,0,11,1,8,0,0,0,5,1,1,1,1,0,3,0,0,0,0,0,0,0
2022,884576,549,Besiktas,31058,Salih Uçan,90,8,M,7.5,False,False,0,0,0,0,0,1,0,22,1,17,7,1,2,22,13,2,2,6,3,1,0,0,0,0,0,0,0
2022,884576,549,Besiktas,569,Gedson Fernandes,55,83,M,6.3,False,False,0,0,0,0,0,0,0,13,0,10,3,0,2,12,5,2,1,0,1,4,0,0,0,0,0,0,0
2022,884576,549,Besiktas,18768,Cenk Tosun,89,9,M,8.5,True,False,2,2,2,2,0,0,0,13,1,10,4,0,1,19,11,3,1,3,1,0,0,0,0,0,0,0,0
2022,884576,549,Besiktas,386,Vincent Aboubakar,90,10,F,6,False,False,0,1,1,1,0,0,0,17,0,11,3,0,0,21,6,5,0,1,2,1,1,0,0,0,0,0,0
2022,884576,549,Besiktas,1971,Ersin Destanoğlu,0,1,G,,False,True,0,0,0,0,0,0,0,0,0,,0,0,0,0,0,0,0,0,0,0,0,0,0,0,0,0,0
2022,884576,549,Besiktas,1997,Necip Uysal,35,20,D,6.7,False,True,0,0,0,0,0,0,0,5,0,3,1,0,1,4,3,0,0,1,1,0,0,0,0,0,0,0,0
2022,884576,549,Besiktas,49935,Welinton,40,23,D,5.3,False,True,1,3,1,0,0,0,0,9,0,5,2,0,1,5,3,0,0,1,0,1,2,1,0,1,0,0,0
2022,884576,549,Besiktas,50223,Umut Meraş,0,77,D,,False,True,0,0,0,0,0,0,0,0,0,,0,0,0,0,0,0,0,0,0,0,0,0,0,0,0,0,0
2022,884576,549,Besiktas,18948,Nathan Redmond,45,15,M,9.3,False,True,1,1,1,1,0,3,0,6,3,5,1,0,0,3,3,2,2,0,0,0,0,0,0,0,0,0,0
2022,884576,549,Besiktas,50182,Kerem Atakan Kesgin,0,17,M,,False,True,0,0,0,0,0,0,0,0,0,,0,0,0,0,0,0,0,0,0,0,0,0,0,0,0,0,0
2022,884576,549,Besiktas,336665,Berkay Vardar,0,22,M,,False,True,0,0,0,0,0,0,0,0,0,,0,0,0,0,0,0,0,0,0,0,0,0,0,0,0,0,0
2022,884576,549,Besiktas,50176,Tayfur Bingöl,1,88,M,,False,True,0,0,0,0,0,0,0,4,0,3,0,0,0,1,0,0,0,0,0,0,0,0,0,0,0,0,0
2022,884576,549,Besiktas,25921,Alexandru Maxim,45,44,M,6.2,False,True,0,0,0,0,0,0,0,14,0,11,1,0,1,4,1,2,0,0,0,1,1,0,0,0,0,0,0
2022,884576,549,Besiktas,144656,Jackson Muleka,0,40,F,,False,True,0,0,0,0,0,0,0,0,0,,0,0,0,0,0,0,0,0,0,0,0,0,0,0,0,0,0
2022,884589,3589,Fatih Karagümrük,430,Batuhan Ahmet Şen,90,1,G,6.5,False,False,0,0,0,0,2,0,2,34,0,20,0,0,1,1,1,0,0,0,1,0,0,0,0,0,0,0,0
2022,884589,3589,Fatih Karagümrük,49960,Salih Dursun,90,54,D,6.5,False,False,0,0,0,0,0,0,0,24,0,15,5,0,2,15,9,1,1,3,1,1,0,0,0,0,0,0,0
2022,884589,3589,Fatih Karagümrük,119182,Rayyan Baniya,90,99,D,6.6,False,False,0,0,0,0,0,0,0,40,0,32,1,1,2,4,4,0,0,0,2,0,0,0,0,0,0,0,0
2022,884589,3589,Fatih Karagümrük,36969,Ibrahim Drešević,90,5,D,6.9,False,False,0,0,0,0,0,0,0,56,2,46,2,0,2,8,4,1,1,0,0,2,0,0,0,0,0,0,0
2022,884589,3589,Fatih Karagümrük,127609,Münir Levent Mercan,90,18,D,5.3,False,False,0,0,0,0,0,0,0,40,0,24,1,0,0,12,3,1,0,4,2,0,0,0,0,0,0,0,0
2022,884589,3589,Fatih Karagümrük,50272,Otabek Shukurov,85,29,M,6.2,False,False,1,0,0,0,0,0,0,15,1,14,0,0,1,10,2,2,2,2,0,4,0,0,0,0,0,0,0
2022,884589,3589,Fatih Karagümrük,30838,Matteo Ricci,85,8,M,6.9,False,False,0,0,0,0,0,0,0,49,1,41,3,1,1,10,4,0,0,4,1,1,1,0,0,0,0,0,0
2022,884589,3589,Fatih Karagümrük,1217,Magomed Ozdoev,77,27,M,7,False,False,0,1,1,1,0,0,0,18,0,14,1,1,0,8,3,2,1,2,0,1,0,0,0,0,0,0,0
2022,884589,3589,Fatih Karagümrük,140847,Ebrima Colley,90,19,F,6.9,False,False,1,3,3,0,0,0,0,29,1,24,1,0,0,8,3,2,2,2,0,3,0,0,0,0,0,0,0
2022,884589,3589,Fatih Karagümrük,458,Mbaye Diagne,90,9,F,6.9,False,False,2,0,0,0,0,0,0,16,1,11,0,1,0,16,8,1,0,0,3,2,0,0,0,0,0,0,0
2022,884589,3589,Fatih Karagümrük,1648,Fabio Borini,72,16,F,7.2,True,False,0,2,0,0,0,0,0,27,1,18,3,0,1,9,8,1,1,1,3,0,0,0,0,0,0,0,0
2022,884589,3589,Fatih Karagümrük,49867,Muzaffer Cem Kablan,0,23,G,,False,True,0,0,0,0,0,0,0,0,0,,0,0,0,0,0,0,0,0,0,0,0,0,0,0,0,0,0
2022,884589,3589,Fatih Karagümrük,187921,Bruno Rodrigues,0,6,D,,False,True,0,0,0,0,0,0,0,0,0,,0,0,0,0,0,0,0,0,0,0,0,0,0,0,0,0,0
2022,884589,3589,Fatih Karagümrük,15698,Saba Lobjanidze,18,7,M,6.3,False,True,0,0,0,0,0,0,0,7,0,5,1,0,0,2,1,0,0,0,0,0,0,0,0,0,0,0,0
2022,884589,3589,Fatih Karagümrük,2002,Adem Ljajić,12,10,M,6.5,False,True,0,0,0,0,0,0,0,4,0,4,0,0,0,2,1,2,1,0,0,0,0,0,0,0,0,0,0
2022,884589,3589,Fatih Karagümrük,83023,Kerim Frei,0,11,M,,False,True,0,0,0,0,0,0,0,0,0,,0,0,0,0,0,0,0,0,0,0,0,0,0,0,0,0,0
2022,884589,3589,Fatih Karagümrük,294547,Anwan Lawrence,13,24,M,6.2,False,True,0,0,0,0,0,0,0,8,0,7,0,0,0,1,0,0,0,0,0,1,0,0,0,0,0,0,0
2022,884589,3589,Fatih Karagümrük,447,Sofiane Feghouli,0,89,M,,False,True,0,0,0,0,0,0,0,0,0,,0,0,0,0,0,0,0,0,0,0,0,0,0,0,0,0,0
2022,884589,3589,Fatih Karagümrük,1636,Andrea Bertolacci,12,91,M,6.3,False,True,0,0,0,0,0,0,0,5,0,5,0,0,0,1,0,0,0,0,0,1,0,0,0,0,0,0,0
2022,884589,3589,Fatih Karagümrük,36026,Colin Kazim-Richards,0,13,F,,False,True,0,0,0,0,0,0,0,0,0,,0,0,0,0,0,0,0,0,0,0,0,0,0,0,0,0,0
2022,884589,3589,Fatih Karagümrük,50221,Burak Kapacak,0,22,M,,False,True,0,0,0,0,0,0,0,0,0,,0,0,0,0,0,0,0,0,0,0,0,0,0,0,0,0,0
2022,884589,611,Fenerbahce,50132,Altay Bayındır,90,1,G,6.3,True,False,0,0,0,0,1,0,3,31,0,25,0,0,0,0,0,0,0,0,0,0,0,0,0,0,0,0,0
2022,884589,611,Fenerbahce,1361,Ferdi Kadıoğlu,90,7,D,6.2,False,False,0,0,0,0,0,0,0,79,0,71,0,0,0,10,2,4,2,1,0,3,1,0,0,0,0,0,0
2022,884589,611,Fenerbahce,62490,Samet Akaydin,90,3,D,7.3,False,False,0,0,0,0,0,0,0,97,1,93,2,0,3,14,8,0,0,0,2,4,0,0,0,0,0,0,0
2022,884589,611,Fenerbahce,28443,Attila Szalai,90,41,D,7.3,False,False,0,1,1,1,0,0,0,80,0,69,0,1,0,6,3,0,0,0,1,1,0,0,0,0,0,0,0
2022,884589,611,Fenerbahce,19133,Ezgjan Alioski,67,6,D,6.2,False,False,1,0,0,0,0,0,0,52,1,44,0,0,0,4,0,1,0,3,0,0,0,0,0,0,0,0,0
2022,884589,611,Fenerbahce,47446,Emre Mor,57,99,M,7.2,False,False,0,1,1,0,0,0,0,36,0,32,1,0,0,10,8,6,5,0,2,0,0,0,0,0,0,0,0
2022,884589,611,Fenerbahce,214463,İsmail Yüksek,90,80,M,7.2,False,False,0,0,0,0,0,0,0,92,0,86,3,0,1,9,5,2,2,1,0,3,0,0,0,0,0,0,0
2022,884589,611,Fenerbahce,10173,Willian Arão,45,5,M,6.6,False,False,0,0,0,0,0,0,0,44,0,41,1,0,0,5,3,0,0,1,1,0,0,0,0,0,0,0,0
2022,884589,611,Fenerbahce,49857,İrfan Can Kahveci,57,17,M,7.3,False,False,0,0,0,0,0,0,0,32,1,23,1,0,0,8,7,4,4,0,1,1,0,0,0,0,0,0,0
2022,884589,611,Fenerbahce,25053,Serdar Dursun,45,19,F,6.3,False,False,0,0,0,0,0,0,0,11,0,9,1,0,0,2,1,0,0,0,0,0,0,0,0,0,0,0,0
2022,884589,611,Fenerbahce,35533,Enner Valencia,90,13,F,6.3,False,False,1,0,0,0,0,0,0,14,0,12,0,0,0,15,5,4,1,2,3,1,0,0,0,0,0,0,0
2022,884589,611,Fenerbahce,62137,İrfan Can Eğribayat,0,70,G,,False,True,0,0,0,0,0,0,0,0,0,,0,0,0,0,0,0,0,0,0,0,0,0,0,0,0,0,0
2022,884589,611,Fenerbahce,1341,Serdar Aziz,0,4,D,,False,True,0,0,0,0,0,0,0,0,0,,0,0,0,0,0,0,0,0,0,0,0,0,0,0,0,0,0
2022,884589,611,Fenerbahce,49964,Nazım Sangaré,0,30,D,,False,True,0,0,0,0,0,0,0,0,0,,0,0,0,0,0,0,0,0,0,0,0,0,0,0,0,0,0
2022,884589,611,Fenerbahce,412674,Ahmet Aydin,0,29,D,,False,True,0,0,0,0,0,0,0,0,0,,0,0,0,0,0,0,0,0,0,0,0,0,0,0,0,0,0
2022,884589,611,Fenerbahce,51045,Diego Rossi,33,9,F,6.5,False,True,0,1,0,0,0,0,0,10,0,6,0,0,0,4,1,4,1,0,0,0,0,0,0,0,0,0,0
2022,884589,611,Fenerbahce,291964,Arda Güler,33,10,M,7.7,False,True,0,2,1,0,0,1,0,19,1,13,2,0,0,12,9,5,3,0,3,1,0,0,0,0,0,0,0
2022,884589,611,Fenerbahce,19588,Bright Osayi-Samuel,23,21,M,6.7,False,True,0,0,0,0,0,0,0,11,0,9,1,1,0,2,1,1,0,0,0,0,0,0,0,0,0,0,0
2022,884589,611,Fenerbahce,1369,Miha Zajc,45,26,M,7.3,False,True,0,1,1,1,0,0,0,40,0,38,0,0,0,3,1,0,0,1,1,0,0,0,0,0,0,0,0
2022,884589,611,Fenerbahce,41973,Miguel Crespo,0,27,M,,False,True,0,0,0,0,0,0,0,0,0,,0,0,0,0,0,0,0,0,0,0,0,0,0,0,0,0,0
2022,884589,611,Fenerbahce,30562,João Pedro,45,20,F,6.9,False,True,0,1,0,0,0,0,0,5,1,4,0,0,0,3,2,0,0,0,1,1,0,0,0,0,0,0,0
2022,884401,611,Fenerbahce,50132,Altay Bayındır,90,1,G,7.3,True,False,0,0,0,0,0,0,2,26,0,20,0,0,0,0,0,0,0,0,0,0,0,0,0,0,0,0,0
2022,884401,611,Fenerbahce,1361,Ferdi Kadıoğlu,90,7,D,6.9,False,False,0,0,0,0,0,0,0,37,0,28,4,0,0,9,5,3,1,0,0,0,0,0,0,0,0,0,0
2022,884401,611,Fenerbahce,9992,Gustavo Henrique,90,2,D,7.9,False,False,0,2,1,1,0,0,0,48,2,43,0,0,0,8,3,0,0,0,0,2,0,0,0,0,0,0,0
2022,884401,611,Fenerbahce,28443,Attila Szalai,90,41,D,7.2,False,False,0,0,0,0,0,0,0,87,0,81,0,0,2,0,0,0,0,0,0,0,0,0,0,0,0,0,0
2022,884401,611,Fenerbahce,19133,Ezgjan Alioski,90,6,D,6.9,False,False,0,0,0,0,0,0,0,54,0,46,2,0,1,12,6,2,1,0,3,1,0,0,0,0,0,0,0
2022,884401,611,Fenerbahce,51045,Diego Rossi,66,9,M,8.2,False,False,0,1,1,1,0,0,0,35,2,30,1,0,2,3,2,2,1,0,0,0,0,0,0,0,0,0,0
2022,884401,611,Fenerbahce,10173,Willian Arão,90,5,M,7.2,False,False,0,2,2,0,0,1,0,67,1,58,1,1,2,9,4,0,0,2,0,3,0,0,0,0,0,0,0
2022,884401,611,Fenerbahce,41973,Miguel Crespo,81,27,M,7.3,False,False,0,1,1,1,0,0,0,42,0,35,4,0,0,15,6,5,1,1,1,2,0,0,0,0,0,0,0
2022,884401,611,Fenerbahce,47446,Emre Mor,66,99,M,7.9,False,False,0,2,1,0,0,0,0,27,2,24,3,0,0,16,12,5,3,1,6,0,0,0,0,0,0,0,0
2022,884401,611,Fenerbahce,35533,Enner Valencia,86,13,F,8.7,False,False,0,2,2,1,0,1,0,30,4,26,2,0,4,16,8,3,2,0,2,3,0,0,0,0,0,0,0
2022,884401,611,Fenerbahce,30562,João Pedro,82,20,F,6.3,False,False,0,2,1,0,0,0,0,14,1,12,0,0,0,7,3,2,0,0,3,0,0,0,1,0,0,1,0
2022,884401,611,Fenerbahce,62137,İrfan Can Eğribayat,0,70,G,,False,True,0,0,0,0,0,0,0,0,0,,0,0,0,0,0,0,0,0,0,0,0,0,0,0,0,0,0
2022,884401,611,Fenerbahce,291964,Arda Güler,8,10,M,7,False,True,0,0,0,0,0,0,0,12,1,9,0,0,0,0,0,0,0,0,0,0,0,0,0,0,0,0,0
2022,884401,611,Fenerbahce,1369,Miha Zajc,0,26,M,,False,True,0,0,0,0,0,0,0,0,0,,0,0,0,0,0,0,0,0,0,0,0,0,0,0,0,0,0
2022,884401,611,Fenerbahce,49857,İrfan Can Kahveci,24,17,M,7.3,False,True,0,1,1,1,0,0,0,20,1,18,0,0,0,1,1,1,1,0,0,1,0,0,0,0,0,0,0
2022,884401,611,Fenerbahce,10497,Lincoln,24,18,M,6.9,False,True,0,0,0,0,0,1,0,13,1,10,0,0,0,6,2,2,0,0,2,2,0,0,0,0,0,0,0
2022,884401,611,Fenerbahce,19588,Bright Osayi-Samuel,0,21,M,,False,True,0,0,0,0,0,0,0,0,0,,0,0,0,0,0,0,0,0,0,0,0,0,0,0,0,0,0
2022,884401,611,Fenerbahce,50097,Mert Hakan Yandaş,9,8,M,6.5,False,True,0,0,0,0,0,0,0,6,0,5,0,0,0,2,1,0,0,1,0,0,0,0,0,0,0,0,0
2022,884401,611,Fenerbahce,214463,İsmail Yüksek,0,80,M,,False,True,0,0,0,0,0,0,0,0,0,,0,0,0,0,0,0,0,0,0,0,0,0,0,0,0,0,0
2022,884401,611,Fenerbahce,2927,Michy Batshuayi,9,23,F,6.5,False,True,0,1,1,0,0,0,0,0,0,,0,0,0,2,2,1,1,0,0,0,0,0,0,0,0,0,0
2022,884401,611,Fenerbahce,25053,Serdar Dursun,0,19,F,,False,True,0,0,0,0,0,0,0,0,0,,0,0,0,0,0,0,0,0,0,0,0,0,0,0,0,0,0
2022,884401,996,Alanyaspor,2784,Rúnar Alex Rúnarsson,90,13,G,7.2,False,False,0,0,0,0,5,0,6,31,0,24,0,0,0,0,0,0,0,0,0,0,0,0,0,0,0,0,1
2022,884401,996,Alanyaspor,30768,Pedro Pereira,90,27,D,5.6,False,False,0,0,0,0,0,0,0,34,0,27,4,0,1,9,5,3,1,0,0,2,0,0,0,0,0,0,0
2022,884401,996,Alanyaspor,62378,Furkan Bayır,90,4,D,6.2,False,False,0,0,0,0,0,0,0,35,0,33,1,0,1,7,3,0,0,0,0,2,0,0,0,0,0,0,0
2022,884401,996,Alanyaspor,50079,Fatih Aksoy,90,20,D,5.3,False,False,0,0,0,0,0,0,0,46,0,36,3,1,1,14,6,0,0,3,2,2,0,0,0,1,0,0,0
2022,884401,996,Alanyaspor,30918,Jure Balkovec,90,29,D,5.9,False,False,0,0,0,0,0,0,0,24,1,17,3,0,1,7,3,1,0,2,0,0,1,0,0,0,0,0,0
2022,884401,996,Alanyaspor,19326,Leroy Fer,90,8,M,6.7,False,False,0,0,0,0,0,0,0,36,0,31,4,2,1,11,6,0,0,0,1,2,0,0,0,0,0,0,0
2022,884401,996,Alanyaspor,1763,Daniel Candeias,85,21,M,7.5,False,False,0,0,0,0,0,0,0,28,3,19,8,0,1,15,9,0,0,1,0,4,0,0,0,0,0,0,0
2022,884401,996,Alanyaspor,49941,Efecan Karaca,85,7,M,6.2,True,False,0,0,0,0,0,0,0,31,1,29,0,0,0,8,3,1,0,1,3,1,0,0,0,0,0,0,0
2022,884401,996,Alanyaspor,26128,Efkan Bekiroğlu,63,11,M,6.6,False,False,0,2,0,0,0,0,0,27,1,20,1,0,1,11,7,4,3,2,2,1,1,0,0,0,0,0,0
2022,884401,996,Alanyaspor,3175,Zinedine Ferhat,16,10,M,6.3,False,False,0,0,0,0,0,0,0,3,0,2,1,0,0,1,1,0,0,0,0,1,0,0,0,0,0,0,0
2022,884401,996,Alanyaspor,1617,Ahmed Hassan,85,93,F,6,False,False,1,1,0,0,0,0,0,14,0,11,0,0,0,10,4,2,0,1,2,1,0,0,0,0,0,0,0
2022,884401,996,Alanyaspor,49927,Yusuf Karagöz,0,99,G,,False,True,0,0,0,0,0,0,0,0,0,,0,0,0,0,0,0,0,0,0,0,0,0,0,0,0,0,0
2022,884401,996,Alanyaspor,62008,Joher Khadim Rassoul,0,23,D,,False,True,0,0,0,0,0,0,0,0,0,,0,0,0,0,0,0,0,0,0,0,0,0,0,0,0,0,0
2022,884401,996,Alanyaspor,8678,Arnaud Lusamba,10,97,M,7.3,False,True,0,0,0,0,0,0,0,3,1,3,0,0,0,3,2,1,1,0,1,1,0,0,0,0,0,0,0
2022,884401,996,Alanyaspor,284071,Oussama Targhalline,27,18,M,6.2,False,True,0,0,0,0,0,0,0,20,0,18,0,0,0,4,1,0,0,1,1,1,0,0,0,0,0,0,0
2022,884401,996,Alanyaspor,350579,Cagan Kayra Erciyas,0,39,D,,False,True,0,0,0,0,0,0,0,0,0,,0,0,0,0,0,0,0,0,0,0,0,0,0,0,0,0,0
2022,884401,996,Alanyaspor,286825,Yusuf Ozdemir,0,88,M,,False,True,0,0,0,0,0,0,0,0,0,,0,0,0,0,0,0,0,0,0,0,0,0,0,0,0,0,0
2022,884401,996,Alanyaspor,18751,Ivan Cavaleiro,10,19,F,6.7,False,True,0,0,0,0,0,0,0,2,0,2,0,0,2,1,0,0,0,0,0,0,0,0,0,0,0,0,0
2022,884401,996,Alanyaspor,134590,Oğuz Aydın,74,70,F,6.9,False,True,2,2,1,0,0,0,0,18,0,14,1,0,0,4,1,1,0,0,0,0,0,0,0,0,0,0,0
2022,884401,996,Alanyaspor,128350,Erencan Yardımcı,10,9,F,6.2,False,True,1,1,1,0,0,0,0,0,0,,0,0,0,1,0,0,0,0,0,0,0,0,0,0,0,0,0
2022,884401,996,Alanyaspor,3327,Wilson Eduardo,0,17,F,,False,True,0,0,0,0,0,0,0,0,0,,0,0,0,0,0,0,0,0,0,0,0,0,0,0,0,0,0
2022,884454,611,Fenerbahce,50132,Altay Bayındır,90,1,G,7.5,True,False,0,0,0,0,0,0,3,23,0,12,0,0,0,0,0,0,0,0,0,0,1,0,0,0,0,0,0
2022,884454,611,Fenerbahce,1361,Ferdi Kadıoğlu,90,7,D,7.7,False,False,0,1,0,0,0,0,0,38,1,33,2,0,0,9,8,4,3,0,2,0,0,0,0,0,0,0,0
2022,884454,611,Fenerbahce,1341,Serdar Aziz,90,4,D,7.3,False,False,0,1,0,0,0,0,0,49,1,42,2,0,0,7,4,0,0,0,0,0,1,0,0,0,0,0,0
2022,884454,611,Fenerbahce,28443,Attila Szalai,90,41,D,6.9,False,False,0,0,0,0,0,0,0,48,0,42,0,0,0,4,2,0,0,0,0,0,0,0,0,0,0,0,0
2022,884454,611,Fenerbahce,19133,Ezgjan Alioski,83,6,D,7.3,False,False,0,0,0,0,0,0,0,28,0,23,2,1,1,13,8,1,0,0,5,1,0,0,1,0,0,0,0
2022,884454,611,Fenerbahce,10173,Willian Arão,90,5,M,7,False,False,0,0,0,0,0,0,0,47,0,45,1,0,1,14,7,0,0,1,0,1,0,0,0,0,0,0,0
2022,884454,611,Fenerbahce,49857,İrfan Can Kahveci,84,17,M,7.2,False,False,0,2,1,0,0,0,0,29,2,20,0,0,0,8,3,0,0,0,2,4,0,0,0,0,0,0,0
2022,884454,611,Fenerbahce,41973,Miguel Crespo,63,27,M,6.9,False,False,0,1,1,0,0,0,0,34,0,29,3,0,0,10,5,0,0,0,2,3,1,0,0,0,0,0,0
2022,884454,611,Fenerbahce,47446,Emre Mor,63,99,M,6.2,False,False,0,1,0,0,0,0,0,21,0,17,0,0,0,6,2,2,1,1,1,1,1,0,0,0,0,0,0
2022,884454,611,Fenerbahce,35533,Enner Valencia,89,13,F,7.3,False,False,0,4,1,1,0,0,0,15,1,13,2,0,0,18,9,1,0,0,6,3,0,0,0,0,1,0,0
2022,884454,611,Fenerbahce,2927,Michy Batshuayi,48,23,F,5.3,False,False,0,0,0,0,0,0,0,14,2,14,1,0,0,9,2,1,1,1,0,3,2,1,0,0,0,0,0
2022,884454,611,Fenerbahce,210244,Osman Ertuğrul Çetin,0,54,G,,False,True,0,0,0,0,0,0,0,0,0,,0,0,0,0,0,0,0,0,0,0,0,0,0,0,0,0,0
2022,884454,611,Fenerbahce,364594,Yigit Efe Demir,0,94,D,,False,True,0,0,0,0,0,0,0,0,0,,0,0,0,0,0,0,0,0,0,0,0,0,0,0,0,0,0
2022,884454,611,Fenerbahce,214463,İsmail Yüksek,14,80,M,6.7,False,True,0,0,0,0,0,0,0,6,0,4,0,0,0,2,2,0,0,0,0,0,0,0,0,0,0,0,0
2022,884454,611,Fenerbahce,291964,Arda Güler,0,10,M,,False,True,0,0,0,0,0,0,0,0,0,,0,0,0,0,0,0,0,0,0,0,0,0,0,0,0,0,0
2022,884454,611,Fenerbahce,364598,Yusuf Kocatürk,0,69,M,,False,True,0,0,0,0,0,0,0,0,0,,0,0,0,0,0,0,0,0,0,0,0,0,0,0,0,0,0
2022,884454,611,Fenerbahce,1369,Miha Zajc,27,26,M,6.3,False,True,0,0,0,0,0,0,0,7,1,4,0,0,0,6,2,1,0,1,0,1,1,0,0,0,0,0,0
2022,884454,611,Fenerbahce,19588,Bright Osayi-Samuel,15,21,M,6.5,False,True,0,0,0,0,0,0,0,4,0,2,0,0,0,4,2,0,0,1,1,1,0,0,0,0,0,0,0
2022,884454,611,Fenerbahce,51045,Diego Rossi,27,9,F,6.3,False,True,0,0,0,0,0,0,0,4,0,3,0,0,0,1,0,0,0,1,0,0,0,0,0,0,0,0,0
2022,884454,611,Fenerbahce,30562,João Pedro,9,20,F,6.7,False,True,0,0,0,0,0,0,0,7,0,2,0,0,0,2,2,0,0,0,2,0,0,0,0,0,0,0,0
2022,884454,611,Fenerbahce,25053,Serdar Dursun,0,19,F,,False,True,0,0,0,0,0,0,0,0,0,,0,0,0,0,0,0,0,0,0,0,0,0,0,0,0,0,0
2022,884454,1002,Sivasspor,50078,Ali Şaşal Vural,90,35,G,6.3,False,False,0,0,0,0,1,0,2,30,0,17,0,0,0,0,0,0,0,0,0,0,0,0,0,0,0,0,0
2022,884454,1002,Sivasspor,49917,Robin Yalçın,61,8,D,6.5,False,False,1,0,0,0,0,0,0,20,0,15,3,0,1,7,5,1,1,0,1,2,1,0,0,1,0,0,0
2022,884454,1002,Sivasspor,62018,Aaron Appindangoyé,90,4,D,6.3,False,False,0,0,0,0,0,0,0,49,0,37,1,1,0,9,3,0,0,0,0,4,0,0,0,0,0,0,0
2022,884454,1002,Sivasspor,2137,Caner Osmanpaşa,84,88,D,6.3,False,False,0,0,0,0,0,0,0,26,0,20,2,0,1,8,4,0,0,0,1,2,1,0,0,0,0,0,0
2022,884454,1002,Sivasspor,50083,Ziya Erdal,90,58,D,6.9,True,False,0,0,0,0,0,0,0,45,0,40,2,0,1,6,5,0,0,0,3,1,1,0,0,0,0,0,0
2022,884454,1002,Sivasspor,129171,Kader Keita,61,28,M,6.6,False,False,0,2,1,0,0,0,0,17,0,14,1,0,1,8,4,0,0,1,2,2,1,0,0,0,0,0,0
2022,884454,1002,Sivasspor,48051,Fredrik Ulvestad,90,23,M,6.6,False,False,0,1,0,0,0,0,0,28,0,24,2,1,0,12,5,0,0,2,2,1,0,0,0,0,0,0,0
2022,884454,1002,Sivasspor,50098,Erdoğan Yeşilyurt,61,17,M,6.6,False,False,0,1,0,0,0,0,0,9,1,5,0,0,0,4,2,0,0,0,1,2,1,0,0,0,0,0,0
2022,884454,1002,Sivasspor,12939,Dia Saba,89,11,M,7.5,False,False,0,1,1,0,0,0,0,24,4,21,2,0,0,6,2,0,0,0,0,1,1,0,0,0,0,0,0
2022,884454,1002,Sivasspor,3244,Max Gradel,90,7,M,6.7,False,False,0,0,0,0,0,0,0,23,0,18,2,0,1,16,8,5,3,1,3,2,0,0,0,0,0,0,0
2022,884454,1002,Sivasspor,50019,Mustapha Yatabaré,90,9,F,6.6,False,False,3,2,1,0,0,0,0,20,0,10,0,0,0,22,12,2,2,1,1,0,0,0,0,0,0,0,0
2022,884454,1002,Sivasspor,50107,Muammer Yıldırım,0,25,G,,False,True,0,0,0,0,0,0,0,0,0,,0,0,0,0,0,0,0,0,0,0,0,0,0,0,0,0,0
2022,884454,1002,Sivasspor,20686,Samba Camara,0,14,D,,False,True,0,0,0,0,0,0,0,0,0,,0,0,0,0,0,0,0,0,0,0,0,0,0,0,0,0,0
2022,884454,1002,Sivasspor,334063,Mehmet Albayrak,0,96,D,,False,True,0,0,0,0,0,0,0,0,0,,0,0,0,0,0,0,0,0,0,0,0,0,0,0,0,0,0
2022,884454,1002,Sivasspor,40547,Dimitris Goutas,29,6,D,6.6,False,True,0,0,0,0,0,0,0,30,0,28,0,0,0,2,2,0,0,0,1,0,0,0,0,0,0,0,0
2022,884454,1002,Sivasspor,280239,Özkan Yigiter,0,62,M,,False,True,0,0,0,0,0,0,0,0,0,,0,0,0,0,0,0,0,0,0,0,0,0,0,0,0,0,0
2022,884454,1002,Sivasspor,50086,Hakan Arslan,29,37,M,6.6,False,True,0,0,0,0,0,0,0,14,0,13,1,0,0,5,3,0,0,0,1,2,0,0,0,0,0,0,0
2022,884454,1002,Sivasspor,8532,Charis Charisis,0,15,M,,False,True,0,0,0,0,0,0,0,0,0,,0,0,0,0,0,0,0,0,0,0,0,0,0,0,0,0,0
2022,884454,1002,Sivasspor,2779,Ahmed Musa,14,26,F,6.3,False,True,0,0,0,0,0,0,0,4,0,2,0,0,0,0,0,0,0,0,0,0,0,0,0,0,0,0,0
2022,884454,1002,Sivasspor,40296,Karol Angielski,9,19,F,6.3,False,True,0,0,0,0,0,0,0,1,0,1,0,0,0,2,0,0,0,0,0,0,0,0,0,0,0,0,0
2022,884454,1002,Sivasspor,1919,Clinton N'Jie,29,10,F,6.2,False,True,0,0,0,0,0,0,0,16,0,12,0,0,0,6,0,1,0,0,0,4,0,0,0,0,0,0,0
2022,884425,1010,Ankaragucu,50020,Gökhan Akkan,90,32,G,5.5,False,False,0,0,0,0,3,0,2,25,0,17,0,0,0,0,0,0,0,0,0,0,0,0,0,0,0,0,0
2022,884425,1010,Ankaragucu,321,Kévin Malcuit,60,24,D,6.5,False,False,0,0,0,0,0,0,0,31,1,16,1,0,1,2,1,0,0,0,0,1,1,0,0,0,0,0,0
2022,884425,1010,Ankaragucu,66013,Uroš Radaković,90,26,D,6.3,False,False,0,0,0,0,0,0,0,64,0,56,1,0,3,5,2,0,0,0,0,1,0,0,0,0,0,0,0
2022,884425,1010,Ankaragucu,76867,Nihad Mujakić,90,18,D,6.2,False,False,0,0,0,0,0,0,0,59,0,54,2,0,0,5,3,0,0,0,0,0,0,0,0,0,0,0,0
2022,884425,1010,Ankaragucu,61877,Yasin Güreler,78,17,D,6.2,False,False,0,1,0,0,0,0,0,38,0,30,3,0,0,13,7,1,1,1,2,3,1,0,0,0,0,0,0
2022,884425,1010,Ankaragucu,50202,Taylan Antalyalı,78,48,M,7,False,False,1,0,0,0,0,0,0,30,1,23,0,1,0,5,4,1,1,0,3,0,0,0,0,0,0,0,0
2022,884425,1010,Ankaragucu,1355,Tolga Ciğerci,90,30,M,7.2,True,False,0,0,0,0,0,0,0,64,1,59,4,0,2,9,6,0,0,0,2,1,0,0,0,0,0,0,0
2022,884425,1010,Ankaragucu,28394,Giorgi Beridze,71,21,M,6.3,False,False,2,1,1,0,0,0,0,17,0,10,0,0,0,7,2,2,0,0,2,1,0,0,0,0,0,0,0
2022,884425,1010,Ankaragucu,50091,Emre Kılınç,90,54,M,7.2,False,False,0,0,0,0,0,0,0,44,3,34,4,0,1,16,9,3,3,0,0,0,0,0,0,0,0,0,0
2022,884425,1010,Ankaragucu,1585,Jesé Rodríguez,60,10,M,6.2,False,False,1,0,0,0,0,0,0,8,0,5,1,0,0,4,1,0,0,0,0,0,0,0,0,0,0,0,0
2022,884425,1010,Ankaragucu,11012,Ali Sowe,90,22,F,6.6,False,False,1,1,0,0,0,0,0,18,0,15,2,0,0,18,7,2,1,0,3,2,0,0,0,0,0,0,0
2022,884425,1010,Ankaragucu,194689,Bahadır Han Güngördü,0,99,G,,False,True,0,0,0,0,0,0,0,0,0,,0,0,0,0,0,0,0,0,0,0,0,0,0,0,0,0,0
2022,884425,1010,Ankaragucu,61908,Atakan Cankaya,0,4,M,,False,True,0,0,0,0,0,0,0,0,0,,0,0,0,0,0,0,0,0,0,0,0,0,0,0,0,0,0
2022,884425,1010,Ankaragucu,61953,Oğuz Ceylan,30,77,D,6.2,False,True,0,0,0,0,0,0,0,24,0,21,0,0,0,2,0,0,0,1,0,1,0,0,0,0,0,0,0
2022,884425,1010,Ankaragucu,10309,Marlon,12,3,D,6.5,False,True,0,0,0,0,0,0,0,12,0,11,1,0,0,2,1,0,0,0,0,1,0,0,0,0,0,0,0
2022,884425,1010,Ankaragucu,26748,Anastasios Chatzigiovanis,30,7,M,6.6,False,True,1,0,0,0,0,0,0,18,0,14,0,0,0,2,2,1,1,0,1,0,0,0,0,0,0,0,0
2022,884425,1010,Ankaragucu,1814,Şahverdi Çetin,0,6,M,,False,True,0,0,0,0,0,0,0,0,0,,0,0,0,0,0,0,0,0,0,0,0,0,0,0,0,0,0
2022,884425,1010,Ankaragucu,119029,Lamine Diack,0,14,M,,False,True,0,0,0,0,0,0,0,0,0,,0,0,0,0,0,0,0,0,0,0,0,0,0,0,0,0,0
2022,884425,1010,Ankaragucu,62196,Firatcan Üzüm,0,88,M,,False,True,0,0,0,0,0,0,0,0,0,,0,0,0,0,0,0,0,0,0,0,0,0,0,0,0,0,0
2022,884425,1010,Ankaragucu,41523,Pedrinho,19,8,M,6.3,False,True,0,0,0,0,0,0,0,13,0,10,0,0,0,4,1,0,0,1,1,1,0,0,0,0,0,0,0
2022,884425,1010,Ankaragucu,26759,Federico Macheda,12,11,F,6.5,False,True,0,0,0,0,0,0,0,2,0,1,0,0,0,1,0,0,0,0,0,0,0,0,0,0,0,0,0
2022,884425,611,Fenerbahce,50132,Altay Bayındır,90,1,G,7.3,True,False,0,0,0,0,0,0,2,25,0,15,1,0,0,1,1,0,0,0,0,0,0,0,0,0,0,0,0
2022,884425,611,Fenerbahce,1341,Serdar Aziz,90,4,D,7.7,False,False,0,1,0,0,0,0,0,56,1,49,2,1,1,6,5,0,0,0,1,1,0,0,0,0,0,0,0
2022,884425,611,Fenerbahce,9992,Gustavo Henrique,90,2,D,6.9,False,False,0,0,0,0,0,0,0,41,0,38,0,1,1,6,2,0,0,2,0,1,0,0,0,0,0,0,0
2022,884425,611,Fenerbahce,28443,Attila Szalai,90,41,D,7.3,False,False,0,1,0,0,0,0,0,55,0,41,3,1,3,10,7,0,0,1,0,1,0,0,0,0,0,0,0
2022,884425,611,Fenerbahce,41973,Miguel Crespo,90,27,M,7.3,False,False,0,0,0,0,0,0,0,36,1,29,5,0,1,17,9,0,0,1,3,4,0,0,0,0,0,0,0
2022,884425,611,Fenerbahce,19588,Bright Osayi-Samuel,89,21,M,6.3,False,False,0,0,0,0,0,0,0,31,0,27,3,1,0,11,4,3,0,0,1,1,1,0,0,0,0,0,0
2022,884425,611,Fenerbahce,49857,İrfan Can Kahveci,72,17,M,7.7,False,False,0,1,1,1,0,0,0,33,1,26,3,0,1,16,6,0,0,2,2,4,0,0,0,0,0,0,0
2022,884425,611,Fenerbahce,10497,Lincoln,89,18,M,6.9,False,False,0,0,0,0,0,0,0,35,1,32,1,0,0,5,3,1,0,0,2,0,0,0,0,0,0,0,0
2022,884425,611,Fenerbahce,1361,Ferdi Kadıoğlu,90,7,M,7.5,False,False,0,0,0,0,0,0,0,36,1,28,3,0,2,5,4,0,0,0,1,0,0,0,0,0,0,0,0
2022,884425,611,Fenerbahce,2927,Michy Batshuayi,66,23,F,7.2,False,False,0,2,2,1,0,0,0,10,0,4,0,0,0,5,2,0,0,0,0,2,0,0,0,0,0,0,0
2022,884425,611,Fenerbahce,35533,Enner Valencia,66,13,F,6.3,False,False,0,2,1,0,0,1,0,15,2,13,0,1,0,5,0,2,0,0,0,1,0,0,0,0,0,0,0
2022,884425,611,Fenerbahce,62137,İrfan Can Eğribayat,0,70,G,,False,True,0,0,0,0,0,0,0,0,0,,0,0,0,0,0,0,0,0,0,0,0,0,0,0,0,0,0
2022,884425,611,Fenerbahce,50059,Çağtay Kurukalıp,0,33,D,,False,True,0,0,0,0,0,0,0,0,0,,0,0,0,0,0,0,0,0,0,0,0,0,0,0,0,0,0
2022,884425,611,Fenerbahce,19133,Ezgjan Alioski,1,6,D,,False,True,0,0,0,0,0,0,0,1,0,1,0,0,0,0,0,0,0,0,0,0,0,0,0,0,0,0,0
2022,884425,611,Fenerbahce,364594,Yigit Efe Demir,0,94,D,,False,True,0,0,0,0,0,0,0,0,0,,0,0,0,0,0,0,0,0,0,0,0,0,0,0,0,0,0
2022,884425,611,Fenerbahce,214463,İsmail Yüksek,18,80,M,6.7,False,True,0,0,0,0,0,0,0,13,0,12,0,0,1,3,2,0,0,1,2,0,0,0,0,0,0,0,0
2022,884425,611,Fenerbahce,291964,Arda Güler,1,10,M,,False,True,0,0,0,0,0,0,0,0,0,,0,0,0,0,0,0,0,0,0,0,0,0,0,0,0,0,0
2022,884425,611,Fenerbahce,364598,Yusuf Kocatürk,0,69,M,,False,True,0,0,0,0,0,0,0,0,0,,0,0,0,0,0,0,0,0,0,0,0,0,0,0,0,0,0
2022,884425,611,Fenerbahce,30562,João Pedro,24,20,F,6.2,False,True,0,1,0,0,0,0,0,4,0,2,0,0,0,1,1,0,0,0,0,0,0,0,0,0,0,0,0
2022,884425,611,Fenerbahce,25053,Serdar Dursun,0,19,F,,False,True,0,0,0,0,0,0,0,0,0,,0,0,0,0,0,0,0,0,0,0,0,0,0,0,0,0,0
2022,884425,611,Fenerbahce,51045,Diego Rossi,24,9,F,7.5,False,True,0,1,1,1,0,0,0,10,1,7,0,0,0,4,3,4,3,0,0,0,0,0,0,0,0,0,0
2022,884364,611,Fenerbahce,50132,Altay Bayındır,90,1,G,7.6,True,False,0,0,0,0,2,0,6,31,0,16,0,0,0,1,1,0,0,0,0,0,0,0,0,0,0,0,0
2022,884364,611,Fenerbahce,1361,Ferdi Kadıoğlu,90,7,D,7,False,False,0,1,1,0,0,0,0,36,2,27,0,0,3,4,2,2,1,0,1,1,0,0,0,0,0,0,0
2022,884364,611,Fenerbahce,30524,Mauricio Lemos,90,29,D,6.5,False,False,0,0,0,0,0,0,0,41,0,34,1,1,0,8,3,0,0,1,0,1,0,0,0,0,0,0,0
2022,884364,611,Fenerbahce,28443,Attila Szalai,90,41,D,6.2,False,False,0,1,0,0,0,0,0,24,0,23,1,1,0,3,1,0,0,0,0,2,1,0,0,1,0,0,0
2022,884364,611,Fenerbahce,71,Luan Peres,90,28,D,6.6,False,False,0,0,0,0,0,0,0,40,0,37,1,0,3,2,2,0,0,0,0,0,0,0,0,0,0,0,0
2022,884364,611,Fenerbahce,47446,Emre Mor,80,99,M,6.7,False,False,0,2,1,0,0,0,0,16,0,13,2,0,2,15,8,4,4,1,2,1,0,0,0,0,0,0,0
2022,884364,611,Fenerbahce,10173,Willian Arão,61,5,M,6.3,False,False,0,1,1,0,0,0,0,25,0,23,1,0,0,6,2,0,0,1,0,2,1,0,0,0,0,0,0
2022,884364,611,Fenerbahce,1369,Miha Zajc,62,26,M,6.9,False,False,0,1,1,1,0,0,0,19,0,16,0,0,0,2,1,1,1,0,0,0,1,0,0,0,0,0,0
2022,884364,611,Fenerbahce,10497,Lincoln,88,18,M,7.6,False,False,0,0,0,0,0,1,0,35,4,28,2,0,0,7,4,3,1,0,1,1,0,0,0,0,0,0,0
2022,884364,611,Fenerbahce,25053,Serdar Dursun,61,19,F,6.9,False,False,0,0,0,0,0,1,0,13,2,10,0,0,1,9,3,1,0,1,3,1,0,0,0,0,0,0,0
2022,884364,611,Fenerbahce,35533,Enner Valencia,90,13,F,8.3,False,False,1,2,2,2,0,0,0,19,0,18,1,0,1,18,6,5,3,1,2,2,0,0,1,0,1,0,0
2022,884364,611,Fenerbahce,210244,Osman Ertuğrul Çetin,0,54,G,,False,True,0,0,0,0,0,0,0,0,0,,0,0,0,0,0,0,0,0,0,0,0,0,0,0,0,0,0
2022,884364,611,Fenerbahce,9992,Gustavo Henrique,0,2,D,,False,True,0,0,0,0,0,0,0,0,0,,0,0,0,0,0,0,0,0,0,0,0,0,0,0,0,0,0
2022,884364,611,Fenerbahce,19133,Ezgjan Alioski,10,6,D,7.3,False,True,0,1,1,1,0,0,0,13,0,9,0,0,0,1,1,0,0,0,0,0,0,0,0,0,0,0,0
2022,884364,611,Fenerbahce,50097,Mert Hakan Yandaş,28,8,M,6.7,False,True,0,0,0,0,0,0,0,23,1,22,0,0,2,2,0,0,0,1,0,0,0,0,0,0,0,0,0
2022,884364,611,Fenerbahce,49857,İrfan Can Kahveci,0,17,M,,False,True,0,0,0,0,0,0,0,0,0,,0,0,0,0,0,0,0,0,0,0,0,0,0,0,0,0,0
2022,884364,611,Fenerbahce,19588,Bright Osayi-Samuel,9,21,M,6.7,False,True,0,0,0,0,0,0,0,4,0,4,0,0,0,1,1,0,0,0,1,0,0,0,0,0,0,0,0
2022,884364,611,Fenerbahce,41973,Miguel Crespo,0,27,M,,False,True,0,0,0,0,0,0,0,0,0,,0,0,0,0,0,0,0,0,0,0,0,0,0,0,0,0,0
2022,884364,611,Fenerbahce,214463,İsmail Yüksek,29,80,M,6.7,False,True,0,0,0,0,0,0,0,9,0,8,1,0,2,6,2,0,0,0,0,2,0,0,0,0,0,0,0
2022,884364,611,Fenerbahce,51045,Diego Rossi,29,9,F,6.9,False,True,0,1,0,0,0,0,0,11,0,11,1,0,0,4,2,0,0,0,1,2,0,0,0,0,0,0,0
2022,884364,611,Fenerbahce,30562,João Pedro,0,20,F,,False,True,0,0,0,0,0,0,0,0,0,,0,0,0,0,0,0,0,0,0,0,0,0,0,0,0,0,0
2022,884364,3563,Adana Demirspor,49894,Ertaç Özbir,90,25,G,6,False,False,0,0,0,0,4,0,3,34,0,32,0,0,0,1,0,0,0,1,0,0,0,0,0,0,0,0,0
2022,884364,3563,Adana Demirspor,36889,Jonas Svensson,89,22,D,6.2,False,False,0,0,0,0,0,0,0,48,1,40,4,0,1,10,5,0,0,2,1,0,0,0,0,0,0,0,0
2022,884364,3563,Adana Demirspor,62490,Samet Akaydın,90,5,D,5.9,False,False,0,0,0,0,0,0,0,49,0,33,3,1,1,15,11,1,1,2,3,3,1,0,0,0,0,0,0
2022,884364,3563,Adana Demirspor,1204,Yaroslav Rakitskiy,82,44,D,6.5,False,False,0,0,0,0,0,0,0,31,1,25,2,0,2,5,4,1,1,0,0,1,0,1,0,0,0,0,0
2022,884364,3563,Adana Demirspor,47304,Kévin Rodrigues,90,77,D,5.9,False,False,0,0,0,0,0,0,0,35,2,30,3,0,1,11,5,2,1,2,1,2,0,0,0,1,0,0,0
2022,884364,3563,Adana Demirspor,49854,Gökhan Inler,62,88,M,6.2,True,False,0,1,1,0,0,0,0,35,0,32,0,0,1,1,0,0,0,1,0,0,0,0,0,0,0,0,0
2022,884364,3563,Adana Demirspor,451,Badou Ndiaye,90,17,M,6.5,False,False,0,0,0,0,0,0,0,36,1,34,2,0,1,15,8,2,1,2,4,4,0,0,0,0,0,0,0
2022,884364,3563,Adana Demirspor,1186,Babajide David Akintola,45,11,M,6.3,False,False,1,0,0,0,0,0,0,8,0,8,1,0,0,3,1,1,0,0,0,1,1,0,0,0,0,0,0
2022,884364,3563,Adana Demirspor,445,Younès Belhanda,90,10,M,7,False,False,0,3,2,1,0,0,0,35,2,28,0,0,0,2,1,0,0,0,1,0,1,0,0,0,1,0,0
2022,884364,3563,Adana Demirspor,456,Henry Onyekuru,90,7,M,7.2,False,False,1,2,2,0,0,1,0,16,1,8,0,0,1,9,5,4,2,0,3,1,1,0,1,0,0,0,0
2022,884364,3563,Adana Demirspor,1223,Artem Dzyuba,87,24,F,7.5,False,False,1,2,1,1,0,0,0,17,2,13,0,0,0,10,6,0,0,0,1,0,0,0,0,0,0,0,0
2022,884364,3563,Adana Demirspor,50105,Vedat Karakuş,0,39,G,,False,True,0,0,0,0,0,0,0,0,0,,0,0,0,0,0,0,0,0,0,0,0,0,0,0,0,0,0
2022,884364,3563,Adana Demirspor,61993,Tayyip Talha Sanuç,0,2,D,,False,True,0,0,0,0,0,0,0,0,0,,0,0,0,0,0,0,0,0,0,0,0,0,0,0,0,0,0
2022,884364,3563,Adana Demirspor,101413,Abdurrahim Dursun,0,3,D,,False,True,0,0,0,0,0,0,0,0,0,,0,0,0,0,0,0,0,0,0,0,0,0,0,0,0,0,0
2022,884364,3563,Adana Demirspor,61987,Semih Güler,0,4,D,,False,True,0,0,0,0,0,0,0,0,0,,0,0,0,0,0,0,0,0,0,0,0,0,0,0,0,0,0
2022,884364,3563,Adana Demirspor,70526,İsmail Çokçalış,0,16,D,,False,True,0,0,0,0,0,0,0,0,0,,0,0,0,0,0,0,0,0,0,0,0,0,0,0,0,0,0
2022,884364,3563,Adana Demirspor,2791,Birkir Bjarnason,0,8,M,,False,True,0,0,0,0,0,0,0,0,0,,0,0,0,0,0,0,0,0,0,0,0,0,0,0,0,0,0
2022,884364,3563,Adana Demirspor,62011,Berk Yıldız,1,70,M,,False,True,0,0,0,0,0,0,0,1,0,,0,0,0,1,0,0,0,0,0,1,0,0,0,0,0,0,0
2022,884364,3563,Adana Demirspor,407,Benjamin Stambouli,28,90,M,6.9,False,True,0,0,0,0,0,0,0,21,0,18,4,0,2,5,4,1,0,0,0,0,0,0,0,0,0,0,0
2022,884364,3563,Adana Demirspor,19249,Britt Assombalonga,10,9,F,6.6,False,True,1,1,1,0,0,0,0,0,0,,0,0,0,0,0,0,0,0,0,0,0,0,0,0,0,0,0
2022,884364,3563,Adana Demirspor,1921,Yusuf Sarı,45,26,F,6.9,False,True,0,3,2,0,0,0,0,3,1,2,0,0,0,1,0,1,0,0,0,0,0,0,0,0,0,0,0
2022,884464,611,Fenerbahce,50132,Altay Bayındır,90,1,G,6.3,True,False,0,0,0,0,2,0,2,22,0,17,0,0,0,1,1,0,0,0,1,0,0,0,0,0,0,0,0
2022,884464,611,Fenerbahce,1361,Ferdi Kadıoğlu,90,7,D,7,False,False,0,0,0,0,0,0,0,29,1,26,4,0,1,17,10,5,2,1,4,0,0,0,1,0,0,0,0
2022,884464,611,Fenerbahce,1341,Serdar Aziz,90,4,D,6.3,False,False,0,0,0,0,0,0,0,45,0,36,0,0,1,9,7,0,0,0,1,0,0,0,0,0,0,0,0
2022,884464,611,Fenerbahce,28443,Attila Szalai,90,41,D,6.9,False,False,0,1,0,0,0,0,0,64,0,52,1,1,2,9,6,0,0,0,0,2,0,0,0,0,0,0,0
2022,884464,611,Fenerbahce,19133,Ezgjan Alioski,79,6,D,6.9,False,False,0,0,0,0,0,0,0,19,1,17,2,0,1,6,5,0,0,0,2,0,0,0,0,0,0,0,0
2022,884464,611,Fenerbahce,10173,Willian Arão,87,5,M,7.2,False,False,0,0,0,0,0,0,0,45,2,33,5,0,3,13,9,0,0,0,0,0,0,0,0,0,0,0,0
2022,884464,611,Fenerbahce,49857,İrfan Can Kahveci,78,17,M,6.9,False,False,0,4,1,0,0,0,0,21,2,13,1,0,0,7,3,0,0,0,2,4,0,0,0,0,0,0,0
2022,884464,611,Fenerbahce,1369,Miha Zajc,62,26,M,6.6,False,False,0,1,0,0,0,0,0,25,0,20,1,1,1,4,1,0,0,1,0,1,0,0,0,0,0,0,0
2022,884464,611,Fenerbahce,51045,Diego Rossi,62,9,M,6.3,False,False,0,1,0,0,0,0,0,14,1,11,0,0,1,2,0,2,0,0,0,0,0,0,0,0,0,0,0
2022,884464,611,Fenerbahce,30562,João Pedro,40,20,F,5.5,False,False,1,0,0,0,0,0,0,8,0,5,0,0,0,8,3,0,0,0,1,4,2,1,0,0,0,0,0
2022,884464,611,Fenerbahce,35533,Enner Valencia,90,13,F,6.9,False,False,0,3,1,1,0,0,0,22,0,14,1,0,1,20,10,4,1,0,5,1,0,0,0,0,1,0,0
2022,884464,611,Fenerbahce,210244,Osman Ertuğrul Çetin,0,54,G,,False,True,0,0,0,0,0,0,0,0,0,,0,0,0,0,0,0,0,0,0,0,0,0,0,0,0,0,0
2022,884464,611,Fenerbahce,50059,Çağtay Kurukalıp,0,33,D,,False,True,0,0,0,0,0,0,0,0,0,,0,0,0,0,0,0,0,0,0,0,0,0,0,0,0,0,0
2022,884464,611,Fenerbahce,364594,Yigit Efe Demir,0,94,D,,False,True,0,0,0,0,0,0,0,0,0,,0,0,0,0,0,0,0,0,0,0,0,0,0,0,0,0,0
2022,884464,611,Fenerbahce,19588,Bright Osayi-Samuel,28,21,M,6.3,False,True,0,0,0,0,0,0,0,8,0,7,0,0,0,5,2,3,1,0,0,1,0,0,0,0,0,0,0
2022,884464,611,Fenerbahce,47446,Emre Mor,12,99,M,6.6,False,True,0,0,0,0,0,0,0,10,2,8,0,0,0,3,1,0,0,0,0,0,0,0,0,0,0,0,0
2022,884464,611,Fenerbahce,41973,Miguel Crespo,28,27,M,6.7,False,True,0,0,0,0,0,0,0,11,0,7,2,0,0,7,3,1,1,0,0,2,0,0,0,0,0,0,0
2022,884464,611,Fenerbahce,214463,İsmail Yüksek,0,80,M,,False,True,0,0,0,0,0,0,0,0,0,,0,0,0,0,0,0,0,0,0,0,0,0,0,0,0,0,0
2022,884464,611,Fenerbahce,291964,Arda Güler,10,10,M,6.9,False,True,0,0,0,0,0,0,0,5,1,3,0,0,0,1,1,0,0,0,1,0,0,0,0,0,0,0,0
2022,884464,611,Fenerbahce,364598,Yusuf Kocatürk,0,69,M,,False,True,0,0,0,0,0,0,0,0,0,,0,0,0,0,0,0,0,0,0,0,0,0,0,0,0,0,0
2022,884464,611,Fenerbahce,25053,Serdar Dursun,11,19,F,6.2,False,True,0,1,0,0,0,0,0,4,0,3,0,0,0,3,2,0,0,0,1,1,0,0,0,0,0,0,0
2022,884464,3574,Giresunspor,134492,Onurcan Piri,90,1,G,6.3,True,False,0,0,0,0,1,0,1,33,0,17,0,0,0,2,2,0,0,0,2,0,0,0,0,0,0,0,0
2022,884464,3574,Giresunspor,25076,Görkem Sağlam,71,23,D,6.3,False,False,2,0,0,0,0,0,0,27,0,23,1,0,0,3,2,0,0,0,1,0,0,0,0,0,0,0,0
2022,884464,3574,Giresunspor,44568,Ramón Arias,90,21,D,6.3,False,False,0,0,0,0,0,0,0,29,0,23,2,2,1,12,4,0,0,1,1,4,1,0,0,1,0,0,0
2022,884464,3574,Giresunspor,35969,Alexis Pérez,90,25,D,7,False,False,0,1,1,0,0,0,0,51,0,42,1,0,1,12,8,0,0,0,2,1,1,0,0,0,0,0,0
2022,884464,3574,Giresunspor,61814,Alper Uludağ,90,6,D,6.9,False,False,1,0,0,0,0,0,0,32,2,20,2,0,0,8,3,0,0,1,0,2,1,0,0,0,0,0,0
2022,884464,3574,Giresunspor,59860,Robert Mejía,90,14,M,6.9,False,False,0,0,0,0,0,0,0,43,0,34,3,1,1,15,10,1,0,2,5,0,0,0,0,0,0,0,0
2022,884464,3574,Giresunspor,5972,Jorman Campuzano,89,30,M,7,False,False,0,0,0,0,0,0,0,34,0,29,4,0,1,11,6,0,0,0,1,3,0,0,0,0,0,0,0
2022,884464,3574,Giresunspor,37272,Brandley Kuwas,71,11,M,6.3,False,False,1,0,0,0,0,0,0,19,1,13,0,0,0,6,1,0,0,1,1,1,0,0,0,0,0,0,0
2022,884464,3574,Giresunspor,109559,Serginho,89,10,M,6.2,False,False,2,1,1,0,0,0,0,17,0,15,3,0,2,10,3,2,0,0,0,3,0,0,0,0,0,0,0
2022,884464,3574,Giresunspor,133453,Borja Sainz,90,7,M,8.2,False,False,1,2,2,2,0,0,0,26,1,17,2,0,1,13,5,5,2,0,1,1,0,0,0,0,0,0,0
2022,884464,3574,Giresunspor,9084,Riad Bajić,82,9,F,6.2,False,False,0,0,0,0,0,0,0,11,0,7,0,0,0,12,3,2,0,0,1,0,0,0,0,0,0,0,0
2022,884464,3574,Giresunspor,49952,Ferhat Kaplan,0,35,G,,False,True,0,0,0,0,0,0,0,0,0,,0,0,0,0,0,0,0,0,0,0,0,0,0,0,0,0,0
2022,884464,3574,Giresunspor,143813,Sergen Piçinciol,1,4,D,,False,True,0,0,0,0,0,0,0,4,0,2,0,0,0,2,0,0,0,0,0,1,0,0,0,0,0,0,0
2022,884464,3574,Giresunspor,302969,Senghor Faustin,0,5,D,,False,True,0,0,0,0,0,0,0,0,0,,0,0,0,0,0,0,0,0,0,0,0,0,0,0,0,0,0
2022,884464,3574,Giresunspor,366672,Sahin Dik,0,88,D,,False,True,0,0,0,0,0,0,0,0,0,,0,0,0,0,0,0,0,0,0,0,0,0,0,0,0,0,0
2022,884464,3574,Giresunspor,325553,Kadir Seven,0,50,D,,False,True,0,0,0,0,0,0,0,0,0,,0,0,0,0,0,0,0,0,0,0,0,0,0,0,0,0,0
2022,884464,3574,Giresunspor,49877,Murat Cem Akpinar,1,22,M,,False,True,0,0,0,0,0,0,0,5,0,2,1,0,0,1,1,0,0,0,0,0,0,0,0,0,0,0,0
2022,884464,3574,Giresunspor,40183,Vukan Savićević,19,26,M,6.2,False,True,0,0,0,0,0,0,0,6,0,4,0,0,0,3,0,1,0,0,0,1,0,0,0,0,0,0,0
2022,884464,3574,Giresunspor,61816,Rahmetullah Berisbek,19,19,M,7,False,True,0,0,0,0,0,0,0,8,0,6,3,0,2,4,3,0,0,0,0,1,0,0,0,0,0,0,0
2022,884464,3574,Giresunspor,62720,Doğan Can Davas,0,17,M,,False,True,0,0,0,0,0,0,0,0,0,,0,0,0,0,0,0,0,0,0,0,0,0,0,0,0,0,0
2022,884464,3574,Giresunspor,61975,Oğulcan Çağlayan,8,20,F,6.6,False,True,0,1,0,0,0,0,0,6,0,5,0,0,0,1,0,0,0,0,0,0,0,0,0,0,0,0,0
2022,884436,611,Fenerbahce,50132,Altay Bayındır,90,1,G,7.5,True,False,0,0,0,0,0,0,1,22,0,14,0,0,0,1,1,0,0,0,0,0,0,0,0,0,0,0,0
2022,884436,611,Fenerbahce,1341,Serdar Aziz,90,4,D,6.6,False,False,0,1,0,0,0,0,0,51,1,41,0,0,0,3,0,0,0,0,0,2,0,0,0,0,0,0,0
2022,884436,611,Fenerbahce,9992,Gustavo Henrique,90,2,D,6.9,False,False,0,0,0,0,0,0,0,49,1,43,0,0,3,11,3,0,0,0,1,6,0,0,0,0,0,0,0
2022,884436,611,Fenerbahce,28443,Attila Szalai,90,41,D,7,False,False,0,0,0,0,0,0,0,72,0,55,0,0,3,5,3,0,0,1,0,1,0,0,0,0,0,0,0
2022,884436,611,Fenerbahce,214463,İsmail Yüksek,67,80,M,6.9,False,False,0,1,0,0,0,0,0,31,0,22,1,0,1,8,5,1,0,1,2,1,0,0,0,0,0,0,0
2022,884436,611,Fenerbahce,1361,Ferdi Kadıoğlu,89,7,M,7.3,False,False,0,0,0,0,0,0,0,37,1,31,3,0,0,9,6,0,0,0,2,0,0,0,0,0,0,0,0
2022,884436,611,Fenerbahce,49857,İrfan Can Kahveci,74,17,M,7.5,False,False,0,1,1,0,0,0,0,27,0,19,4,0,0,12,7,1,1,0,2,3,1,0,0,0,0,0,0
2022,884436,611,Fenerbahce,41973,Miguel Crespo,90,27,M,7.3,False,False,0,0,0,0,0,0,0,50,3,40,3,0,1,20,14,4,2,0,8,3,0,0,0,0,0,0,0
2022,884436,611,Fenerbahce,10497,Lincoln,90,18,M,7.3,False,False,0,0,0,0,0,0,0,48,3,42,2,0,1,9,4,2,1,0,1,0,0,0,0,0,0,0,0
2022,884436,611,Fenerbahce,2927,Michy Batshuayi,74,23,F,6.6,False,False,1,1,1,0,0,0,0,11,0,6,0,0,0,6,2,1,1,0,0,0,0,0,0,0,0,0,0
2022,884436,611,Fenerbahce,35533,Enner Valencia,74,13,F,6.2,False,False,1,1,0,0,0,0,0,17,0,11,1,0,0,19,9,4,1,0,2,1,0,0,0,0,0,0,0
2022,884436,611,Fenerbahce,62137,İrfan Can Eğribayat,0,70,G,,False,True,0,0,0,0,0,0,0,0,0,,0,0,0,0,0,0,0,0,0,0,0,0,0,0,0,0,0
2022,884436,611,Fenerbahce,19133,Ezgjan Alioski,0,6,D,,False,True,0,0,0,0,0,0,0,0,0,,0,0,0,0,0,0,0,0,0,0,0,0,0,0,0,0,0
2022,884436,611,Fenerbahce,291964,Arda Güler,0,10,M,,False,True,0,0,0,0,0,0,0,0,0,,0,0,0,0,0,0,0,0,0,0,0,0,0,0,0,0,0
2022,884436,611,Fenerbahce,10173,Willian Arão,23,5,M,7.2,False,True,0,2,0,0,0,1,0,16,1,13,2,0,0,5,4,0,0,0,1,1,0,0,0,0,0,0,0
2022,884436,611,Fenerbahce,1369,Miha Zajc,0,26,M,,False,True,0,0,0,0,0,0,0,0,0,,0,0,0,0,0,0,0,0,0,0,0,0,0,0,0,0,0
2022,884436,611,Fenerbahce,19588,Bright Osayi-Samuel,1,21,M,,False,True,0,0,0,0,0,0,0,0,0,,0,0,0,0,0,0,0,0,0,0,0,0,0,0,0,0,0
2022,884436,611,Fenerbahce,47446,Emre Mor,16,99,M,7,False,True,0,0,0,0,0,0,0,4,1,4,2,0,0,5,4,2,2,0,0,0,0,0,0,0,0,0,0
2022,884436,611,Fenerbahce,25053,Serdar Dursun,0,19,F,,False,True,0,0,0,0,0,0,0,0,0,,0,0,0,0,0,0,0,0,0,0,0,0,0,0,0,0,0
2022,884436,611,Fenerbahce,51045,Diego Rossi,16,9,F,7.2,False,True,1,1,1,1,0,0,0,5,0,5,0,0,0,5,1,0,0,0,0,0,0,0,0,0,0,0,0
2022,884436,611,Fenerbahce,30562,João Pedro,16,20,F,6.7,False,True,0,1,0,0,0,0,0,4,0,2,0,0,0,4,2,0,0,0,0,1,0,0,0,0,0,0,0
2022,884436,564,Istanbul Basaksehir,49835,Volkan Babacan,90,1,G,6.6,False,False,0,0,0,0,1,0,2,42,0,26,0,0,0,1,1,0,0,0,1,0,0,0,0,0,0,0,0
2022,884436,564,Istanbul Basaksehir,50018,Ömer Ali Şahiner,90,42,D,7.5,False,False,0,0,0,0,0,0,0,35,0,25,7,0,1,11,8,1,0,0,0,0,0,0,0,0,0,0,0
2022,884436,564,Istanbul Basaksehir,10160,Léo Duarte,90,5,D,7.3,False,False,0,0,0,0,0,0,0,44,0,37,3,2,1,11,7,0,0,1,0,0,0,0,0,0,0,0,0
2022,884436,564,Istanbul Basaksehir,49858,Mahmut Tekdemir,90,21,D,6.3,True,False,0,0,0,0,0,0,0,54,0,42,0,0,2,4,1,0,0,1,1,1,1,0,0,0,0,0,0
2022,884436,564,Istanbul Basaksehir,1345,Hasan Ali Kaldırım,90,3,D,6.2,False,False,1,0,0,0,0,0,0,44,0,36,1,0,1,6,1,1,0,1,0,1,0,0,0,0,0,0,0
2022,884436,564,Istanbul Basaksehir,50126,Deniz Türüç,87,23,M,6.2,False,False,1,0,0,0,0,0,0,20,0,13,1,0,0,13,5,0,0,1,2,5,1,0,0,0,0,0,0
2022,884436,564,Istanbul Basaksehir,1637,Lucas Biglia,90,20,M,7,False,False,0,0,0,0,0,0,0,44,1,36,3,3,1,14,5,0,0,2,1,3,0,0,0,0,0,0,0
2022,884436,564,Istanbul Basaksehir,24885,Berkay Özcan,87,19,M,6.9,False,False,0,0,0,0,0,0,0,22,0,19,4,0,0,13,9,2,1,1,3,0,0,0,0,0,0,0,0
2022,884436,564,Istanbul Basaksehir,671,Bertrand Traoré,80,9,F,6.7,False,False,1,2,0,0,0,0,0,11,0,6,0,0,0,7,3,2,1,0,2,0,0,0,0,0,0,0,0
2022,884436,564,Istanbul Basaksehir,30816,Stefano Okaka,90,77,F,6.6,False,False,0,0,0,0,0,0,0,12,1,9,0,0,0,14,7,0,0,0,4,1,0,0,0,0,0,0,0
2022,884436,564,Istanbul Basaksehir,50180,Serdar Gürler,60,7,F,6.5,False,False,1,0,0,0,0,0,0,17,0,13,1,0,0,9,4,3,0,0,2,1,0,0,0,0,0,0,0
2022,884436,564,Istanbul Basaksehir,50218,Muhammed Şengezer,0,16,G,,False,True,0,0,0,0,0,0,0,0,0,,0,0,0,0,0,0,0,0,0,0,0,0,0,0,0,0,0
2022,884436,564,Istanbul Basaksehir,21082,Lucas Lima,0,60,D,,False,True,0,0,0,0,0,0,0,0,0,,0,0,0,0,0,0,0,0,0,0,0,0,0,0,0,0,0
2022,884436,564,Istanbul Basaksehir,49841,Junior Caiçara,0,80,D,,False,True,0,0,0,0,0,0,0,0,0,,0,0,0,0,0,0,0,0,0,0,0,0,0,0,0,0,0
2022,884436,564,Istanbul Basaksehir,49842,Alexandru Epureanu,0,6,D,,False,True,0,0,0,0,0,0,0,0,0,,0,0,0,0,0,0,0,0,0,0,0,0,0,0,0,0,0
2022,884436,564,Istanbul Basaksehir,333879,Francis Nzaba,0,32,D,,False,True,0,0,0,0,0,0,0,0,0,,0,0,0,0,0,0,0,0,0,0,0,0,0,0,0,0,0
2022,884436,564,Istanbul Basaksehir,20675,Mounir Chouiar,30,11,M,6.3,False,True,1,0,0,0,0,0,0,3,0,2,1,0,0,8,3,1,0,1,2,2,0,0,0,0,0,0,0
2022,884436,564,Istanbul Basaksehir,49919,Danijel Aleksić,10,8,M,6.7,False,True,0,1,1,0,0,0,0,2,0,2,1,0,0,4,1,0,0,0,0,3,0,0,0,0,0,0,0
2022,884436,564,Istanbul Basaksehir,40540,Patryk Szysz,10,18,M,6.7,False,True,0,0,0,0,0,0,0,1,0,1,0,0,0,1,1,0,0,0,1,0,0,0,0,0,0,0,0
2022,884436,564,Istanbul Basaksehir,21270,Philippe Keny,10,17,F,6.7,False,True,0,0,0,0,0,0,0,0,1,,1,0,0,6,1,1,0,0,0,2,0,0,0,0,0,0,0
2022,884436,564,Istanbul Basaksehir,339886,Batuhan Celik,0,15,F,,False,True,0,0,0,0,0,0,0,0,0,,0,0,0,0,0,0,0,0,0,0,0,0,0,0,0,0,0
2022,884347,611,Fenerbahce,50132,Altay Bayındır,90,1,G,5.9,True,False,0,0,0,0,3,0,2,18,0,10,0,0,0,1,1,0,0,0,1,0,0,0,0,0,0,0,0
2022,884347,611,Fenerbahce,1361,Ferdi Kadıoğlu,90,7,D,6.6,False,False,0,0,0,0,0,0,0,33,1,23,4,0,2,6,5,0,0,0,1,0,1,0,0,0,0,0,0
2022,884347,611,Fenerbahce,9992,Gustavo Henrique,90,2,D,6.3,False,False,0,0,0,0,0,0,0,43,0,32,3,0,1,6,4,0,0,0,0,1,1,0,0,0,0,0,0
2022,884347,611,Fenerbahce,28443,Attila Szalai,90,41,D,6.5,False,False,0,0,0,0,0,0,0,54,0,46,1,0,1,7,4,0,0,1,0,0,0,0,0,0,0,0,0
2022,884347,611,Fenerbahce,71,Luan Peres,90,28,D,6.7,False,False,0,0,0,0,0,0,0,21,0,16,5,0,1,21,13,3,2,1,1,3,1,0,0,1,0,0,0
2022,884347,611,Fenerbahce,10173,Willian Arão,45,5,M,6.5,False,False,0,0,0,0,0,0,0,14,0,10,1,1,1,3,1,0,0,0,0,2,1,0,0,0,0,0,0
2022,884347,611,Fenerbahce,10497,Lincoln,90,18,M,7.3,False,False,0,1,1,0,0,0,0,31,1,24,1,0,3,8,6,4,2,0,2,0,1,0,0,0,0,0,0
2022,884347,611,Fenerbahce,47446,Emre Mor,63,99,M,7.3,False,False,0,2,1,0,0,0,0,15,0,10,3,0,0,15,11,6,5,0,2,1,0,0,0,0,0,0,0
2022,884347,611,Fenerbahce,51045,Diego Rossi,74,9,M,6.7,False,False,1,0,0,0,0,1,0,14,2,12,1,0,0,10,4,4,1,2,1,0,0,0,0,0,0,0,0
2022,884347,611,Fenerbahce,35533,Enner Valencia,63,13,F,8,False,False,1,2,2,2,0,0,0,11,2,8,0,0,0,5,1,0,0,0,1,2,1,0,0,0,1,0,0
2022,884347,611,Fenerbahce,18881,Joshua King,74,15,F,6.7,False,False,0,1,0,0,0,0,0,17,0,13,2,1,0,9,4,1,0,2,0,1,0,0,0,0,0,0,0
2022,884347,611,Fenerbahce,210244,Osman Ertuğrul Çetin,0,54,G,,False,True,0,0,0,0,0,0,0,0,0,,0,0,0,0,0,0,0,0,0,0,0,0,0,0,0,0,0
2022,884347,611,Fenerbahce,30524,Mauricio Lemos,0,29,D,,False,True,0,0,0,0,0,0,0,0,0,,0,0,0,0,0,0,0,0,0,0,0,0,0,0,0,0,0
2022,884347,611,Fenerbahce,291964,Arda Güler,0,10,M,,False,True,0,0,0,0,0,0,0,0,0,,0,0,0,0,0,0,0,0,0,0,0,0,0,0,0,0,0
2022,884347,611,Fenerbahce,19588,Bright Osayi-Samuel,0,21,M,,False,True,0,0,0,0,0,0,0,0,0,,0,0,0,0,0,0,0,0,0,0,0,0,0,0,0,0,0
2022,884347,611,Fenerbahce,1163,Bruma,27,22,F,6.9,False,True,0,0,0,0,0,0,0,7,1,6,0,0,0,2,2,2,2,0,0,0,0,0,0,0,0,0,0
2022,884347,611,Fenerbahce,1369,Miha Zajc,27,26,M,6.7,False,True,0,0,0,0,0,1,0,11,1,9,0,0,0,4,2,2,1,0,1,1,0,0,0,0,0,0,0
2022,884347,611,Fenerbahce,41973,Miguel Crespo,0,27,M,,False,True,0,0,0,0,0,0,0,0,0,,0,0,0,0,0,0,0,0,0,0,0,0,0,0,0,0,0
2022,884347,611,Fenerbahce,214463,İsmail Yüksek,45,80,M,6.3,False,True,0,0,0,0,0,0,0,22,0,15,1,0,2,5,1,0,0,1,0,1,0,0,0,0,0,0,0
2022,884347,611,Fenerbahce,7691,Mergim Berisha,16,11,F,7,False,True,0,3,1,1,0,0,0,3,0,2,0,0,0,4,2,1,0,0,1,1,1,0,0,0,0,0,0
2022,884347,611,Fenerbahce,25053,Serdar Dursun,16,19,F,7,False,True,0,2,1,0,0,0,0,4,0,3,0,0,0,4,2,1,1,0,1,1,0,0,0,0,0,0,0
2022,884347,3577,Ümraniyespor,49990,Serkan Kırıntılı,90,1,G,6.3,True,False,0,0,0,0,3,0,2,32,0,14,0,0,0,0,0,0,0,0,0,0,0,0,0,0,0,0,0
2022,884347,3577,Ümraniyespor,62029,Serkan Göksu,88,8,D,6.2,False,False,0,1,0,0,0,0,0,37,0,23,4,0,1,13,6,1,1,4,1,0,0,0,0,0,0,0,0
2022,884347,3577,Ümraniyespor,111324,Allyson Aires Dos Santos,90,33,D,8,False,False,0,0,0,0,0,0,0,27,0,25,2,4,3,10,6,0,0,0,2,1,0,0,0,0,0,0,0
2022,884347,3577,Ümraniyespor,62212,Tomislav Glumac,90,44,D,7.5,False,False,0,1,1,1,0,0,0,22,0,18,1,0,1,6,4,0,0,0,0,2,0,0,0,0,0,0,0
2022,884347,3577,Ümraniyespor,48510,Ermir Lenjani,90,3,D,6.3,False,False,0,0,0,0,0,1,0,29,1,15,0,0,2,4,2,1,0,0,1,0,0,0,0,0,0,0,0
2022,884347,3577,Ümraniyespor,62958,Oğuz Gürbulak,90,20,M,7.2,False,False,0,1,1,0,0,1,0,40,2,35,0,2,2,7,1,1,0,2,1,2,0,0,0,0,0,0,0
2022,884347,3577,Ümraniyespor,16826,Geraldo,64,29,M,5.9,False,False,0,1,1,0,0,0,0,9,1,4,0,0,0,17,6,9,4,1,1,2,0,0,0,0,0,0,0
2022,884347,3577,Ümraniyespor,110539,Antonio Mršić,79,39,M,6.7,False,False,0,1,1,1,0,0,0,20,1,15,1,0,1,8,2,0,0,3,0,0,0,0,0,0,1,0,0
2022,884347,3577,Ümraniyespor,20719,Durel Avounou,64,14,M,6,False,False,0,0,0,0,0,0,0,16,0,10,1,0,0,10,5,1,1,1,2,2,0,0,0,1,0,0,0
2022,884347,3577,Ümraniyespor,61969,Yonathan Del Valle,64,28,M,6.7,False,False,0,0,0,0,0,0,0,13,1,6,2,0,0,10,4,4,1,0,1,1,0,0,0,0,0,0,0
2022,884347,3577,Ümraniyespor,119111,Adel Bettaieb,90,27,F,6.3,False,False,2,1,0,0,0,0,0,14,0,10,1,0,0,10,4,0,0,0,1,2,1,0,0,0,0,0,0
2022,884347,3577,Ümraniyespor,152278,Orkun Ozdemir,0,13,G,,False,True,0,0,0,0,0,0,0,0,0,,0,0,0,0,0,0,0,0,0,0,0,0,0,0,0,0,0
2022,884347,3577,Ümraniyespor,147015,Mustafa Eser,0,4,D,,False,True,0,0,0,0,0,0,0,0,0,,0,0,0,0,0,0,0,0,0,0,0,0,0,0,0,0,0
2022,884347,3577,Ümraniyespor,3425,Isaac Sackey,11,5,M,6.5,False,True,0,0,0,0,0,0,0,5,0,4,1,0,0,2,1,0,0,1,0,0,0,0,0,0,0,0,0
2022,884347,3577,Ümraniyespor,107660,Metehan Mimaroğlu,0,10,F,,False,True,0,0,0,0,0,0,0,0,0,,0,0,0,0,0,0,0,0,0,0,0,0,0,0,0,0,0
2022,884347,3577,Ümraniyespor,2152,Onur Ayık,26,11,M,6.6,False,True,0,0,0,0,0,0,0,7,0,4,0,0,0,7,3,0,0,1,2,0,0,0,1,0,0,0,0
2022,884347,3577,Ümraniyespor,295024,Mustafa Can Karagoz,0,15,M,,False,True,0,0,0,0,0,0,0,0,0,,0,0,0,0,0,0,0,0,0,0,0,0,0,0,0,0,0
2022,884347,3577,Ümraniyespor,62253,Emre Nefiz,26,17,M,6.2,False,True,0,0,0,0,0,0,0,6,0,5,0,1,0,3,1,0,0,1,1,0,1,0,0,0,0,0,0
2022,884347,3577,Ümraniyespor,292476,Fatih Yiğit Şanlitürk,10,23,M,6.3,False,True,0,0,0,0,0,0,0,5,0,3,1,0,0,2,1,0,0,0,0,1,0,0,0,0,0,0,0
2022,884347,3577,Ümraniyespor,43108,Valentin Gheorghe,26,7,M,7.3,False,True,0,1,1,1,0,0,0,2,0,2,0,0,1,1,1,0,0,0,1,0,0,0,0,0,0,0,0
2022,884347,3577,Ümraniyespor,144556,Tahsin Hacimustafaoglu,0,88,F,,False,True,0,0,0,0,0,0,0,0,0,,0,0,0,0,0,0,0,0,0,0,0,0,0,0,0,0,0
2022,884553,1001,Kayserispor,37111,Bilal Bayazit,90,25,G,6.5,False,False,0,0,0,0,2,0,2,32,0,18,0,0,0,1,1,0,0,0,0,0,0,0,0,0,0,0,0
2022,884553,1001,Kayserispor,62158,Gökhan Sazdağı,90,11,D,6.5,False,False,0,0,0,0,0,0,0,28,2,22,2,0,0,13,5,3,1,2,2,1,0,0,0,0,0,0,0
2022,884553,1001,Kayserispor,26737,Dimitris Kolovetsios,90,4,D,6.6,True,False,0,0,0,0,0,0,0,20,0,15,2,2,1,4,3,0,0,1,0,0,0,0,0,0,0,0,0
2022,884553,1001,Kayserispor,313071,Arif Kocaman,90,54,D,7.2,False,False,1,1,1,1,0,0,0,41,0,31,1,1,1,5,3,0,0,0,0,0,0,0,0,0,0,0,0
2022,884553,1001,Kayserispor,22245,Lionel Carole,42,21,D,6.3,False,False,0,0,0,0,0,0,0,13,1,9,1,0,0,3,1,0,0,0,0,1,0,0,0,0,0,0,0
2022,884553,1001,Kayserispor,10203,Gustavo Campanharo,66,88,M,6.9,False,False,0,0,0,0,0,0,0,20,0,16,2,1,1,13,5,1,1,2,1,3,0,0,0,0,0,0,0
2022,884553,1001,Kayserispor,85205,Olivier Kemen,82,10,M,6.2,False,False,0,1,0,0,0,0,0,21,0,11,1,0,0,10,3,1,1,2,1,2,0,0,0,0,0,0,0
2022,884553,1001,Kayserispor,53659,Miguel Cardoso,90,7,M,6.9,False,False,1,4,2,0,0,0,0,31,2,21,0,0,0,11,5,2,1,0,0,1,0,0,0,0,0,0,0
2022,884553,1001,Kayserispor,29770,Ali Karimi,90,6,M,7.2,False,False,0,1,0,0,0,0,0,38,1,29,5,0,2,17,9,4,2,1,1,2,0,0,0,0,0,0,0
2022,884553,1001,Kayserispor,24860,Carlos Mané,66,20,M,7.2,False,False,0,0,0,0,0,0,0,21,2,14,1,1,2,7,3,2,1,1,1,0,0,0,0,0,0,0,0
2022,884553,1001,Kayserispor,50464,Mame Thiam,82,27,F,7.5,False,False,2,2,0,0,0,0,0,10,2,9,0,1,1,11,5,1,1,1,2,1,0,0,0,0,0,0,0
2022,884553,1001,Kayserispor,104831,Cenk Gönen,0,1,G,,False,True,0,0,0,0,0,0,0,0,0,,0,0,0,0,0,0,0,0,0,0,0,0,0,0,0,0,0
2022,884553,1001,Kayserispor,368125,Ethem Balci,0,32,F,,False,True,0,0,0,0,0,0,0,0,0,,0,0,0,0,0,0,0,0,0,0,0,0,0,0,0,0,0
2022,884553,1001,Kayserispor,64261,Yaw Ackah,0,89,M,,False,True,0,0,0,0,0,0,0,0,0,,0,0,0,0,0,0,0,0,0,0,0,0,0,0,0,0,0
2022,884553,1001,Kayserispor,49838,Joseph Attamah,0,3,M,,False,True,0,0,0,0,0,0,0,0,0,,0,0,0,0,0,0,0,0,0,0,0,0,0,0,0,0,0
2022,884553,1001,Kayserispor,50204,Emrah Başsan,24,17,M,6.9,False,True,0,0,0,0,0,1,0,10,1,8,0,0,0,8,4,3,1,0,3,2,0,0,0,0,0,0,0
2022,884553,1001,Kayserispor,62419,Ramazan Civelek,8,28,D,6.7,False,True,0,0,0,0,0,0,0,8,0,8,0,0,0,0,0,0,0,0,0,0,0,0,0,0,0,0,0
2022,884553,1001,Kayserispor,143825,Anthony Uzodimma,48,80,M,6.7,False,True,0,0,0,0,0,0,0,26,1,22,0,0,0,1,0,1,0,0,0,0,0,0,0,0,0,0,0
2022,884553,1001,Kayserispor,296486,Ahmet Kağan Malatyalı,0,34,M,,False,True,0,0,0,0,0,0,0,0,0,,0,0,0,0,0,0,0,0,0,0,0,0,0,0,0,0,0
2022,884553,1001,Kayserispor,1326,Mario Gavranović,24,19,F,6.3,False,True,0,0,0,0,0,0,0,5,0,4,1,0,0,1,1,0,0,0,0,0,0,0,0,0,0,0,0
2022,884553,1001,Kayserispor,50161,İlhan Parlak,8,23,F,6.6,False,True,0,1,0,0,0,0,0,2,0,1,0,0,0,2,2,0,0,0,0,0,0,0,0,0,0,0,0
2022,884553,611,Fenerbahce,50132,Altay Bayındır,90,1,G,6.9,True,False,0,0,0,0,1,0,2,45,0,32,0,0,0,1,1,0,0,0,1,0,0,0,0,0,0,0,0
2022,884553,611,Fenerbahce,1361,Ferdi Kadıoğlu,90,7,D,7.9,False,False,0,3,1,1,0,0,0,47,2,41,1,0,3,6,4,3,2,0,0,1,0,0,0,0,0,0,0
2022,884553,611,Fenerbahce,62490,Samet Akaydin,90,3,D,6.7,False,False,0,0,0,0,0,0,0,52,0,39,1,2,2,9,4,0,0,2,0,0,0,0,0,0,0,0,0
2022,884553,611,Fenerbahce,28443,Attila Szalai,90,41,D,7.2,False,False,0,3,1,0,0,0,0,60,0,52,2,0,1,10,6,0,0,0,1,2,1,0,0,0,0,0,0
2022,884553,611,Fenerbahce,10497,Lincoln,90,18,D,7.3,False,False,0,0,0,0,0,1,0,61,2,56,3,1,0,13,6,1,0,1,2,1,0,0,0,0,0,0,0
2022,884553,611,Fenerbahce,291964,Arda Güler,60,10,M,6.9,False,False,0,0,0,0,0,0,0,31,4,29,1,0,0,7,4,1,0,1,2,0,0,0,0,0,0,0,0
2022,884553,611,Fenerbahce,10173,Willian Arão,90,5,M,7.5,False,False,0,0,0,0,0,0,0,47,0,41,1,2,4,6,4,0,0,0,0,1,0,0,0,0,0,0,0
2022,884553,611,Fenerbahce,51045,Diego Rossi,87,9,M,7,False,False,0,0,0,0,0,0,0,36,2,31,4,0,0,19,10,5,4,3,1,1,0,0,0,0,0,0,0
2022,884553,611,Fenerbahce,41973,Miguel Crespo,45,27,M,6.6,False,False,0,0,0,0,0,0,0,36,1,27,0,0,1,5,2,1,0,1,1,1,0,0,0,0,0,0,0
2022,884553,611,Fenerbahce,18881,Joshua King,78,15,F,6.9,False,False,0,2,0,0,0,0,0,18,1,15,0,0,1,8,3,3,1,0,1,2,0,0,0,0,0,0,0
2022,884553,611,Fenerbahce,35533,Enner Valencia,87,13,F,7.2,False,False,0,2,2,1,0,0,0,19,0,15,2,0,0,12,6,4,1,0,3,1,0,0,0,0,0,0,0
2022,884553,611,Fenerbahce,62137,İrfan Can Eğribayat,0,70,G,,False,True,0,0,0,0,0,0,0,0,0,,0,0,0,0,0,0,0,0,0,0,0,0,0,0,0,0,0
2022,884553,611,Fenerbahce,1341,Serdar Aziz,9,4,D,6.3,False,True,0,0,0,0,0,0,0,2,0,2,0,0,0,0,0,0,0,0,0,0,0,0,0,0,0,0,0
2022,884553,611,Fenerbahce,272721,Jayden Oosterwolde,0,24,D,,False,True,0,0,0,0,0,0,0,0,0,,0,0,0,0,0,0,0,0,0,0,0,0,0,0,0,0,0
2022,884553,611,Fenerbahce,49857,İrfan Can Kahveci,30,17,M,6.3,False,True,0,0,0,0,0,0,0,11,1,9,0,0,0,0,0,0,0,0,0,0,0,0,0,0,0,0,0
2022,884553,611,Fenerbahce,47446,Emre Mor,12,99,M,7,False,True,0,1,0,0,0,0,0,4,1,2,2,0,1,3,2,1,0,0,0,0,0,0,0,0,0,0,0
2022,884553,611,Fenerbahce,19588,Bright Osayi-Samuel,0,21,M,,False,True,0,0,0,0,0,0,0,0,0,,0,0,0,0,0,0,0,0,0,0,0,0,0,0,0,0,0
2022,884553,611,Fenerbahce,214463,İsmail Yüksek,0,80,M,,False,True,0,0,0,0,0,0,0,0,0,,0,0,0,0,0,0,0,0,0,0,0,0,0,0,0,0,0
2022,884553,611,Fenerbahce,1369,Miha Zajc,45,26,M,6.6,False,True,0,0,0,0,0,1,0,31,1,24,0,0,0,7,4,2,2,1,1,1,0,0,0,0,0,0,0
2022,884553,611,Fenerbahce,30562,João Pedro,0,20,F,,False,True,0,0,0,0,0,0,0,0,0,,0,0,0,0,0,0,0,0,0,0,0,0,0,0,0,0,0
2022,884553,611,Fenerbahce,25053,Serdar Dursun,9,19,F,6.7,False,True,0,0,0,0,0,0,0,5,0,4,0,0,0,1,1,0,0,0,0,0,0,0,0,0,0,0,0
2022,884506,3573,Gazişehir Gaziantep,61950,Günay Güvenç,90,1,G,6.9,True,False,0,0,0,0,2,0,4,23,0,10,0,0,0,2,1,0,0,1,0,0,0,0,0,0,0,0,0
2022,884506,3573,Gazişehir Gaziantep,50142,Stelios Kitsiou,90,70,D,7.2,False,False,0,1,1,1,0,0,0,19,0,14,5,0,2,15,9,0,0,2,3,1,0,0,0,0,0,0,0
2022,884506,3573,Gazişehir Gaziantep,50220,Ertuğrul Ersoy,90,15,D,5.9,False,False,0,0,0,0,0,0,0,24,0,14,0,2,1,4,1,0,0,2,1,1,0,0,0,0,0,0,0
2022,884506,3573,Gazişehir Gaziantep,21487,Papy Djilobodji,90,3,D,6.5,False,False,0,0,0,0,0,0,0,15,0,7,1,2,2,9,2,1,1,0,0,1,1,0,0,0,0,0,0
2022,884506,3573,Gazişehir Gaziantep,61812,Halil Ibrahim Pehlivan,86,11,D,6.2,False,False,1,0,0,0,0,0,0,14,0,10,1,0,0,5,3,1,0,0,0,0,0,0,0,0,0,0,0
2022,884506,3573,Gazişehir Gaziantep,35665,Ángelo Sagal,70,28,M,5.9,False,False,0,3,2,0,0,0,0,8,0,5,0,0,0,11,4,0,0,0,2,5,2,1,0,0,0,0,0
2022,884506,3573,Gazişehir Gaziantep,37265,Alexander Merkel,86,52,M,7.3,False,False,0,0,0,0,0,0,0,21,0,14,2,1,2,4,3,0,0,0,1,0,0,0,0,0,0,0,0
2022,884506,3573,Gazişehir Gaziantep,50008,Marko Jevtović,90,8,M,6.9,False,False,0,1,0,0,0,0,0,23,1,16,4,1,0,18,8,0,0,0,2,4,1,0,0,0,0,0,0
2022,884506,3573,Gazişehir Gaziantep,69942,João Figueiredo,90,25,M,6.2,False,False,0,0,0,0,0,0,0,18,0,13,2,0,0,10,5,2,0,1,2,1,0,0,0,0,0,0,0
2022,884506,3573,Gazişehir Gaziantep,19028,Lazar Marković,81,50,F,6.9,False,False,1,3,0,0,0,0,0,26,1,15,5,0,0,11,8,0,0,0,1,0,0,0,0,0,0,0,0
2022,884506,3573,Gazişehir Gaziantep,25921,Alexandru Maxim,90,44,F,7.6,False,False,0,0,0,0,0,0,0,26,7,20,4,0,1,8,6,1,0,0,2,0,1,0,0,0,0,0,0
2022,884506,3573,Gazişehir Gaziantep,61949,Mustafa Burak Bozan,0,71,G,,False,True,0,0,0,0,0,0,0,0,0,,0,0,0,0,0,0,0,0,0,0,0,0,0,0,0,0,0
2022,884506,3573,Gazişehir Gaziantep,2366,Alin Toșca,0,6,D,,False,True,0,0,0,0,0,0,0,0,0,,0,0,0,0,0,0,0,0,0,0,0,0,0,0,0,0,0
2022,884506,3573,Gazişehir Gaziantep,63284,Arda Kızıldağ,0,4,D,,False,True,0,0,0,0,0,0,0,0,0,,0,0,0,0,0,0,0,0,0,0,0,0,0,0,0,0,0
2022,884506,3573,Gazişehir Gaziantep,137255,Ömürcan Artan,0,27,D,,False,True,0,0,0,0,0,0,0,0,0,,0,0,0,0,0,0,0,0,0,0,0,0,0,0,0,0,0
2022,884506,3573,Gazişehir Gaziantep,66011,Matěj Hanousek,16,16,D,6.5,False,True,0,0,0,0,0,0,0,6,0,2,0,1,1,1,0,0,0,1,0,0,0,0,0,0,0,0,0
2022,884506,3573,Gazişehir Gaziantep,206707,Onurhan Babuscu,0,30,M,,False,True,0,0,0,0,0,0,0,0,0,,0,0,0,0,0,0,0,0,0,0,0,0,0,0,0,0,0
2022,884506,3573,Gazişehir Gaziantep,62323,Mustafa Eskihellaç,0,17,M,,False,True,0,0,0,0,0,0,0,0,0,,0,0,0,0,0,0,0,0,0,0,0,0,0,0,0,0,0
2022,884506,3573,Gazişehir Gaziantep,50239,Furkan Soyalp,16,5,M,6.2,False,True,0,0,0,0,0,0,0,4,0,1,0,1,0,3,1,0,0,2,1,1,0,0,0,0,0,0,0
2022,884506,3573,Gazişehir Gaziantep,163188,Mirza Cihan,0,26,M,,False,True,0,0,0,0,0,0,0,0,0,,0,0,0,0,0,0,0,0,0,0,0,0,0,0,0,0,0
2022,884506,3573,Gazişehir Gaziantep,271918,Valmir Veliu,9,7,F,6,False,True,1,0,0,0,0,0,0,2,0,2,0,0,0,4,0,2,0,0,0,1,0,0,0,0,0,0,0
2022,884506,611,Fenerbahce,50132,Altay Bayındır,90,1,G,7,True,False,0,0,0,0,1,0,2,24,0,17,0,0,0,0,0,0,0,0,0,0,0,0,0,0,0,0,0
2022,884506,611,Fenerbahce,1361,Ferdi Kadıoğlu,90,7,D,7.2,False,False,0,0,0,0,0,0,0,66,1,58,2,0,2,4,3,0,0,0,1,1,0,0,0,0,0,0,0
2022,884506,611,Fenerbahce,62490,Samet Akaydın,90,3,D,6.9,False,False,0,0,0,0,0,0,0,59,1,50,1,1,1,8,4,0,0,0,1,3,0,0,0,0,0,0,0
2022,884506,611,Fenerbahce,28443,Attila Szalai,90,41,D,6.2,False,False,0,0,0,0,0,0,0,58,0,45,2,0,0,6,3,0,0,1,0,1,1,0,0,0,0,0,0
2022,884506,611,Fenerbahce,19133,Ezgjan Alioski,81,6,D,6.9,False,False,1,0,0,0,0,0,0,30,1,24,3,0,1,15,8,0,0,0,3,3,0,0,0,0,0,0,0
2022,884506,611,Fenerbahce,50097,Mert Hakan Yandaş,68,8,M,6.6,False,False,0,0,0,0,0,0,0,33,1,26,0,0,1,9,4,2,1,0,2,2,0,0,0,0,0,0,0
2022,884506,611,Fenerbahce,41973,Miguel Crespo,83,27,M,6.5,False,False,0,0,0,0,0,0,0,46,0,40,3,0,1,13,5,1,0,0,2,2,0,0,0,0,0,0,0
2022,884506,611,Fenerbahce,10173,Willian Arão,90,5,M,6.9,False,False,0,0,0,0,0,0,0,53,0,48,4,0,1,11,6,2,0,0,1,1,0,0,0,0,0,0,0
2022,884506,611,Fenerbahce,47446,Emre Mor,68,99,M,6.9,False,False,0,0,0,0,0,0,0,21,2,14,3,0,1,14,7,2,1,0,1,2,1,0,0,0,0,0,0
2022,884506,611,Fenerbahce,35533,Enner Valencia,90,13,F,8.2,False,False,1,6,4,2,0,0,0,26,2,21,1,0,0,10,5,3,2,0,0,1,0,0,0,0,0,0,0
2022,884506,611,Fenerbahce,2927,Michy Batshuayi,68,23,F,6.7,False,False,1,2,1,0,0,0,0,12,0,8,0,0,0,4,1,2,0,0,1,0,0,0,0,0,0,0,0
2022,884506,611,Fenerbahce,62137,İrfan Can Eğribayat,0,70,G,,False,True,0,0,0,0,0,0,0,0,0,,0,0,0,0,0,0,0,0,0,0,0,0,0,0,0,0,0
2022,884506,611,Fenerbahce,71,Luan Peres,0,28,D,,False,True,0,0,0,0,0,0,0,0,0,,0,0,0,0,0,0,0,0,0,0,0,0,0,0,0,0,0
2022,884506,611,Fenerbahce,1341,Serdar Aziz,0,4,D,,False,True,0,0,0,0,0,0,0,0,0,,0,0,0,0,0,0,0,0,0,0,0,0,0,0,0,0,0
2022,884506,611,Fenerbahce,19588,Bright Osayi-Samuel,0,21,M,,False,True,0,0,0,0,0,0,0,0,0,,0,0,0,0,0,0,0,0,0,0,0,0,0,0,0,0,0
2022,884506,611,Fenerbahce,214463,İsmail Yüksek,0,80,M,,False,True,0,0,0,0,0,0,0,0,0,,0,0,0,0,0,0,0,0,0,0,0,0,0,0,0,0,0
2022,884506,611,Fenerbahce,51045,Diego Rossi,22,9,F,7.3,False,True,0,1,0,0,0,1,0,33,4,30,1,0,0,4,3,3,2,0,0,0,0,0,0,0,0,0,0
2022,884506,611,Fenerbahce,291964,Arda Güler,19,10,M,7.3,False,True,0,1,1,0,0,0,0,27,1,25,0,0,0,1,1,1,1,0,0,0,0,0,0,0,0,0,0
2022,884506,611,Fenerbahce,10497,Lincoln,22,18,M,7.3,False,True,0,0,0,0,0,0,0,20,0,18,1,1,1,5,4,2,2,0,1,0,0,0,0,0,0,0,0
2022,884506,611,Fenerbahce,18881,Joshua King,22,15,F,6.2,False,True,1,1,1,0,0,0,0,7,1,7,0,0,0,0,0,0,0,0,0,0,0,0,0,0,0,0,0
2022,884506,611,Fenerbahce,25053,Serdar Dursun,9,19,F,6.7,False,True,0,1,0,0,0,0,0,5,0,4,0,0,0,1,0,0,0,0,0,1,1,0,0,0,0,0,0
2022,884355,1004,Kasimpasa,49991,Ertuğrul Taşkıran,90,1,G,5,False,False,0,0,0,0,6,0,2,29,0,11,0,0,0,2,1,0,0,1,0,0,0,0,0,0,0,0,0
2022,884355,1004,Kasimpasa,19042,Florent Hadergjonaj,90,94,D,5.2,False,False,0,0,0,0,0,0,0,19,0,10,1,0,2,4,1,0,0,2,0,0,1,0,0,0,0,0,0
2022,884355,1004,Kasimpasa,9030,Daniel Graovac,90,6,D,5.3,False,False,0,0,0,0,0,0,0,19,0,17,0,0,0,5,0,0,0,2,0,1,0,0,0,0,0,0,0
2022,884355,1004,Kasimpasa,292592,Hasan Yesilyurt,16,80,D,3,False,False,0,0,0,0,0,0,0,3,0,3,2,0,0,3,2,0,0,0,0,1,0,1,0,0,0,0,0
2022,884355,1004,Kasimpasa,48375,Raoul Petretta,90,28,D,6.6,False,False,0,0,0,0,0,0,0,22,1,15,7,1,4,18,10,3,1,3,1,3,0,0,0,0,0,0,0
2022,884355,1004,Kasimpasa,50235,Aytaç Kara,82,35,M,6.5,False,False,0,0,0,0,0,0,0,18,0,13,4,0,1,9,5,0,0,3,1,0,0,0,0,0,0,0,0
2022,884355,1004,Kasimpasa,8642,Mamadou Fall,78,7,M,5.9,False,False,0,0,0,0,0,0,0,10,0,4,0,0,0,12,2,1,0,0,1,2,0,0,0,0,0,0,0
2022,884355,1004,Kasimpasa,50067,Haris Hajradinović,90,10,M,5.9,True,False,0,2,1,0,0,0,0,19,1,8,1,0,4,15,3,1,0,5,2,4,1,0,0,0,0,0,0
2022,884355,1004,Kasimpasa,21096,Valentin Eysseric,78,13,M,6.2,False,False,0,0,0,0,0,0,0,23,0,16,0,0,1,10,4,1,1,2,2,4,0,0,0,0,0,0,0
2022,884355,1004,Kasimpasa,19334,Bersant Celina,45,59,M,6.2,False,False,0,1,0,0,0,0,0,12,0,7,0,0,0,0,0,0,0,0,0,0,0,0,0,0,0,0,0
2022,884355,1004,Kasimpasa,3407,Stéphane Bahoken,62,19,F,6.5,False,False,2,0,0,0,0,0,0,10,0,9,0,1,0,5,1,0,0,0,0,2,1,0,0,0,0,0,0
2022,884355,1004,Kasimpasa,163042,Erdem Canpolat,0,22,G,,False,True,0,0,0,0,0,0,0,0,0,,0,0,0,0,0,0,0,0,0,0,0,0,0,0,0,0,0
2022,884355,1004,Kasimpasa,376039,Yasin Özcan,8,58,D,5.9,False,True,0,0,0,0,0,0,0,3,0,2,0,0,0,0,0,0,0,0,0,0,0,0,0,0,0,0,0
2022,884355,1004,Kasimpasa,62198,Mehmet Feyzi Yıldırım,0,23,D,,False,True,0,0,0,0,0,0,0,0,0,,0,0,0,0,0,0,0,0,0,0,0,0,0,0,0,0,0
2022,884355,1004,Kasimpasa,282093,Ali Sühan Demirel,0,99,M,,False,True,0,0,0,0,0,0,0,0,0,,0,0,0,0,0,0,0,0,0,0,0,0,0,0,0,0,0
2022,884355,1004,Kasimpasa,25269,Ahmet Engin,28,17,M,6.6,False,True,0,2,1,0,0,0,0,7,0,6,1,0,0,2,1,0,0,0,0,0,0,0,0,0,0,0,0
2022,884355,1004,Kasimpasa,115591,Turgay Gemicibaşi,45,81,M,6,False,True,0,0,0,0,0,0,0,9,0,6,1,0,3,8,1,0,0,6,0,0,0,0,0,0,0,0,0
2022,884355,1004,Kasimpasa,291987,Berat Kalkan,12,41,M,6.7,False,True,0,0,0,0,0,0,0,1,1,1,1,0,0,4,2,0,0,1,1,1,0,0,0,0,0,0,0
2022,884355,1004,Kasimpasa,25412,Yunus Malli,12,11,M,6.3,False,True,0,0,0,0,0,0,0,4,0,4,0,0,0,3,1,0,0,0,1,0,0,0,0,0,0,0,0
2022,884355,1004,Kasimpasa,50240,Tunay Torun,0,8,M,,False,True,0,0,0,0,0,0,0,0,0,,0,0,0,0,0,0,0,0,0,0,0,0,0,0,0,0,0
2022,884355,1004,Kasimpasa,144693,Erdem Çetinkaya,0,20,F,,False,True,0,0,0,0,0,0,0,0,0,,0,0,0,0,0,0,0,0,0,0,0,0,0,0,0,0,0
2022,884355,611,Fenerbahce,50132,Altay Bayındır,90,1,G,7.3,True,False,0,0,0,0,0,0,2,28,0,25,0,0,0,0,0,0,0,0,0,0,0,0,0,0,0,0,0
2022,884355,611,Fenerbahce,19588,Bright Osayi-Samuel,90,21,D,7.3,False,False,0,1,0,0,0,0,0,48,4,43,1,0,0,7,4,3,1,0,2,1,0,0,0,0,0,0,0
2022,884355,611,Fenerbahce,9992,Gustavo Henrique,90,2,D,6.9,False,False,0,1,0,0,0,0,0,69,1,63,0,0,0,4,2,0,0,0,0,1,0,0,0,0,0,0,0
2022,884355,611,Fenerbahce,28443,Attila Szalai,90,41,D,7.3,False,False,0,0,0,0,0,0,0,77,0,66,1,0,0,3,3,0,0,0,0,0,0,0,0,0,0,0,0
2022,884355,611,Fenerbahce,1361,Ferdi Kadıoğlu,69,7,D,7.9,False,False,0,0,0,0,0,1,0,48,3,40,0,0,1,6,4,1,1,0,2,2,1,0,0,0,0,0,0
2022,884355,611,Fenerbahce,47446,Emre Mor,78,99,M,8.2,False,False,0,4,2,1,0,0,0,25,0,17,2,0,1,21,13,9,7,2,4,1,0,0,0,0,0,0,0
2022,884355,611,Fenerbahce,1369,Miha Zajc,90,26,M,6.6,False,False,0,1,1,0,0,0,0,51,1,49,0,0,1,6,3,3,2,0,1,2,0,0,0,0,0,0,0
2022,884355,611,Fenerbahce,10173,Willian Arão,69,5,M,7,False,False,0,0,0,0,0,0,0,45,0,40,0,0,3,10,7,0,0,0,0,1,0,0,0,0,0,0,0
2022,884355,611,Fenerbahce,10497,Lincoln,90,18,M,7.6,False,False,0,1,0,0,0,1,0,64,3,53,0,0,3,8,5,4,2,0,3,0,0,0,0,0,0,0,0
2022,884355,611,Fenerbahce,35533,Enner Valencia,69,13,F,8.7,False,False,1,5,3,2,0,1,0,20,2,15,0,0,0,12,6,5,3,0,2,1,0,0,0,0,0,0,0
2022,884355,611,Fenerbahce,18881,Joshua King,78,15,F,9.6,False,False,0,6,1,1,0,1,0,23,5,21,1,1,0,11,8,5,4,0,0,1,0,0,0,0,0,0,0
2022,884355,611,Fenerbahce,210244,Osman Ertuğrul Çetin,0,54,G,,False,True,0,0,0,0,0,0,0,0,0,,0,0,0,0,0,0,0,0,0,0,0,0,0,0,0,0,0
2022,884355,611,Fenerbahce,30524,Mauricio Lemos,0,29,D,,False,True,0,0,0,0,0,0,0,0,0,,0,0,0,0,0,0,0,0,0,0,0,0,0,0,0,0,0
2022,884355,611,Fenerbahce,71,Luan Peres,12,28,D,6.6,False,True,0,0,0,0,0,0,0,8,0,8,0,0,1,0,0,0,0,0,0,0,0,0,0,0,0,0,0
2022,884355,611,Fenerbahce,41973,Miguel Crespo,21,27,M,6.9,False,True,0,0,0,0,0,1,0,21,1,13,0,0,0,2,2,0,0,0,0,0,0,0,0,0,0,0,0
2022,884355,611,Fenerbahce,291964,Arda Güler,21,10,M,8.6,False,True,0,2,2,2,0,0,0,11,0,8,0,0,0,4,4,2,2,0,1,0,0,0,0,0,0,0,0
2022,884355,611,Fenerbahce,1163,Bruma,0,22,F,,False,True,0,0,0,0,0,0,0,0,0,,0,0,0,0,0,0,0,0,0,0,0,0,0,0,0,0,0
2022,884355,611,Fenerbahce,214463,İsmail Yüksek,0,80,M,,False,True,0,0,0,0,0,0,0,0,0,,0,0,0,0,0,0,0,0,0,0,0,0,0,0,0,0,0
2022,884355,611,Fenerbahce,25053,Serdar Dursun,12,19,F,6.9,False,True,0,1,0,0,0,1,0,5,1,3,0,0,0,1,0,1,0,0,0,0,0,0,0,0,0,0,0
2022,884355,611,Fenerbahce,50221,Burak Kapacak,0,77,M,,False,True,0,0,0,0,0,0,0,0,0,,0,0,0,0,0,0,0,0,0,0,0,0,0,0,0,0,0
2022,884355,611,Fenerbahce,51045,Diego Rossi,21,9,F,6.9,False,True,0,0,0,0,0,0,0,13,0,12,1,0,0,5,5,3,3,0,1,0,0,0,0,0,0,0,0
2022,884535,3563,Adana Demirspor,49894,Ertaç Özbir,90,25,G,6.9,False,False,0,0,0,0,1,0,3,37,0,19,0,0,0,1,1,0,0,0,0,0,0,0,0,0,0,0,0
2022,884535,3563,Adana Demirspor,36889,Jonas Svensson,90,22,D,7.2,False,False,0,0,0,0,0,0,0,31,0,21,3,1,0,9,6,1,1,0,1,2,1,0,1,0,0,0,0
2022,884535,3563,Adana Demirspor,61808,Mert Çetin,90,45,D,6.7,False,False,0,0,0,0,0,0,0,25,1,19,2,0,0,9,4,0,0,1,0,2,0,0,0,0,0,0,0
2022,884535,3563,Adana Demirspor,61987,Semih Güler,90,4,D,6.9,False,False,0,0,0,0,0,0,0,41,0,28,1,0,1,5,5,0,0,0,0,0,0,0,0,0,0,0,0
2022,884535,3563,Adana Demirspor,47304,Kévin Rodrigues,90,77,D,7.9,False,False,0,1,0,0,0,0,0,32,1,17,6,1,3,13,9,1,0,2,1,0,0,0,0,0,0,0,0
2022,884535,3563,Adana Demirspor,407,Benjamin Stambouli,90,90,M,6.6,True,False,0,0,0,0,0,0,0,39,1,27,3,2,0,12,4,1,0,1,0,2,0,0,0,0,0,0,0
2022,884535,3563,Adana Demirspor,451,Badou Ndiaye,90,17,M,7.9,False,False,0,1,1,0,0,0,0,22,3,18,1,1,0,13,10,2,2,0,5,0,0,0,0,0,0,0,0
2022,884535,3563,Adana Demirspor,1186,Babajide David Akintola,90,11,M,8,False,False,1,3,3,0,0,0,0,19,1,16,3,3,0,18,11,8,6,0,2,3,0,0,0,0,0,0,0
2022,884535,3563,Adana Demirspor,443,Emre Akbaba,78,20,M,7.5,False,False,1,2,0,0,0,0,0,25,5,15,1,0,0,8,1,1,0,3,0,2,0,0,0,0,0,0,0
2022,884535,3563,Adana Demirspor,445,Younès Belhanda,78,10,M,6.6,False,False,0,2,2,0,0,0,0,31,1,26,1,2,0,9,5,0,0,0,3,0,0,0,0,0,0,1,0
2022,884535,3563,Adana Demirspor,456,Henry Onyekuru,89,7,M,5.3,False,False,1,2,1,0,0,0,0,7,0,4,0,0,0,7,1,2,0,0,1,2,1,0,0,0,0,0,0
2022,884535,3563,Adana Demirspor,50105,Vedat Karakuş,0,39,G,,False,True,0,0,0,0,0,0,0,0,0,,0,0,0,0,0,0,0,0,0,0,0,0,0,0,0,0,0
2022,884535,3563,Adana Demirspor,101413,Abdurrahim Dursun,0,3,D,,False,True,0,0,0,0,0,0,0,0,0,,0,0,0,0,0,0,0,0,0,0,0,0,0,0,0,0,0
2022,884535,3563,Adana Demirspor,216247,Jovan Manev,0,15,D,,False,True,0,0,0,0,0,0,0,0,0,,0,0,0,0,0,0,0,0,0,0,0,0,0,0,0,0,0
2022,884535,3563,Adana Demirspor,70526,İsmail Çokçalış,0,16,D,,False,True,0,0,0,0,0,0,0,0,0,,0,0,0,0,0,0,0,0,0,0,0,0,0,0,0,0,0
2022,884535,3563,Adana Demirspor,2791,Birkir Bjarnason,0,8,M,,False,True,0,0,0,0,0,0,0,0,0,,0,0,0,0,0,0,0,0,0,0,0,0,0,0,0,0,0
2022,884535,3563,Adana Demirspor,1995,Gökhan Töre,0,30,M,,False,True,0,0,0,0,0,0,0,0,0,,0,0,0,0,0,0,0,0,0,0,0,0,0,0,0,0,0
2022,884535,3563,Adana Demirspor,19709,Erhun Öztümer,0,50,M,,False,True,0,0,0,0,0,0,0,0,0,,0,0,0,0,0,0,0,0,0,0,0,0,0,0,0,0,0
2022,884535,3563,Adana Demirspor,49854,Gökhan Inler,13,88,M,6.6,False,True,0,0,0,0,0,0,0,7,0,6,0,0,0,1,1,0,0,0,1,0,0,0,0,0,0,0,0
2022,884535,3563,Adana Demirspor,1921,Yusuf Sarı,12,26,F,6.9,False,True,0,1,0,0,0,0,0,3,0,3,1,0,0,3,3,1,1,0,1,0,0,0,0,0,0,0,0
2022,884535,3563,Adana Demirspor,14379,Cherif Ndiaye,12,29,F,7.3,False,True,0,2,2,1,0,0,0,3,0,3,0,0,0,3,0,0,0,0,0,0,0,0,0,0,1,0,0
2022,884535,611,Fenerbahce,50132,Altay Bayındır,90,1,G,8.7,True,False,0,0,0,0,1,0,8,32,0,21,0,0,0,2,1,0,0,0,1,1,1,0,0,1,0,0,1
2022,884535,611,Fenerbahce,1361,Ferdi Kadıoğlu,90,7,D,7.5,False,False,0,0,0,0,0,0,0,54,4,44,8,0,1,18,9,1,1,0,0,2,0,0,0,0,0,0,0
2022,884535,611,Fenerbahce,62490,Samet Akaydin,90,3,D,6.6,False,False,0,1,0,0,0,0,0,71,0,58,0,1,2,6,3,0,0,0,0,0,0,0,0,0,0,0,0
2022,884535,611,Fenerbahce,28443,Attila Szalai,90,41,D,6.7,False,False,0,1,1,0,0,0,0,78,0,63,2,0,0,4,2,0,0,2,0,0,0,0,0,0,0,0,0
2022,884535,611,Fenerbahce,10497,Lincoln,89,18,D,6.3,False,False,0,0,0,0,0,0,0,65,2,57,1,0,0,11,4,0,0,3,2,3,0,0,0,0,0,0,0
2022,884535,611,Fenerbahce,10173,Willian Arão,90,5,M,8.2,False,False,0,0,0,0,0,1,0,48,3,41,2,2,5,10,5,0,0,2,0,2,0,0,0,0,0,0,0
2022,884535,611,Fenerbahce,51045,Diego Rossi,77,9,M,6.2,False,False,0,1,0,0,0,0,0,32,1,27,0,0,0,12,3,2,1,1,1,2,0,0,0,0,0,0,0
2022,884535,611,Fenerbahce,50097,Mert Hakan Yandaş,61,8,M,7.2,False,False,0,1,1,0,0,0,0,28,0,25,2,0,1,9,6,1,1,1,0,2,0,0,0,0,0,0,0
2022,884535,611,Fenerbahce,49857,İrfan Can Kahveci,61,17,M,7.9,False,False,0,2,0,0,0,0,0,32,7,27,2,0,0,8,5,1,1,0,1,2,1,0,0,1,0,0,0
2022,884535,611,Fenerbahce,2927,Michy Batshuayi,78,23,F,6.5,False,False,1,4,1,0,0,0,0,8,2,6,0,1,0,5,1,1,1,0,0,0,1,0,0,0,0,0,0
2022,884535,611,Fenerbahce,35533,Enner Valencia,90,13,F,6.7,False,False,3,3,2,1,0,0,0,21,1,15,1,0,1,15,8,6,2,1,5,2,0,0,0,0,0,0,0
2022,884535,611,Fenerbahce,62137,İrfan Can Eğribayat,0,70,G,,False,True,0,0,0,0,0,0,0,0,0,,0,0,0,0,0,0,0,0,0,0,0,0,0,0,0,0,0
2022,884535,611,Fenerbahce,9992,Gustavo Henrique,0,2,D,,False,True,0,0,0,0,0,0,0,0,0,,0,0,0,0,0,0,0,0,0,0,0,0,0,0,0,0,0
2022,884535,611,Fenerbahce,71,Luan Peres,0,28,D,,False,True,0,0,0,0,0,0,0,0,0,,0,0,0,0,0,0,0,0,0,0,0,0,0,0,0,0,0
2022,884535,611,Fenerbahce,19588,Bright Osayi-Samuel,29,21,M,6.2,False,True,0,0,0,0,0,0,0,15,0,13,0,0,1,2,0,0,0,0,0,1,0,0,0,0,0,0,0
2022,884535,611,Fenerbahce,214463,İsmail Yüksek,0,80,M,,False,True,0,0,0,0,0,0,0,0,0,,0,0,0,0,0,0,0,0,0,0,0,0,0,0,0,0,0
2022,884535,611,Fenerbahce,1369,Miha Zajc,29,26,M,6.9,False,True,0,1,0,0,0,0,0,20,1,19,1,0,0,4,1,1,0,0,0,1,0,0,0,0,0,0,0
2022,884535,611,Fenerbahce,291964,Arda Güler,13,10,M,7,False,True,0,0,0,0,0,0,0,17,1,16,0,0,0,2,2,0,0,0,2,0,0,0,0,0,0,0,0
2022,884535,611,Fenerbahce,47446,Emre Mor,9,99,M,6.2,False,True,0,0,0,0,0,0,0,2,0,,0,0,0,2,0,0,0,0,0,0,0,0,0,0,0,0,0
2022,884535,611,Fenerbahce,18881,Joshua King,12,15,F,6.3,False,True,0,1,0,0,0,0,0,5,0,3,1,0,0,2,1,1,0,0,0,0,0,0,0,0,0,0,0
2022,884535,611,Fenerbahce,25053,Serdar Dursun,0,19,F,,False,True,0,0,0,0,0,0,0,0,0,,0,0,0,0,0,0,0,0,0,0,0,0,0,0,0,0,0
2022,884445,3578,İstanbulspor,37164,David Jensen,90,1,G,5.2,False,False,0,0,0,0,5,0,1,25,0,15,0,0,0,0,0,0,0,0,0,0,0,0,0,0,0,0,0
2022,884445,3578,İstanbulspor,105237,Oğuzhan Berber,90,13,D,7.3,False,False,0,0,0,0,0,0,0,42,1,32,5,1,2,9,8,0,0,0,1,0,0,0,0,0,0,0,0
2022,884445,3578,İstanbulspor,101312,Mehmet Yeşil,60,4,D,6.3,False,False,0,0,0,0,0,0,0,19,0,14,0,0,2,0,0,0,0,0,0,0,0,0,0,0,0,0,0
2022,884445,3578,İstanbulspor,63536,Adi Mehremić,90,88,D,6,False,False,0,0,0,0,0,0,0,28,0,18,2,0,4,8,5,0,0,1,1,2,0,0,0,0,0,0,0
2022,884445,3578,İstanbulspor,61932,Ali Yaşar,90,66,D,5.3,False,False,0,0,0,0,0,0,0,37,1,31,1,0,3,6,1,0,0,1,0,1,0,0,0,1,0,0,0
2022,884445,3578,İstanbulspor,119174,Okan Erdoğan,90,23,M,7.2,False,False,0,0,0,0,0,0,0,35,0,30,5,1,2,12,8,2,2,0,1,3,0,0,0,0,0,0,0
2022,884445,3578,İstanbulspor,108630,Jetmir Topalli,90,98,M,7.6,False,False,2,3,2,2,0,0,0,20,0,12,0,0,0,10,4,2,1,1,3,2,0,0,0,0,0,0,0
2022,884445,3578,İstanbulspor,158431,Melih Kabasakal,90,57,M,6.9,False,False,0,0,0,0,0,0,0,54,0,50,3,0,4,9,5,1,1,3,0,1,0,0,0,0,0,0,0
2022,884445,3578,İstanbulspor,62696,Muammer Sarıkaya,84,24,M,7,False,False,0,1,0,0,0,1,0,33,1,28,1,0,1,10,4,0,0,0,2,2,0,0,0,0,0,0,0
2022,884445,3578,İstanbulspor,3499,Valon Ethemi,90,27,M,5.9,False,False,1,0,0,0,0,0,0,24,0,12,1,0,1,13,3,3,2,2,0,3,0,0,0,0,0,0,0
2022,884445,3578,İstanbulspor,62134,İbrahim Yilmaz,90,9,F,6.7,True,False,4,0,0,0,0,0,0,28,0,22,0,0,0,12,8,0,0,0,2,0,0,0,0,0,0,0,0
2022,884445,3578,İstanbulspor,152301,Alp Arda,0,59,G,,False,True,0,0,0,0,0,0,0,0,0,,0,0,0,0,0,0,0,0,0,0,0,0,0,0,0,0,0
2022,884445,3578,İstanbulspor,62107,Tuncer Duhan Aksu,0,3,D,,False,True,0,0,0,0,0,0,0,0,0,,0,0,0,0,0,0,0,0,0,0,0,0,0,0,0,0,0
2022,884445,3578,İstanbulspor,62108,Aldin Cajic,0,11,M,,False,True,0,0,0,0,0,0,0,0,0,,0,0,0,0,0,0,0,0,0,0,0,0,0,0,0,0,0
2022,884445,3578,İstanbulspor,62248,Kagan Bağış,0,77,M,,False,True,0,0,0,0,0,0,0,0,0,,0,0,0,0,0,0,0,0,0,0,0,0,0,0,0,0,0
2022,884445,3578,İstanbulspor,25131,Patrick Ebert,30,20,M,6.3,False,True,0,0,0,0,0,0,0,13,0,12,2,0,2,5,2,0,0,2,0,1,1,0,0,0,0,0,0
2022,884445,3578,İstanbulspor,19039,Demeaco Duhaney,0,21,D,,False,True,0,0,0,0,0,0,0,0,0,,0,0,0,0,0,0,0,0,0,0,0,0,0,0,0,0,0
2022,884445,3578,İstanbulspor,278944,Vefa Temel,0,18,M,,False,True,0,0,0,0,0,0,0,0,0,,0,0,0,0,0,0,0,0,0,0,0,0,0,0,0,0,0
2022,884445,3578,İstanbulspor,8713,Sindrit Guri,0,61,F,,False,True,0,0,0,0,0,0,0,0,0,,0,0,0,0,0,0,0,0,0,0,0,0,0,0,0,0,0
2022,884445,3578,İstanbulspor,62641,Emir Kaan Gültekin,11,19,F,6.2,False,True,0,0,0,0,0,0,0,2,0,2,0,0,0,2,0,0,0,0,0,0,0,0,0,0,0,0,0
2022,884445,3578,İstanbulspor,14317,Kristal Abazaj,0,7,F,,False,True,0,0,0,0,0,0,0,0,0,,0,0,0,0,0,0,0,0,0,0,0,0,0,0,0,0,0
2022,884445,611,Fenerbahce,50132,Altay Bayındır,90,1,G,6.3,True,False,0,0,0,0,2,0,0,23,0,16,0,0,0,1,0,0,0,1,0,0,0,0,0,0,0,0,0
2022,884445,611,Fenerbahce,1361,Ferdi Kadıoğlu,90,7,D,6.6,False,False,0,0,0,0,0,0,0,69,1,61,1,0,0,6,4,3,2,0,1,0,0,0,0,0,0,0,0
2022,884445,611,Fenerbahce,1341,Serdar Aziz,90,4,D,6.5,False,False,0,0,0,0,0,0,0,70,0,61,1,0,0,7,4,0,0,0,0,2,1,0,0,0,0,0,0
2022,884445,611,Fenerbahce,28443,Attila Szalai,90,41,D,5.6,False,False,0,0,0,0,0,0,0,78,0,61,1,0,1,10,4,1,0,0,0,1,0,0,0,0,0,0,0
2022,884445,611,Fenerbahce,19133,Ezgjan Alioski,66,6,D,7,False,False,0,1,0,0,0,0,0,53,0,45,2,0,1,5,3,1,1,0,0,1,0,0,0,0,0,0,0
2022,884445,611,Fenerbahce,49857,İrfan Can Kahveci,89,17,M,8.3,False,False,0,2,1,1,0,1,0,52,3,45,2,0,1,9,6,3,2,1,2,2,0,0,0,0,0,0,0
2022,884445,611,Fenerbahce,10173,Willian Arão,90,5,M,7.3,False,False,0,0,0,0,0,0,0,63,0,56,1,0,3,6,5,1,1,0,0,0,0,0,0,0,0,0,0
2022,884445,611,Fenerbahce,1369,Miha Zajc,76,26,M,6.6,False,False,0,2,0,0,0,0,0,52,1,48,1,0,0,9,2,0,0,2,1,1,0,0,0,0,0,0,0
2022,884445,611,Fenerbahce,47446,Emre Mor,66,99,M,6.3,False,False,0,1,0,0,0,1,0,33,2,29,0,0,0,10,4,4,0,0,4,1,0,0,0,0,0,0,0
2022,884445,611,Fenerbahce,2927,Michy Batshuayi,90,23,F,9.9,False,False,0,4,4,3,0,1,0,38,2,28,1,0,0,9,5,2,1,0,2,1,0,0,0,0,1,0,0
2022,884445,611,Fenerbahce,30562,João Pedro,66,20,F,6.3,False,False,0,1,1,0,0,0,0,13,0,11,1,0,0,8,3,5,1,0,0,1,0,0,0,0,0,0,0
2022,884445,611,Fenerbahce,62137,İrfan Can Eğribayat,0,70,G,,False,True,0,0,0,0,0,0,0,0,0,,0,0,0,0,0,0,0,0,0,0,0,0,0,0,0,0,0
2022,884445,611,Fenerbahce,364594,Yigit Efe Demir,0,94,D,,False,True,0,0,0,0,0,0,0,0,0,,0,0,0,0,0,0,0,0,0,0,0,0,0,0,0,0,0
2022,884445,611,Fenerbahce,41973,Miguel Crespo,14,27,M,6.6,False,True,0,0,0,0,0,0,0,23,1,20,0,0,0,1,0,1,0,0,0,0,0,0,0,0,0,0,0
2022,884445,611,Fenerbahce,214463,İsmail Yüksek,1,80,M,,False,True,0,0,0,0,0,0,0,3,0,2,1,0,0,2,2,0,0,0,1,0,0,0,0,0,0,0,0
2022,884445,611,Fenerbahce,291964,Arda Güler,0,10,M,,False,True,0,0,0,0,0,0,0,0,0,,0,0,0,0,0,0,0,0,0,0,0,0,0,0,0,0,0
2022,884445,611,Fenerbahce,10497,Lincoln,24,18,M,6.6,False,True,0,0,0,0,0,0,0,22,1,18,0,0,0,5,2,1,1,0,1,2,0,0,0,0,0,0,0
2022,884445,611,Fenerbahce,19588,Bright Osayi-Samuel,24,21,M,6.5,False,True,0,0,0,0,0,0,0,20,0,16,0,0,0,5,3,2,1,1,1,0,0,0,0,0,0,0,0
2022,884445,611,Fenerbahce,18881,Joshua King,0,15,F,,False,True,0,0,0,0,0,0,0,0,0,,0,0,0,0,0,0,0,0,0,0,0,0,0,0,0,0,0
2022,884445,611,Fenerbahce,25053,Serdar Dursun,0,19,F,,False,True,0,0,0,0,0,0,0,0,0,,0,0,0,0,0,0,0,0,0,0,0,0,0,0,0,0,0
2022,884445,611,Fenerbahce,35533,Enner Valencia,24,13,F,8,False,True,0,1,1,1,0,1,0,9,1,9,1,0,0,3,1,1,0,1,0,0,0,0,0,0,0,0,0
2022,884572,996,Alanyaspor,2784,Rúnar Alex Rúnarsson,90,13,G,6,False,False,0,0,0,0,3,0,2,28,0,9,0,0,0,0,0,0,0,0,0,0,0,0,0,0,0,0,0
2022,884572,996,Alanyaspor,1763,Daniel Candeias,81,21,D,6.2,False,False,0,0,0,0,0,0,0,17,0,8,4,0,0,9,4,0,0,5,0,0,0,0,0,0,0,0,0
2022,884572,996,Alanyaspor,62378,Furkan Bayır,90,4,D,6.3,False,False,0,1,1,0,0,0,0,21,0,16,2,1,1,8,3,0,0,0,0,3,1,0,0,1,0,0,0
2022,884572,996,Alanyaspor,62008,Joher Khadim Rassoul,90,23,D,6.5,False,False,0,0,0,0,0,0,0,17,0,12,3,0,2,10,7,0,0,0,0,1,0,0,0,1,0,0,0
2022,884572,996,Alanyaspor,286825,Yusuf Ozdemir,90,88,D,6.2,False,False,1,0,0,0,0,0,0,26,0,20,3,1,0,8,4,0,0,2,1,2,1,0,0,0,0,0,0
2022,884572,996,Alanyaspor,128968,Umut Güneş,90,6,M,6.9,False,False,0,0,0,0,0,0,0,18,1,13,4,0,1,9,5,0,0,1,1,1,0,0,0,0,0,0,0
2022,884572,996,Alanyaspor,8678,Arnaud Lusamba,90,97,M,6.2,False,False,0,0,0,0,0,0,0,27,1,23,2,0,2,9,3,0,0,3,1,0,0,0,0,0,0,0,0
2022,884572,996,Alanyaspor,49941,Efecan Karaca,90,7,M,6.2,True,False,0,0,0,0,0,0,0,29,0,18,2,0,0,9,4,1,0,1,2,2,0,0,0,0,0,0,0
2022,884572,996,Alanyaspor,26128,Efkan Bekiroğlu,65,11,M,6.9,False,False,0,0,0,0,0,0,0,9,0,9,3,0,0,4,3,0,0,1,0,0,0,0,0,0,0,0,0
2022,884572,996,Alanyaspor,18751,Ivan Cavaleiro,81,19,M,6.9,False,False,0,0,0,0,0,1,0,21,2,16,1,0,1,17,6,4,3,4,1,1,0,0,0,0,0,0,0
2022,884572,996,Alanyaspor,26665,Efthymios Koulouris,89,24,F,7.3,False,False,0,2,1,1,0,0,0,22,0,17,1,0,0,11,4,3,1,0,1,0,0,0,0,0,0,0,0
2022,884572,996,Alanyaspor,49927,Yusuf Karagöz,0,99,G,,False,True,0,0,0,0,0,0,0,0,0,,0,0,0,0,0,0,0,0,0,0,0,0,0,0,0,0,0
2022,884572,996,Alanyaspor,367637,Umit Akdag,0,5,D,,False,True,0,0,0,0,0,0,0,0,0,,0,0,0,0,0,0,0,0,0,0,0,0,0,0,0,0,0
2022,884572,996,Alanyaspor,143717,Ahmet Gülay,0,3,D,,False,True,0,0,0,0,0,0,0,0,0,,0,0,0,0,0,0,0,0,0,0,0,0,0,0,0,0,0
2022,884572,996,Alanyaspor,30768,Pedro Pereira,9,27,D,5.9,False,True,0,0,0,0,0,0,0,7,0,3,0,0,0,0,0,0,0,0,0,0,0,0,0,0,0,0,0
2022,884572,996,Alanyaspor,1488,Idrissa Doumbia,0,98,M,,False,True,0,0,0,0,0,0,0,0,0,,0,0,0,0,0,0,0,0,0,0,0,0,0,0,0,0,0
2022,884572,996,Alanyaspor,3175,Zinedine Ferhat,25,10,M,6.3,False,True,1,0,0,0,0,0,0,17,0,11,1,0,0,3,2,1,1,0,0,0,0,0,0,0,0,0,0
2022,884572,996,Alanyaspor,201453,Mert-Yusuf Torlak,0,37,M,,False,True,0,0,0,0,0,0,0,0,0,,0,0,0,0,0,0,0,0,0,0,0,0,0,0,0,0,0
2022,884572,996,Alanyaspor,1617,Ahmed Hassan,13,93,F,6.2,False,True,0,0,0,0,0,0,0,2,0,2,0,0,0,2,0,0,0,2,0,0,0,0,0,0,0,0,0
2022,884572,996,Alanyaspor,134590,Oğuz Aydın,9,70,F,6.7,False,True,0,0,0,0,0,0,0,3,0,1,0,0,0,1,1,1,1,0,0,0,0,0,0,0,0,0,0
2022,884572,996,Alanyaspor,128350,Erencan Yardımcı,0,9,F,,False,True,0,0,0,0,0,0,0,0,0,,0,0,0,0,0,0,0,0,0,0,0,0,0,0,0,0,0
2022,884572,611,Fenerbahce,50132,Altay Bayındır,90,1,G,6.3,True,False,0,0,0,0,1,0,1,16,0,14,0,0,0,0,0,0,0,0,0,0,0,0,0,0,0,0,0
2022,884572,611,Fenerbahce,1361,Ferdi Kadıoğlu,90,7,D,7.3,False,False,0,1,0,0,0,0,0,94,0,84,1,0,0,9,7,6,4,0,2,0,0,0,0,0,0,0,0
2022,884572,611,Fenerbahce,62490,Samet Akaydin,90,3,D,6.5,False,False,0,0,0,0,0,0,0,97,1,84,1,0,2,9,3,0,0,1,0,1,0,0,0,0,0,0,0
2022,884572,611,Fenerbahce,9992,Gustavo Henrique,90,2,D,7.2,False,False,0,1,0,0,0,1,0,83,2,75,1,0,1,3,3,0,0,0,0,0,0,0,0,0,0,0,0
2022,884572,611,Fenerbahce,272721,Jayden Oosterwolde,17,24,D,6.3,False,False,0,0,0,0,0,0,0,9,0,8,0,0,0,0,0,0,0,0,0,0,0,0,0,0,0,0,0
2022,884572,611,Fenerbahce,51045,Diego Rossi,90,9,M,7,False,False,1,1,0,0,0,0,0,50,1,46,1,0,0,6,4,3,3,1,0,0,0,0,0,0,0,0,0
2022,884572,611,Fenerbahce,10173,Willian Arão,45,5,M,6.9,False,False,0,0,0,0,0,0,0,39,0,35,2,0,0,4,2,0,0,0,0,0,0,0,0,0,0,0,0
2022,884572,611,Fenerbahce,214463,İsmail Yüksek,90,80,M,6.3,False,False,0,0,0,0,0,0,0,81,0,73,2,0,1,20,8,5,4,2,0,4,0,0,0,0,0,0,0
2022,884572,611,Fenerbahce,49857,İrfan Can Kahveci,45,17,M,6.6,False,False,1,0,0,0,0,0,0,22,1,20,1,0,0,5,1,3,0,0,0,1,0,0,0,0,0,0,0
2022,884572,611,Fenerbahce,30562,João Pedro,45,20,F,6.5,False,False,0,0,0,0,0,0,0,6,0,6,0,0,0,1,0,1,0,0,0,0,0,0,0,0,0,0,0
2022,884572,611,Fenerbahce,35533,Enner Valencia,90,13,F,7.9,False,False,2,5,3,2,0,0,0,28,0,20,0,0,0,14,9,4,1,0,4,0,1,0,1,0,2,0,0
2022,884572,611,Fenerbahce,62137,İrfan Can Eğribayat,0,70,G,,False,True,0,0,0,0,0,0,0,0,0,,0,0,0,0,0,0,0,0,0,0,0,0,0,0,0,0,0
2022,884572,611,Fenerbahce,1341,Serdar Aziz,0,4,D,,False,True,0,0,0,0,0,0,0,0,0,,0,0,0,0,0,0,0,0,0,0,0,0,0,0,0,0,0
2022,884572,611,Fenerbahce,41973,Miguel Crespo,0,27,M,,False,True,0,0,0,0,0,0,0,0,0,,0,0,0,0,0,0,0,0,0,0,0,0,0,0,0,0,0
2022,884572,611,Fenerbahce,291964,Arda Güler,0,10,M,,False,True,0,0,0,0,0,0,0,0,0,,0,0,0,0,0,0,0,0,0,0,0,0,0,0,0,0,0
2022,884572,611,Fenerbahce,47446,Emre Mor,45,99,M,8.2,False,True,0,3,2,1,0,0,0,25,2,18,0,1,1,7,6,5,4,0,2,0,0,0,0,0,0,0,0
2022,884572,611,Fenerbahce,19588,Bright Osayi-Samuel,73,21,M,6.9,False,True,0,1,0,0,0,0,0,43,0,41,1,0,0,12,6,4,2,2,2,1,1,0,1,0,0,0,0
2022,884572,611,Fenerbahce,50097,Mert Hakan Yandaş,0,8,M,,False,True,0,0,0,0,0,0,0,0,0,,0,0,0,0,0,0,0,0,0,0,0,0,0,0,0,0,0
2022,884572,611,Fenerbahce,1369,Miha Zajc,45,26,M,6.9,False,True,0,0,0,0,0,0,0,38,1,32,0,0,0,5,3,2,1,0,0,0,0,0,0,0,0,0,0
2022,884572,611,Fenerbahce,25053,Serdar Dursun,12,19,F,6.3,False,True,0,0,0,0,0,0,0,4,0,2,0,0,0,1,0,0,0,0,0,0,0,0,0,0,0,0,0
2022,884572,611,Fenerbahce,18881,Joshua King,33,15,F,6.7,False,True,0,0,0,0,0,0,0,9,1,9,2,0,0,4,2,2,0,0,0,0,0,0,0,0,0,0,0
2022,884374,607,Konyaspor,50192,Ibrahim Šehić,90,13,G,7.2,True,False,0,0,0,0,0,0,2,30,0,24,0,0,0,0,0,0,0,0,0,0,0,0,0,0,0,0,0
2022,884374,607,Konyaspor,61810,Ahmet Oğuz,90,22,D,7.2,False,False,0,0,0,0,0,0,0,52,0,42,6,0,0,14,9,1,0,1,1,3,0,0,0,0,0,0,0
2022,884374,607,Konyaspor,61986,Adil Demirbağ,54,4,D,6,False,False,0,0,0,0,0,0,0,49,0,46,1,0,1,4,3,0,0,0,1,1,2,1,0,0,0,0,0
2022,884374,607,Konyaspor,2830,Francisco Calvo,90,15,D,7.2,False,False,1,0,0,0,0,0,0,74,0,65,1,1,1,6,3,0,0,0,0,1,1,0,0,0,0,0,0
2022,884374,607,Konyaspor,40472,Guilherme Haubert Sityá,90,12,D,7.3,False,False,0,0,0,0,0,0,0,51,2,45,0,0,1,3,2,3,2,0,0,0,0,0,0,0,0,0,0
2022,884374,607,Konyaspor,62915,Soner Dikmen,90,14,M,7.2,False,False,0,0,0,0,0,0,0,57,3,54,0,0,2,4,1,1,0,1,0,1,1,0,0,0,0,0,0
2022,884374,607,Konyaspor,50006,Amir Hadžiahmetović,90,18,M,7.5,False,False,0,0,0,0,0,0,0,67,0,61,3,0,0,5,5,1,1,0,0,0,0,0,0,0,0,0,0
2022,884374,607,Konyaspor,14296,Robert Murić,64,11,M,6.5,False,False,1,1,1,0,0,0,0,18,0,13,1,0,1,3,1,0,0,1,0,0,0,0,0,0,0,0,0
2022,884374,607,Konyaspor,76866,Amar Rahmanović,58,8,M,6.3,False,False,2,0,0,0,0,0,0,10,0,10,3,0,0,7,4,0,0,3,1,0,0,0,0,0,0,0,0
2022,884374,607,Konyaspor,39137,Zymer Bytyqi,89,7,M,8,False,False,2,2,2,0,0,1,0,35,2,31,0,0,0,2,1,1,1,0,0,0,0,0,0,0,0,0,0
2022,884374,607,Konyaspor,50100,Muhammet Demir,89,9,F,7.3,False,False,3,2,1,1,0,0,0,17,0,15,2,0,1,9,4,2,1,1,0,1,0,0,0,0,0,0,0
2022,884374,607,Konyaspor,61924,Erhan Erentürk,0,1,G,,False,True,0,0,0,0,0,0,0,0,0,,0,0,0,0,0,0,0,0,0,0,0,0,0,0,0,0,0
2022,884374,607,Konyaspor,63225,Kahraman Demirtaş,0,20,D,,False,True,0,0,0,0,0,0,0,0,0,,0,0,0,0,0,0,0,0,0,0,0,0,0,0,0,0,0
2022,884374,607,Konyaspor,50141,Cebrail Karayel,1,90,D,,False,True,0,0,0,0,0,0,0,3,0,2,0,0,0,0,0,0,0,0,0,0,0,0,0,0,0,0,0
2022,884374,607,Konyaspor,62023,Yasir Subaşı,0,3,D,,False,True,0,0,0,0,0,0,0,0,0,,0,0,0,0,0,0,0,0,0,0,0,0,0,0,0,0,0
2022,884374,607,Konyaspor,79896,Endri Çekiçi,26,23,M,6.3,False,True,0,0,0,0,0,0,0,9,0,7,1,0,0,4,2,1,1,1,0,0,0,0,0,0,0,0,0
2022,884374,607,Konyaspor,14288,Domagoj Pavičić,0,10,M,,False,True,0,0,0,0,0,0,0,0,0,,0,0,0,0,0,0,0,0,0,0,0,0,0,0,0,0,0
2022,884374,607,Konyaspor,1486,Bruno Paz,0,80,M,,False,True,0,0,0,0,0,0,0,0,0,,0,0,0,0,0,0,0,0,0,0,0,0,0,0,0,0,0
2022,884374,607,Konyaspor,50063,Uğurcan Yazğılı,32,5,M,6.3,False,True,0,0,0,0,0,0,0,17,0,14,0,0,0,3,2,0,0,0,1,1,0,0,0,0,0,0,0
2022,884374,607,Konyaspor,301582,Mehmet Ali Büyüksayar,0,42,M,,False,True,0,0,0,0,0,0,0,0,0,,0,0,0,0,0,0,0,0,0,0,0,0,0,0,0,0,0
2022,884374,607,Konyaspor,44877,Uche Ikpeazu,1,29,F,,False,True,0,1,0,0,0,0,0,5,0,4,0,0,0,5,2,1,1,0,0,0,0,0,0,0,0,0,0
2022,884374,611,Fenerbahce,50132,Altay Bayındır,90,1,G,6.9,True,False,0,0,0,0,1,0,3,24,0,16,0,0,0,0,0,0,0,0,0,0,0,0,0,0,0,0,0
2022,884374,611,Fenerbahce,30524,Mauricio Lemos,31,29,D,6.5,False,False,0,0,0,0,0,0,0,14,0,12,0,0,1,1,0,0,0,1,0,0,0,0,0,0,0,0,0
2022,884374,611,Fenerbahce,28443,Attila Szalai,90,41,D,6.9,False,False,0,1,0,0,0,0,0,67,0,63,1,0,0,4,3,0,0,0,0,0,0,0,0,0,0,0,0
2022,884374,611,Fenerbahce,71,Luan Peres,90,28,D,7.2,False,False,0,0,0,0,0,0,0,66,0,58,2,0,1,7,6,2,2,1,0,0,0,0,0,0,0,0,0
2022,884374,611,Fenerbahce,1361,Ferdi Kadıoğlu,90,7,M,6.7,False,False,0,1,0,0,0,0,0,33,1,29,1,0,0,5,2,2,1,0,0,0,0,0,0,0,0,0,0
2022,884374,611,Fenerbahce,47446,Emre Mor,45,99,M,6.5,False,False,0,0,0,0,0,0,0,8,0,5,0,0,1,2,0,2,0,0,0,0,0,0,0,0,0,0,0
2022,884374,611,Fenerbahce,10173,Willian Arão,90,5,M,6.7,False,False,0,2,1,0,0,0,0,53,0,48,2,0,1,9,2,0,0,3,0,1,0,0,0,0,0,0,0
2022,884374,611,Fenerbahce,1369,Miha Zajc,71,26,M,6.3,False,False,0,0,0,0,0,0,0,46,1,43,1,0,0,6,3,3,1,0,1,0,0,0,0,0,0,0,0
2022,884374,611,Fenerbahce,10497,Lincoln,45,18,M,6.7,False,False,0,0,0,0,0,0,0,15,0,11,1,0,0,6,3,2,1,0,1,0,0,0,0,0,0,0,0
2022,884374,611,Fenerbahce,35533,Enner Valencia,22,13,F,4.3,False,False,0,0,0,0,0,0,0,3,0,,0,0,0,4,2,1,1,0,0,1,0,1,0,0,0,0,0
2022,884374,611,Fenerbahce,51045,Diego Rossi,71,9,F,6.5,False,False,1,1,1,0,0,0,0,21,1,19,1,0,1,7,2,1,0,0,1,1,0,0,0,0,0,0,0
2022,884374,611,Fenerbahce,210244,Osman Ertuğrul Çetin,0,54,G,,False,True,0,0,0,0,0,0,0,0,0,,0,0,0,0,0,0,0,0,0,0,0,0,0,0,0,0,0
2022,884374,611,Fenerbahce,19133,Ezgjan Alioski,0,6,D,,False,True,0,0,0,0,0,0,0,0,0,,0,0,0,0,0,0,0,0,0,0,0,0,0,0,0,0,0
2022,884374,611,Fenerbahce,9992,Gustavo Henrique,0,2,D,,False,True,0,0,0,0,0,0,0,0,0,,0,0,0,0,0,0,0,0,0,0,0,0,0,0,0,0,0
2022,884374,611,Fenerbahce,41973,Miguel Crespo,0,27,M,,False,True,0,0,0,0,0,0,0,0,0,,0,0,0,0,0,0,0,0,0,0,0,0,0,0,0,0,0
2022,884374,611,Fenerbahce,291964,Arda Güler,0,10,M,,False,True,0,0,0,0,0,0,0,0,0,,0,0,0,0,0,0,0,0,0,0,0,0,0,0,0,0,0
2022,884374,611,Fenerbahce,49857,İrfan Can Kahveci,45,17,M,6.7,False,True,0,1,0,0,0,0,0,17,1,14,0,0,1,2,0,0,0,2,0,0,0,0,0,0,0,0,0
2022,884374,611,Fenerbahce,19588,Bright Osayi-Samuel,45,21,M,6.7,False,True,0,0,0,0,0,0,0,15,0,14,0,0,0,2,2,1,1,0,1,0,0,0,0,0,0,0,0
2022,884374,611,Fenerbahce,50097,Mert Hakan Yandaş,19,8,M,6.6,False,True,0,0,0,0,0,0,0,23,1,16,0,0,0,2,1,0,0,0,1,0,0,0,0,0,0,0,0
2022,884374,611,Fenerbahce,30562,João Pedro,19,20,F,6.7,False,True,0,1,0,0,0,0,0,5,0,4,0,0,0,5,2,0,0,0,2,1,0,0,0,0,0,0,0
2022,884374,611,Fenerbahce,25053,Serdar Dursun,59,19,F,6.7,False,True,0,0,0,0,0,0,0,12,1,9,0,0,0,7,2,1,1,0,1,0,0,0,0,0,0,0,0
2022,884405,549,Besiktas,1971,Ersin Destanoğlu,90,1,G,7.3,False,False,0,0,0,0,0,0,2,26,0,14,0,0,0,0,0,0,0,0,0,0,0,0,0,0,0,0,0
2022,884405,549,Besiktas,21701,Valentin Rosier,90,2,D,7.3,False,False,0,0,0,0,0,0,0,35,1,25,2,0,0,14,6,3,2,1,1,4,0,0,0,0,0,0,0
2022,884405,549,Besiktas,61993,Tayyip Talha Sanuç,90,3,D,7.7,False,False,0,2,0,0,0,0,0,37,0,27,2,1,1,7,6,0,0,0,1,0,0,0,0,0,0,0,0
2022,884405,549,Besiktas,2716,Romain Saïss,90,26,D,7.3,False,False,0,0,0,0,0,0,0,59,0,48,3,0,2,13,7,0,0,0,1,3,0,0,0,0,0,0,0
2022,884405,549,Besiktas,18816,Arthur Masuaku,88,25,D,6.9,False,False,0,0,0,0,0,0,0,37,1,25,2,0,1,7,4,1,1,0,1,1,1,0,0,0,0,0,0
2022,884405,549,Besiktas,31058,Salih Uçan,73,8,M,7.2,False,False,0,0,0,0,0,0,0,31,1,24,5,2,0,14,7,3,1,2,1,2,0,0,0,0,0,0,0
2022,884405,549,Besiktas,44436,Souza,90,5,M,7,True,False,0,0,0,0,0,0,0,37,0,32,3,1,0,10,6,0,0,1,1,1,0,0,0,0,0,0,0
2022,884405,549,Besiktas,144656,Jackson Muleka,73,40,M,6.9,False,False,3,1,0,0,0,0,0,14,1,11,0,0,1,7,4,0,0,0,1,2,0,0,0,0,0,0,0
2022,884405,549,Besiktas,172,Dele Alli,72,11,M,6.2,False,False,2,0,0,0,0,0,0,17,0,12,1,0,1,9,4,0,0,1,3,0,0,0,0,0,0,0,0
2022,884405,549,Besiktas,18948,Nathan Redmond,82,15,M,6.9,False,False,1,0,0,0,0,0,0,26,0,17,2,0,0,5,4,2,1,0,0,0,0,0,0,0,0,0,0
2022,884405,549,Besiktas,25416,Wout Weghorst,90,10,F,5.9,False,False,1,3,0,0,0,0,0,16,0,8,0,0,0,19,3,0,0,1,2,4,0,0,0,0,0,0,0
2022,884405,549,Besiktas,49837,Mert Günok,0,34,G,,False,True,0,0,0,0,0,0,0,0,0,,0,0,0,0,0,0,0,0,0,0,0,0,0,0,0,0,0
2022,884405,549,Besiktas,1997,Necip Uysal,0,20,D,,False,True,0,0,0,0,0,0,0,0,0,,0,0,0,0,0,0,0,0,0,0,0,0,0,0,0,0,0
2022,884405,549,Besiktas,128928,Emrecan Uzunhan,0,14,D,,False,True,0,0,0,0,0,0,0,0,0,,0,0,0,0,0,0,0,0,0,0,0,0,0,0,0,0,0
2022,884405,549,Besiktas,50223,Umut Meraş,2,77,D,,False,True,0,0,0,0,0,0,0,1,1,1,0,0,0,0,0,0,0,0,0,0,0,0,0,0,0,0,0
2022,884405,549,Besiktas,50182,Kerem Atakan Kesgin,0,17,M,,False,True,0,0,0,0,0,0,0,0,0,,0,0,0,0,0,0,0,0,0,0,0,0,0,0,0,0,0
2022,884405,549,Besiktas,18780,Rachid Ghezzal,18,18,M,7.3,False,True,0,0,0,0,0,0,0,14,4,8,1,0,0,3,2,1,0,0,1,0,0,0,0,0,0,0,0
2022,884405,549,Besiktas,50176,Tayfur Bingöl,17,88,M,7,False,True,0,2,1,0,0,0,0,12,0,10,1,0,0,5,2,1,1,0,0,1,0,0,0,0,0,0,0
2022,884405,549,Besiktas,569,Gedson Fernandes,17,83,M,6.9,False,True,0,0,0,0,0,0,0,8,0,7,1,0,1,6,4,3,2,0,1,1,1,0,0,0,0,0,0
2022,884405,549,Besiktas,1999,Oğuzhan Akgün,0,33,F,,False,True,0,0,0,0,0,0,0,0,0,,0,0,0,0,0,0,0,0,0,0,0,0,0,0,0,0,0
2022,884405,549,Besiktas,18768,Cenk Tosun,8,9,F,6.7,False,True,0,0,0,0,0,0,0,2,0,2,0,0,0,1,1,0,0,0,1,0,0,0,0,0,0,0,0
2022,884405,611,Fenerbahce,50132,Altay Bayındır,90,1,G,7.2,True,False,0,0,0,0,0,0,1,35,0,21,0,0,0,2,2,0,0,0,1,0,0,0,0,0,0,0,0
2022,884405,611,Fenerbahce,1341,Serdar Aziz,90,4,D,7.2,False,False,0,0,0,0,0,0,0,57,0,49,3,0,0,10,7,0,0,0,1,1,0,0,0,0,0,0,0
2022,884405,611,Fenerbahce,9992,Gustavo Henrique,90,2,D,6.9,False,False,0,0,0,0,0,0,0,49,0,39,1,0,1,13,8,0,0,1,1,3,0,0,0,0,0,0,0
2022,884405,611,Fenerbahce,28443,Attila Szalai,90,41,D,7.2,False,False,0,1,0,0,0,0,0,61,1,51,2,1,0,9,4,0,0,1,1,1,0,0,0,0,0,0,0
2022,884405,611,Fenerbahce,1361,Ferdi Kadıoğlu,89,7,M,6.7,False,False,0,0,0,0,0,0,0,35,1,28,0,0,0,4,1,0,0,1,1,1,0,0,0,0,0,0,0
2022,884405,611,Fenerbahce,41973,Miguel Crespo,70,27,M,6.6,False,False,0,1,1,0,0,0,0,38,0,27,1,0,0,12,6,3,2,1,1,2,1,0,0,0,0,0,0
2022,884405,611,Fenerbahce,10173,Willian Arão,90,5,M,6.6,False,False,0,0,0,0,0,0,0,28,0,15,2,0,0,7,5,0,0,1,1,0,0,0,0,0,0,0,0
2022,884405,611,Fenerbahce,10497,Lincoln,86,18,M,6.9,False,False,0,0,0,0,0,0,0,52,1,40,3,0,2,9,5,2,0,1,2,0,0,0,0,0,0,0,0
2022,884405,611,Fenerbahce,49857,İrfan Can Kahveci,70,17,F,6.2,False,False,0,0,0,0,0,0,0,13,1,10,0,0,0,9,2,4,0,0,2,1,0,0,0,0,0,0,0
2022,884405,611,Fenerbahce,30562,João Pedro,70,20,F,6.6,False,False,1,0,0,0,0,0,0,5,1,4,0,0,0,11,4,1,0,0,3,3,0,0,0,0,0,0,0
2022,884405,611,Fenerbahce,35533,Enner Valencia,90,13,F,6.9,False,False,2,2,1,0,0,0,0,17,0,14,2,0,0,16,10,5,4,0,4,1,0,0,0,0,0,0,0
2022,884405,611,Fenerbahce,62137,İrfan Can Eğribayat,0,70,G,,False,True,0,0,0,0,0,0,0,0,0,,0,0,0,0,0,0,0,0,0,0,0,0,0,0,0,0,0
2022,884405,611,Fenerbahce,19133,Ezgjan Alioski,9,6,D,6.5,False,True,0,0,0,0,0,0,0,5,0,3,0,0,0,2,1,0,0,0,1,1,0,0,0,0,0,0,0
2022,884405,611,Fenerbahce,19588,Bright Osayi-Samuel,20,21,M,6.5,False,True,0,0,0,0,0,0,0,7,0,2,0,0,0,3,1,0,0,1,0,0,0,0,0,0,0,0,0
2022,884405,611,Fenerbahce,47446,Emre Mor,0,99,M,,False,True,0,0,0,0,0,0,0,0,0,,0,0,0,0,0,0,0,0,0,0,0,0,0,0,0,0,0
2022,884405,611,Fenerbahce,50097,Mert Hakan Yandaş,20,8,M,6.2,False,True,0,0,0,0,0,0,0,10,1,7,0,0,0,6,1,0,0,1,0,1,0,0,0,0,0,0,0
2022,884405,611,Fenerbahce,214463,İsmail Yüksek,0,80,M,,False,True,0,0,0,0,0,0,0,0,0,,0,0,0,0,0,0,0,0,0,0,0,0,0,0,0,0,0
2022,884405,611,Fenerbahce,291964,Arda Güler,0,10,M,,False,True,0,0,0,0,0,0,0,0,0,,0,0,0,0,0,0,0,0,0,0,0,0,0,0,0,0,0
2022,884405,611,Fenerbahce,51045,Diego Rossi,1,9,F,,False,True,0,0,0,0,0,0,0,1,0,,0,0,0,0,0,0,0,0,0,0,0,0,0,0,0,0,0
2022,884405,611,Fenerbahce,2927,Michy Batshuayi,20,23,F,6.3,False,True,1,0,0,0,0,0,0,4,0,1,0,0,0,7,3,0,0,0,0,1,1,0,0,0,0,0,0
2022,884405,611,Fenerbahce,25053,Serdar Dursun,0,19,F,,False,True,0,0,0,0,0,0,0,0,0,,0,0,0,0,0,0,0,0,0,0,0,0,0,0,0,0,0
2022,884499,611,Fenerbahce,50132,Altay Bayındır,90,1,G,7.2,True,False,0,0,0,0,3,0,5,37,0,22,0,0,0,0,0,0,0,0,0,0,0,0,0,0,0,0,0
2022,884499,611,Fenerbahce,1341,Serdar Aziz,90,4,D,5.9,False,False,0,0,0,0,0,0,0,45,1,35,2,0,1,11,3,1,0,1,1,2,0,0,0,0,0,0,0
2022,884499,611,Fenerbahce,9992,Gustavo Henrique,45,2,D,6.7,False,False,0,0,0,0,0,0,0,26,0,23,2,1,0,8,5,0,0,1,0,2,1,0,0,0,0,0,0
2022,884499,611,Fenerbahce,28443,Attila Szalai,90,41,D,6.2,False,False,0,0,0,0,0,0,0,73,0,60,0,0,1,5,2,0,0,0,0,0,0,0,0,0,0,0,0
2022,884499,611,Fenerbahce,19588,Bright Osayi-Samuel,90,21,M,5.9,False,False,0,1,1,0,0,0,0,40,1,32,1,0,0,9,3,5,1,1,1,0,0,0,0,0,0,0,0
2022,884499,611,Fenerbahce,41973,Miguel Crespo,70,27,M,7.2,False,False,0,1,1,0,0,0,0,37,1,32,2,0,0,18,13,3,2,2,8,0,0,0,0,0,0,0,0
2022,884499,611,Fenerbahce,10173,Willian Arão,89,5,M,7.3,False,False,0,2,1,0,0,0,0,51,0,43,4,0,1,9,6,0,0,1,1,0,0,0,0,0,0,0,0
2022,884499,611,Fenerbahce,1361,Ferdi Kadıoğlu,90,7,M,6.2,False,False,0,1,0,0,0,0,0,49,1,39,1,0,1,14,6,4,1,1,2,3,0,0,0,0,0,0,0
2022,884499,611,Fenerbahce,51045,Diego Rossi,69,9,F,7,False,False,0,1,0,0,0,0,0,29,1,20,0,0,0,7,3,3,2,1,0,0,0,0,0,0,0,0,0
2022,884499,611,Fenerbahce,18881,Joshua King,90,15,F,7,False,False,0,1,0,0,0,0,0,21,1,16,4,2,1,11,7,3,1,0,2,1,0,0,0,0,0,0,0
2022,884499,611,Fenerbahce,2927,Michy Batshuayi,69,23,F,7,False,False,2,2,1,0,0,0,0,14,1,9,0,0,0,7,3,1,1,0,0,1,0,0,0,0,0,0,0
2022,884499,611,Fenerbahce,62137,İrfan Can Eğribayat,0,70,G,,False,True,0,0,0,0,0,0,0,0,0,,0,0,0,0,0,0,0,0,0,0,0,0,0,0,0,0,0
2022,884499,611,Fenerbahce,71,Luan Peres,0,28,D,,False,True,0,0,0,0,0,0,0,0,0,,0,0,0,0,0,0,0,0,0,0,0,0,0,0,0,0,0
2022,884499,611,Fenerbahce,50097,Mert Hakan Yandaş,0,8,M,,False,True,0,0,0,0,0,0,0,0,0,,0,0,0,0,0,0,0,0,0,0,1,0,0,0,0,0,0
2022,884499,611,Fenerbahce,291964,Arda Güler,0,10,M,,False,True,0,0,0,0,0,0,0,0,0,,0,0,0,0,0,0,0,0,0,0,0,0,0,0,0,0,0
2022,884499,611,Fenerbahce,10497,Lincoln,45,18,M,6.6,False,True,0,1,0,0,0,0,0,28,0,24,2,0,0,6,3,1,0,0,1,0,0,0,0,0,0,0,0
2022,884499,611,Fenerbahce,1369,Miha Zajc,20,26,M,6.6,False,True,0,0,0,0,0,0,0,21,0,17,0,0,0,3,3,1,1,0,1,0,0,0,0,0,0,0,0
2022,884499,611,Fenerbahce,47446,Emre Mor,0,99,M,,False,True,0,0,0,0,0,0,0,0,0,,0,0,0,0,0,0,0,0,0,0,0,0,0,0,0,0,0
2022,884499,611,Fenerbahce,49857,İrfan Can Kahveci,17,17,M,6.2,False,True,0,0,0,0,0,0,0,4,3,4,0,0,0,1,0,0,0,0,0,1,0,1,0,0,0,0,0
2022,884499,611,Fenerbahce,35533,Enner Valencia,21,13,F,6.3,False,True,0,1,0,0,0,0,0,6,0,4,1,0,0,6,2,3,0,0,1,0,1,0,0,0,0,0,0
2022,884499,611,Fenerbahce,25053,Serdar Dursun,10,19,F,4.5,False,True,0,0,0,0,0,0,0,3,0,1,0,0,0,4,1,0,0,0,1,0,0,0,0,0,0,0,0
2022,884499,645,Galatasaray,429,Fernando Muslera,90,1,G,8.2,True,False,0,0,0,0,0,0,5,24,0,15,0,0,0,0,0,0,0,0,0,0,0,0,0,0,0,0,0
2022,884499,645,Galatasaray,2195,Sacha Boey,90,93,D,7.2,False,False,1,0,0,0,0,0,0,24,0,16,6,0,3,10,7,2,1,0,0,1,1,0,0,0,0,0,0
2022,884499,645,Galatasaray,15912,Victor Nelsson,90,25,D,6.9,False,False,1,0,0,0,0,0,0,20,0,13,0,0,0,7,4,0,0,0,1,2,1,0,0,0,0,0,0
2022,884499,645,Galatasaray,61837,Abdülkerim Bardakçı,90,42,D,7.2,False,False,0,0,0,0,0,0,0,21,0,15,3,0,1,10,8,0,0,0,2,0,0,0,0,0,0,0,0
2022,884499,645,Galatasaray,650,Léo Dubois,90,2,D,6.7,False,False,0,0,0,0,0,0,0,27,0,14,1,2,1,12,5,3,1,2,1,0,1,0,0,0,0,0,0
2022,884499,645,Galatasaray,2375,Sérgio Oliveira,77,27,M,7.2,False,False,0,2,2,1,0,0,0,28,1,21,2,0,0,8,3,2,1,1,0,1,1,0,0,0,0,0,0
2022,884499,645,Galatasaray,264627,Berkan Kutlu,90,22,M,7.3,False,False,0,0,0,0,0,0,0,35,1,30,2,0,4,8,4,0,0,0,0,3,1,0,0,0,0,0,0
2022,884499,645,Galatasaray,25324,Milot Rashica,70,26,M,6.3,False,False,0,1,1,0,0,0,0,14,2,9,1,0,0,9,2,0,0,2,1,2,0,0,0,0,0,0,0
2022,884499,645,Galatasaray,332,Dries Mertens,70,10,M,7.3,False,False,1,1,1,0,0,0,0,15,0,11,5,0,0,11,5,0,0,1,0,4,1,0,0,0,0,0,0
2022,884499,645,Galatasaray,142959,Kerem Aktürkoğlu,89,7,M,7.5,False,False,2,2,1,1,0,0,0,27,1,17,1,0,2,11,6,3,2,1,2,0,0,0,0,0,0,0,0
2022,884499,645,Galatasaray,338818,Barış Alper Yılmaz,76,53,F,6.9,False,False,0,2,1,0,0,0,0,15,1,13,1,0,0,18,6,2,1,1,2,5,0,0,0,0,0,0,0
2022,884499,645,Galatasaray,50217,Okan Kocuk,0,34,G,,False,True,0,0,0,0,0,0,0,0,0,,0,0,0,0,0,0,0,0,0,0,0,0,0,0,0,0,0
2022,884499,645,Galatasaray,18845,Patrick van Aanholt,0,3,D,,False,True,0,0,0,0,0,0,0,0,0,,0,0,0,0,0,0,0,0,0,0,0,0,0,0,0,0,0
2022,884499,645,Galatasaray,162513,Emin Bayram,0,40,D,,False,True,0,0,0,0,0,0,0,0,0,,0,0,0,0,0,0,0,0,0,0,0,0,0,0,0,0,0
2022,884499,645,Galatasaray,36901,Fredrik Midtsjø,13,6,M,6.3,False,True,0,0,0,0,0,0,0,11,0,3,1,0,0,4,2,1,1,0,0,0,0,0,0,0,0,0,0
2022,884499,645,Galatasaray,454,Yunus Akgün,20,11,F,6.3,False,True,0,0,0,0,0,0,0,5,0,1,1,0,0,4,2,2,1,0,0,0,0,0,0,0,0,0,0
2022,884499,645,Galatasaray,131294,Yusuf Demir,0,30,F,,False,True,0,0,0,0,0,0,0,0,0,,0,0,0,0,0,0,0,0,0,0,0,0,0,0,0,0,0
2022,884499,645,Galatasaray,901,Juan Mata,8,64,M,6.6,False,True,0,0,0,0,0,0,0,5,0,5,1,0,0,1,1,0,0,0,0,0,0,0,0,0,0,0,0
2022,884499,645,Galatasaray,1462,Lucas Torreira,20,5,M,6.3,False,True,0,0,0,0,0,0,0,8,0,6,1,0,1,4,2,0,0,1,0,2,0,0,0,0,0,0,0
2022,884499,645,Galatasaray,44355,Bafetimbi Gomis,0,18,F,,False,True,0,0,0,0,0,0,0,0,0,,0,0,0,0,0,0,0,0,0,0,0,0,0,0,0,0,0
2022,884499,645,Galatasaray,216,Mauro Icardi,14,99,F,8.6,False,True,0,2,2,1,0,1,0,6,1,3,0,0,0,2,2,0,0,0,0,0,1,0,0,0,0,0,0
2022,884526,611,Fenerbahce,50132,Altay Bayındır,90,1,G,6.5,True,False,0,0,0,0,1,0,0,41,0,29,0,0,0,0,0,0,0,0,0,0,0,0,0,0,0,0,0
2022,884526,611,Fenerbahce,1361,Ferdi Kadıoğlu,87,7,D,7.9,False,False,0,1,1,0,0,1,0,61,3,52,5,0,0,14,11,3,1,0,3,1,0,0,0,0,0,0,0
2022,884526,611,Fenerbahce,62490,Samet Akaydin,90,3,D,7.3,False,False,0,0,0,0,0,0,0,72,0,60,6,0,3,11,9,0,0,0,1,0,0,0,0,0,0,0,0
2022,884526,611,Fenerbahce,28443,Attila Szalai,90,41,D,7.2,False,False,0,0,0,0,0,0,0,73,0,57,4,0,1,9,7,0,0,0,1,2,0,0,0,0,0,0,0
2022,884526,611,Fenerbahce,10497,Lincoln,90,18,D,7.2,False,False,0,0,0,0,0,0,0,53,0,48,3,0,2,12,9,1,1,0,5,2,0,0,0,0,0,0,0
2022,884526,611,Fenerbahce,10173,Willian Arão,90,5,M,7.3,False,False,0,1,1,0,0,0,0,57,0,51,2,1,2,6,5,0,0,0,1,0,0,0,0,0,0,0,0
2022,884526,611,Fenerbahce,291964,Arda Güler,71,10,M,7.2,False,False,0,3,0,0,0,0,0,40,5,36,2,0,1,15,5,4,1,2,2,1,1,0,0,0,0,0,0
2022,884526,611,Fenerbahce,1369,Miha Zajc,71,26,M,6.9,False,False,0,1,0,0,0,0,0,40,1,36,1,0,1,7,4,4,3,2,0,0,0,0,0,0,0,0,0
2022,884526,611,Fenerbahce,49857,İrfan Can Kahveci,71,17,M,6.2,False,False,1,0,0,0,0,0,0,34,1,30,0,0,0,10,2,1,0,3,1,3,0,0,0,0,0,0,0
2022,884526,611,Fenerbahce,2927,Michy Batshuayi,90,23,F,7.6,False,False,0,3,2,1,0,0,0,30,2,24,1,0,0,12,5,5,3,0,1,2,0,0,0,0,0,0,0
2022,884526,611,Fenerbahce,35533,Enner Valencia,83,13,F,10,False,False,0,6,5,4,0,0,0,24,1,18,0,0,0,18,10,4,2,1,6,2,0,0,1,0,1,0,0
2022,884526,611,Fenerbahce,62137,İrfan Can Eğribayat,0,70,G,,False,True,0,0,0,0,0,0,0,0,0,,0,0,0,0,0,0,0,0,0,0,0,0,0,0,0,0,0
2022,884526,611,Fenerbahce,1341,Serdar Aziz,0,4,D,,False,True,0,0,0,0,0,0,0,0,0,,0,0,0,0,0,0,0,0,0,0,0,0,0,0,0,0,0
2022,884526,611,Fenerbahce,71,Luan Peres,14,28,D,6.7,False,True,0,0,0,0,0,0,0,4,0,3,1,0,0,1,1,0,0,0,0,0,0,0,0,0,0,0,0
2022,884526,611,Fenerbahce,9992,Gustavo Henrique,0,2,D,,False,True,0,0,0,0,0,0,0,0,0,,0,0,0,0,0,0,0,0,0,0,0,0,0,0,0,0,0
2022,884526,611,Fenerbahce,41973,Miguel Crespo,19,27,M,6.3,False,True,0,0,0,0,0,0,0,12,0,9,0,0,0,5,0,0,0,0,0,3,1,0,0,0,0,0,0
2022,884526,611,Fenerbahce,47446,Emre Mor,19,99,M,7.2,False,True,0,2,1,0,0,1,0,6,1,5,0,0,1,3,2,1,0,0,2,0,0,0,0,0,0,0,0
2022,884526,611,Fenerbahce,51045,Diego Rossi,19,9,F,6.3,False,True,0,1,1,0,0,0,0,7,1,7,0,0,0,1,0,1,0,0,0,0,0,0,0,0,0,0,0
2022,884526,611,Fenerbahce,50097,Mert Hakan Yandaş,0,8,M,,False,True,0,0,0,0,0,0,0,0,0,,0,0,0,0,0,0,0,0,0,0,0,0,0,0,0,0,0
2022,884526,611,Fenerbahce,214463,İsmail Yüksek,10,80,M,6.7,False,True,0,0,0,0,0,0,0,7,0,7,0,0,1,1,0,1,0,0,0,0,0,0,0,0,0,0,0
2022,884526,611,Fenerbahce,25053,Serdar Dursun,0,19,F,,False,True,0,0,0,0,0,0,0,0,0,,0,0,0,0,0,0,0,0,0,0,0,0,0,0,0,0,0
2022,884526,1004,Kasimpasa,163042,Erdem Canpolat,90,22,G,6.6,False,False,0,0,0,0,5,0,6,27,0,16,0,0,0,0,0,0,0,0,0,0,0,0,0,0,0,0,0
2022,884526,1004,Kasimpasa,8751,Mickael Tirpan,90,24,D,5.9,False,False,0,0,0,0,0,0,0,31,0,24,1,0,1,12,7,2,2,0,3,2,1,0,0,0,0,0,0
2022,884526,1004,Kasimpasa,9030,Daniel Graovac,63,6,D,5.6,False,False,0,0,0,0,0,0,0,19,0,11,1,1,1,7,3,0,0,1,0,2,0,0,0,1,0,0,0
2022,884526,1004,Kasimpasa,446,Ryan Donk,90,4,D,6.2,False,False,0,0,0,0,0,0,0,30,0,23,2,2,3,6,4,0,0,1,0,1,1,0,0,0,0,0,0
2022,884526,1004,Kasimpasa,376039,Yasin Özcan,90,58,D,6.7,False,False,0,0,0,0,0,0,0,31,0,25,7,0,2,13,9,2,1,0,0,1,0,0,0,0,0,0,0
2022,884526,1004,Kasimpasa,50067,Haris Hajradinović,90,10,M,6.2,True,False,0,0,0,0,0,0,0,43,0,32,5,0,1,17,8,2,1,4,2,1,0,0,0,0,0,0,0
2022,884526,1004,Kasimpasa,21096,Valentin Eysseric,87,13,M,6.2,False,False,0,0,0,0,0,0,0,48,0,35,1,0,0,9,3,1,1,1,1,5,0,0,0,0,0,0,0
2022,884526,1004,Kasimpasa,8642,Mamadou Fall,90,7,M,6.3,False,False,1,2,1,1,0,0,0,15,0,5,1,0,1,15,3,2,0,1,1,4,0,0,0,0,0,0,0
2022,884526,1004,Kasimpasa,20675,Mounir Chouiar,73,16,M,5.9,False,False,1,1,0,0,0,0,0,25,2,19,1,0,1,17,6,8,3,1,1,1,0,0,0,0,0,0,0
2022,884526,1004,Kasimpasa,25269,Ahmet Engin,62,17,M,6.7,False,False,1,0,0,0,0,1,0,8,1,6,0,0,0,4,1,1,0,0,1,0,0,0,0,0,0,0,0
2022,884526,1004,Kasimpasa,3407,Stéphane Bahoken,73,19,F,6.5,False,False,0,0,0,0,0,0,0,11,0,11,0,1,0,7,2,0,0,1,2,1,0,0,0,0,0,0,0
2022,884526,1004,Kasimpasa,49991,Ertuğrul Taşkıran,0,1,G,,False,True,0,0,0,0,0,0,0,0,0,,0,0,0,0,0,0,0,0,0,0,0,0,0,0,0,0,0
2022,884526,1004,Kasimpasa,1343,Sadık Çiftpınar,27,18,D,6,False,True,0,0,0,0,0,0,0,11,0,8,0,0,0,6,3,0,0,1,2,2,1,0,0,0,0,0,0
2022,884526,1004,Kasimpasa,50072,Tarkan Serbest,0,15,M,,False,True,0,0,0,0,0,0,0,0,0,,0,0,0,0,0,0,0,0,0,0,0,0,0,0,0,0,0
2022,884526,1004,Kasimpasa,62198,Mehmet Feyzi Yıldırım,0,23,D,,False,True,0,0,0,0,0,0,0,0,0,,0,0,0,0,0,0,0,0,0,0,0,0,0,0,0,0,0
2022,884526,1004,Kasimpasa,282093,Ali Sühan Demirel,17,99,M,6.2,False,True,0,0,0,0,0,0,0,1,0,1,1,0,0,3,1,0,0,0,0,1,0,0,0,0,0,0,0
2022,884526,1004,Kasimpasa,138980,Selim Dilli,0,30,M,,False,True,0,0,0,0,0,0,0,0,0,,0,0,0,0,0,0,0,0,0,0,0,0,0,0,0,0,0
2022,884526,1004,Kasimpasa,291987,Berat Kalkan,28,41,M,6.2,False,True,0,0,0,0,0,0,0,3,0,2,1,0,0,5,1,2,0,0,0,2,0,0,0,0,0,0,0
2022,884526,1004,Kasimpasa,50235,Aytaç Kara,17,35,M,6.6,False,True,0,0,0,0,0,0,0,16,0,12,1,0,0,3,3,0,0,0,2,0,1,0,0,0,0,0,0
2022,884526,1004,Kasimpasa,25412,Yunus Malli,0,11,M,,False,True,0,0,0,0,0,0,0,0,0,,0,0,0,0,0,0,0,0,0,0,0,0,0,0,0,0,0
2022,884526,1004,Kasimpasa,50240,Tunay Torun,10,8,M,6.3,False,True,0,0,0,0,0,0,0,2,0,2,1,0,0,1,1,0,0,0,0,0,0,0,0,0,0,0,0
2022,884545,611,Fenerbahce,50132,Altay Bayındır,90,1,G,7.6,True,False,0,0,0,0,0,0,4,13,0,12,0,0,0,1,1,0,0,0,0,0,0,0,0,0,0,0,0
2022,884545,611,Fenerbahce,1361,Ferdi Kadıoğlu,90,7,D,7.5,False,False,0,0,0,0,0,0,0,86,2,76,2,0,2,12,8,2,1,2,5,1,0,0,0,0,0,0,0
2022,884545,611,Fenerbahce,62490,Samet Akaydin,90,3,D,7.2,False,False,0,1,0,0,0,0,0,87,0,80,0,1,0,6,4,1,1,0,0,2,0,0,0,0,0,0,0
2022,884545,611,Fenerbahce,28443,Attila Szalai,90,41,D,7.6,False,False,0,2,1,1,0,0,0,77,1,68,0,0,0,1,1,0,0,0,0,0,0,0,0,0,0,0,0
2022,884545,611,Fenerbahce,10497,Lincoln,90,18,D,7.9,False,False,0,1,0,0,0,1,0,64,2,61,4,0,1,13,8,3,1,0,3,3,0,0,0,0,0,0,0
2022,884545,611,Fenerbahce,10173,Willian Arão,57,5,M,6.9,False,False,0,0,0,0,0,0,0,60,1,57,0,0,1,7,4,0,0,0,1,2,1,0,0,0,0,0,0
2022,884545,611,Fenerbahce,51045,Diego Rossi,80,9,M,7.3,False,False,0,2,0,0,0,1,0,54,1,50,0,0,1,14,8,5,4,1,1,1,0,0,0,0,0,0,0
2022,884545,611,Fenerbahce,1369,Miha Zajc,68,26,M,7,False,False,0,1,1,0,0,0,0,62,1,60,0,0,1,6,2,2,2,2,0,2,0,0,0,0,0,0,0
2022,884545,611,Fenerbahce,49857,İrfan Can Kahveci,57,17,M,7.2,False,False,0,0,0,0,0,0,0,21,1,19,4,0,0,9,6,2,1,0,1,2,0,0,0,0,0,0,0
2022,884545,611,Fenerbahce,35533,Enner Valencia,90,13,F,8,False,False,0,3,2,2,0,0,0,24,1,21,1,0,0,11,3,3,1,2,1,1,0,0,0,0,1,0,0
2022,884545,611,Fenerbahce,18881,Joshua King,68,15,F,7,False,False,0,1,1,1,0,0,0,13,0,10,1,0,0,10,3,1,1,0,1,1,0,0,0,0,0,0,0
2022,884545,611,Fenerbahce,210244,Osman Ertuğrul Çetin,0,54,G,,False,True,0,0,0,0,0,0,0,0,0,,0,0,0,0,0,0,0,0,0,0,0,0,0,0,0,0,0
2022,884545,611,Fenerbahce,1341,Serdar Aziz,0,4,D,,False,True,0,0,0,0,0,0,0,0,0,,0,0,0,0,0,0,0,0,0,0,0,0,0,0,0,0,0
2022,884545,611,Fenerbahce,9992,Gustavo Henrique,0,2,D,,False,True,0,0,0,0,0,0,0,0,0,,0,0,0,0,0,0,0,0,0,0,0,0,0,0,0,0,0
2022,884545,611,Fenerbahce,272721,Jayden Oosterwolde,22,24,D,6.7,False,True,0,0,0,0,0,0,0,16,0,15,0,0,0,3,1,0,0,0,0,1,0,0,0,0,0,0,0
2022,884545,611,Fenerbahce,41973,Miguel Crespo,33,27,M,7.2,False,True,0,0,0,0,0,1,0,37,1,35,3,0,0,5,4,0,0,1,0,0,0,0,0,0,0,0,0
2022,884545,611,Fenerbahce,291964,Arda Güler,22,10,M,6.9,False,True,0,1,0,0,0,0,0,18,0,14,1,0,0,5,3,2,2,0,0,1,0,0,0,0,0,0,0
2022,884545,611,Fenerbahce,47446,Emre Mor,33,99,M,6.3,False,True,0,0,0,0,0,0,0,18,1,15,0,0,0,7,2,0,0,1,2,1,0,0,0,0,0,0,0
2022,884545,611,Fenerbahce,19588,Bright Osayi-Samuel,0,21,M,,False,True,0,0,0,0,0,0,0,0,0,,0,0,0,0,0,0,0,0,0,0,0,0,0,0,0,0,0
2022,884545,611,Fenerbahce,50097,Mert Hakan Yandaş,0,8,M,,False,True,0,0,0,0,0,0,0,0,0,,0,0,0,0,0,0,0,0,0,0,0,0,0,0,0,0,0
2022,884545,611,Fenerbahce,25053,Serdar Dursun,10,19,F,6.3,False,True,0,0,0,0,0,0,0,4,0,1,0,0,0,1,0,0,0,0,0,1,0,0,0,0,0,0,0
2022,884545,607,Konyaspor,61924,Erhan Erentürk,90,1,G,5.6,False,False,0,0,0,0,4,0,1,18,0,7,0,0,0,0,0,0,0,0,0,0,0,0,0,0,0,0,0
2022,884545,607,Konyaspor,61810,Ahmet Oğuz,90,22,D,6.3,False,False,0,0,0,0,0,0,0,36,0,27,3,0,3,16,11,2,1,0,5,4,1,0,0,0,0,0,0
2022,884545,607,Konyaspor,61986,Adil Demirbağ,90,4,D,6.3,False,False,0,1,1,0,0,0,0,24,0,19,1,1,0,8,5,0,0,2,3,1,0,0,0,0,0,0,0
2022,884545,607,Konyaspor,2830,Francisco Calvo,90,15,D,5.9,False,False,0,0,0,0,0,0,0,26,0,17,1,0,1,8,3,1,1,1,1,1,1,0,0,0,0,0,0
2022,884545,607,Konyaspor,40472,Guilherme Haubert Sityá,90,12,D,5.9,True,False,0,0,0,0,0,0,0,25,3,19,1,0,1,10,3,3,1,3,0,1,0,0,0,0,0,0,0
2022,884545,607,Konyaspor,62915,Soner Dikmen,90,14,M,7.2,False,False,0,2,2,0,0,0,0,31,0,26,5,0,2,8,6,0,0,1,1,1,0,0,0,0,0,0,0
2022,884545,607,Konyaspor,1603,Andreas Bouchalakis,90,32,M,6.7,False,False,0,0,0,0,0,0,0,45,1,32,2,0,1,8,5,1,1,1,2,0,0,0,0,0,0,0,0
2022,884545,607,Konyaspor,61939,Oğulcan Ülgün,90,35,M,5.9,False,False,1,0,0,0,0,0,0,18,0,14,2,0,1,15,4,0,0,1,2,2,0,0,0,0,0,0,0
2022,884545,607,Konyaspor,79896,Endri Çekiçi,68,23,M,5.9,False,False,0,0,0,0,0,0,0,18,0,13,1,0,0,13,6,2,2,2,1,5,0,0,0,1,0,0,0
2022,884545,607,Konyaspor,40452,Konrad Michalak,41,77,M,6.5,False,False,0,0,0,0,0,0,0,2,0,2,2,0,0,8,4,1,1,2,1,0,0,0,0,0,0,0,0
2022,884545,607,Konyaspor,19511,Mame Biram Diouf,22,99,F,3.9,False,False,0,1,0,0,0,0,0,3,1,2,0,0,0,3,1,0,0,0,0,1,2,1,0,0,0,0,0
2022,884545,607,Konyaspor,402493,Deniz Ertas,0,25,G,,False,True,0,0,0,0,0,0,0,0,0,,0,0,0,0,0,0,0,0,0,0,0,0,0,0,0,0,0
2022,884545,607,Konyaspor,351785,Mehmet Erdogan,0,64,G,,False,True,0,0,0,0,0,0,0,0,0,,0,0,0,0,0,0,0,0,0,0,0,0,0,0,0,0,0
2022,884545,607,Konyaspor,50141,Cebrail Karayel,0,90,D,,False,True,0,0,0,0,0,0,0,0,0,,0,0,0,0,0,0,0,0,0,0,0,0,0,0,0,0,0
2022,884545,607,Konyaspor,63225,Kahraman Demirtaş,0,20,D,,False,True,0,0,0,0,0,0,0,0,0,,0,0,0,0,0,0,0,0,0,0,0,0,0,0,0,0,0
2022,884545,607,Konyaspor,62023,Yasir Subaşı,0,3,D,,False,True,0,0,0,0,0,0,0,0,0,,0,0,0,0,0,0,0,0,0,0,0,0,0,0,0,0,0
2022,884545,607,Konyaspor,50063,Uğurcan Yazğılı,22,5,M,6.3,False,True,0,0,0,0,0,0,0,2,0,2,0,0,0,0,0,0,0,0,0,0,0,0,0,0,0,0,0
2022,884545,607,Konyaspor,14296,Robert Murić,0,11,M,,False,True,0,0,0,0,0,0,0,0,0,,0,0,0,0,0,0,0,0,0,0,0,0,0,0,0,0,0
2022,884545,607,Konyaspor,14288,Domagoj Pavičić,0,10,M,,False,True,0,0,0,0,0,0,0,0,0,,0,0,0,0,0,0,0,0,0,0,0,0,0,0,0,0,0
2022,884545,607,Konyaspor,301582,Mehmet Ali Buyuksayar,49,42,M,6.3,False,True,1,1,1,0,0,0,0,16,0,15,1,0,1,14,5,3,2,1,2,0,0,0,0,0,0,0,0
2022,884635,3574,Giresunspor,49952,Ferhat Kaplan,90,35,G,7.2,False,False,0,0,0,0,1,0,4,26,0,14,0,0,0,1,1,0,0,0,1,0,0,0,0,0,0,0,0
2022,884635,3574,Giresunspor,62046,Hayrullah Bilazer,90,77,D,7.5,False,False,0,0,0,0,0,0,0,20,1,14,3,2,5,8,5,2,1,0,0,0,0,0,0,0,0,0,0
2022,884635,3574,Giresunspor,44568,Ramón Arias,90,21,D,6.3,False,False,0,1,1,0,0,0,0,20,0,14,1,1,1,8,3,1,1,3,0,2,1,0,0,1,0,0,0
2022,884635,3574,Giresunspor,325553,Kadir Seven,90,50,D,6.7,False,False,0,0,0,0,0,0,0,22,0,17,1,2,0,8,3,0,0,1,0,1,1,0,0,0,0,0,0
2022,884635,3574,Giresunspor,61814,Alper Uludağ,90,6,D,7.3,False,False,0,1,1,0,0,0,0,27,1,23,3,0,3,16,8,4,2,1,2,2,1,0,0,0,0,0,0
2022,884635,3574,Giresunspor,5972,Jorman Campuzano,90,30,M,6.6,False,False,0,0,0,0,0,0,0,40,0,31,4,0,1,11,6,0,0,2,1,1,0,0,0,0,0,0,0
2022,884635,3574,Giresunspor,109559,Serginho,89,10,M,7.6,True,False,0,0,0,0,0,1,0,23,2,15,5,0,2,17,12,4,2,1,4,1,0,0,0,0,0,0,0
2022,884635,3574,Giresunspor,59860,Robert Mejía,64,14,M,6.2,False,False,0,0,0,0,0,0,0,15,0,10,0,0,0,5,1,0,0,1,1,2,0,0,0,0,0,0,0
2022,884635,3574,Giresunspor,25076,Görkem Sağlam,90,23,M,7.3,False,False,0,2,1,0,0,0,0,32,2,22,1,2,2,11,4,1,0,3,1,1,0,0,0,0,0,0,0
2022,884635,3574,Giresunspor,133453,Borja Sainz,89,7,M,6,False,False,0,1,0,0,0,0,0,19,0,15,1,0,0,12,5,6,3,3,1,1,0,0,0,0,0,0,0
2022,884635,3574,Giresunspor,9084,Riad Bajić,79,9,F,7.3,False,False,0,2,2,1,0,0,0,10,0,5,0,0,0,13,5,2,1,0,2,0,0,0,0,0,0,0,0
2022,884635,3574,Giresunspor,37272,Brandley Kuwas,26,11,F,6.3,False,True,0,0,0,0,0,0,0,4,0,2,0,0,0,4,1,1,1,0,0,2,0,0,0,0,0,0,0
2022,884635,3574,Giresunspor,49877,Murat Cem Akpinar,11,22,M,6.9,False,True,0,0,0,0,0,0,0,1,0,1,3,0,0,4,3,0,0,0,0,1,0,0,0,0,0,0,0
2022,884635,3574,Giresunspor,194692,Faruk Can Genç,12,99,D,6.5,False,True,0,0,0,0,0,0,0,1,0,,0,0,0,1,0,0,0,0,0,1,1,0,0,0,0,0,0
2022,884635,3574,Giresunspor,62720,Doğan Can Davas,11,17,M,6.5,False,True,0,0,0,0,0,0,0,0,0,,0,0,0,2,0,0,0,0,0,0,0,0,0,0,0,0,0
2022,884635,3574,Giresunspor,134492,Onurcan Piri,0,1,G,,False,True,0,0,0,0,0,0,0,0,0,,0,0,0,0,0,0,0,0,0,0,1,0,0,0,0,0,0
2022,884635,3574,Giresunspor,352779,Talha Ülvan,0,2,D,,False,True,0,0,0,0,0,0,0,0,0,,0,0,0,0,0,0,0,0,0,0,0,0,0,0,0,0,0
2022,884635,3574,Giresunspor,366672,Sahin Dik,0,88,D,,False,True,0,0,0,0,0,0,0,0,0,,0,0,0,0,0,0,0,0,0,0,0,0,0,0,0,0,0
2022,884635,3574,Giresunspor,265540,Arda Kılıç,0,3,D,,False,True,0,0,0,0,0,0,0,0,0,,0,0,0,0,0,0,0,0,0,0,0,0,0,0,0,0,0
2022,884635,3574,Giresunspor,61816,Rahmetullah Berisbek,0,19,M,,False,True,0,0,0,0,0,0,0,0,0,,0,0,0,0,0,0,0,0,0,0,0,0,0,0,0,0,0
2022,884635,3574,Giresunspor,374521,Mert Kurt,0,75,F,,False,True,0,0,0,0,0,0,0,0,0,,0,0,0,0,0,0,0,0,0,0,0,0,0,0,0,0,0
2022,884635,611,Fenerbahce,62137,İrfan Can Eğribayat,90,70,G,7.3,False,False,0,0,0,0,1,0,4,18,0,15,0,0,0,1,1,0,0,0,0,0,0,0,0,0,0,0,0
2022,884635,611,Fenerbahce,1361,Ferdi Kadıoğlu,90,7,D,6.3,False,False,0,0,0,0,0,0,0,50,0,40,2,0,0,11,5,2,1,1,2,0,0,0,0,0,0,0,0
2022,884635,611,Fenerbahce,62490,Samet Akaydin,90,3,D,6.6,False,False,0,1,0,0,0,0,0,56,0,53,2,0,0,13,8,1,0,1,1,1,0,0,0,0,0,0,0
2022,884635,611,Fenerbahce,28443,Attila Szalai,90,41,D,6.9,False,False,0,0,0,0,0,0,0,62,2,52,1,0,2,2,1,0,0,0,0,1,0,0,0,0,0,0,0
2022,884635,611,Fenerbahce,71,Luan Peres,75,28,D,7,False,False,0,0,0,0,0,0,0,56,0,52,2,1,2,5,3,0,0,1,0,1,0,0,0,0,0,0,0
2022,884635,611,Fenerbahce,291964,Arda Güler,90,10,M,7.9,False,False,0,3,1,0,0,0,0,47,5,39,0,0,0,13,6,3,3,0,2,2,0,0,0,0,0,0,0
2022,884635,611,Fenerbahce,214463,İsmail Yüksek,60,80,M,6.7,False,False,0,1,0,0,0,0,0,40,0,35,1,0,1,10,5,0,0,0,0,3,1,0,0,0,0,0,0
2022,884635,611,Fenerbahce,50097,Mert Hakan Yandaş,60,8,M,7,True,False,0,0,0,0,0,0,0,43,2,36,0,0,1,6,1,1,1,3,0,2,0,0,0,0,0,0,0
2022,884635,611,Fenerbahce,51045,Diego Rossi,90,9,M,7,False,False,0,0,0,0,0,0,0,43,2,39,0,0,2,4,2,1,1,1,1,0,0,0,0,0,0,0,0
2022,884635,611,Fenerbahce,35533,Enner Valencia,60,13,F,6.3,False,False,1,1,1,0,0,0,0,15,0,13,1,0,0,18,6,6,1,1,1,2,0,0,0,0,0,0,0
2022,884635,611,Fenerbahce,2927,Michy Batshuayi,75,23,F,7.3,False,False,3,1,1,1,0,0,0,18,0,14,1,1,0,8,4,2,1,0,0,0,0,0,0,0,1,0,0
2022,884635,611,Fenerbahce,19588,Bright Osayi-Samuel,30,21,M,6.6,False,True,0,0,0,0,0,0,0,17,0,13,1,0,0,6,5,1,1,0,2,1,1,0,0,0,0,0,0
2022,884635,611,Fenerbahce,1369,Miha Zajc,30,26,M,6.9,False,True,0,1,1,0,0,0,0,22,0,19,0,0,0,8,6,3,3,2,2,0,0,0,0,0,0,0,0
2022,884635,611,Fenerbahce,41973,Miguel Crespo,30,27,M,7,False,True,0,1,0,0,0,0,0,27,0,26,1,0,1,7,5,1,1,1,2,0,0,0,0,0,0,0,0
2022,884635,611,Fenerbahce,30562,João Pedro,15,20,F,6.9,False,True,0,2,0,0,0,0,0,1,0,1,0,0,0,4,2,0,0,0,0,0,0,0,0,0,0,0,0
2022,884635,611,Fenerbahce,18881,Joshua King,15,15,F,6.9,False,True,0,1,1,0,0,0,0,5,0,3,0,0,0,5,4,2,2,0,1,0,0,0,0,0,0,0,0
2022,884635,611,Fenerbahce,210244,Osman Ertuğrul Çetin,0,54,G,,False,True,0,0,0,0,0,0,0,0,0,,0,0,0,0,0,0,0,0,0,0,0,0,0,0,0,0,0
2022,884635,611,Fenerbahce,1341,Serdar Aziz,0,4,D,,False,True,0,0,0,0,0,0,0,0,0,,0,0,0,0,0,0,0,0,0,0,0,0,0,0,0,0,0
2022,884635,611,Fenerbahce,272721,Jayden Oosterwolde,0,24,D,,False,True,0,0,0,0,0,0,0,0,0,,0,0,0,0,0,0,0,0,0,0,0,0,0,0,0,0,0
2022,884635,611,Fenerbahce,47446,Emre Mor,0,99,M,,False,True,0,0,0,0,0,0,0,0,0,,0,0,0,0,0,0,0,0,0,0,0,0,0,0,0,0,0
2022,884635,611,Fenerbahce,25053,Serdar Dursun,0,19,F,,False,True,0,0,0,0,0,0,0,0,0,,0,0,0,0,0,0,0,0,0,0,0,0,0,0,0,0,0
2022,884616,611,Fenerbahce,62137,İrfan Can Eğribayat,90,70,G,5.9,False,False,0,0,0,0,3,0,1,20,0,16,0,0,0,0,0,0,0,0,0,0,0,0,0,0,0,0,0
2022,884616,611,Fenerbahce,1361,Ferdi Kadıoğlu,90,7,D,6,False,False,0,0,0,0,0,0,0,77,1,62,2,0,1,7,5,1,0,1,1,1,1,0,0,1,0,0,0
2022,884616,611,Fenerbahce,62490,Samet Akaydin,75,3,D,6.7,False,False,0,0,0,0,0,0,0,50,1,42,2,0,2,12,8,0,0,1,1,2,1,0,0,0,0,0,0
2022,884616,611,Fenerbahce,28443,Attila Szalai,90,41,D,6.9,False,False,0,1,0,0,0,0,0,76,1,70,4,0,3,5,5,0,0,0,0,0,0,0,0,0,0,0,0
2022,884616,611,Fenerbahce,19133,Ezgjan Alioski,90,6,D,6.3,False,False,1,1,0,0,0,0,0,59,1,56,0,0,1,6,2,0,0,2,1,0,0,0,0,0,0,0,0
2022,884616,611,Fenerbahce,214463,İsmail Yüksek,85,80,M,7.2,False,False,0,0,0,0,0,0,0,83,0,76,4,0,4,18,11,1,0,2,2,2,0,0,0,0,0,0,0
2022,884616,611,Fenerbahce,291964,Arda Güler,89,10,M,8.3,False,False,1,3,2,2,0,0,0,71,0,67,2,0,0,20,9,8,4,4,2,1,0,0,0,0,0,0,0
2022,884616,611,Fenerbahce,50097,Mert Hakan Yandaş,85,8,M,7.9,True,False,0,1,0,0,0,1,0,95,4,89,4,0,0,13,7,1,0,1,2,2,0,0,0,0,0,0,0
2022,884616,611,Fenerbahce,47446,Emre Mor,75,99,M,6.9,False,False,0,1,1,0,0,0,0,37,1,29,0,0,0,11,7,7,6,0,1,1,1,0,0,0,0,0,0
2022,884616,611,Fenerbahce,30562,João Pedro,90,20,F,7.2,False,False,0,2,1,1,0,0,0,10,0,7,2,0,0,13,6,1,0,0,1,3,0,0,0,0,0,0,0
2022,884616,611,Fenerbahce,35533,Enner Valencia,90,13,F,7.2,False,False,1,1,0,0,0,1,0,22,2,19,0,0,0,9,5,4,3,0,1,1,0,0,0,0,0,0,0
2022,884616,611,Fenerbahce,1341,Serdar Aziz,15,4,D,6.3,False,True,0,0,0,0,0,0,0,22,0,21,1,0,0,1,1,0,0,0,0,0,0,0,0,0,0,0,0
2022,884616,611,Fenerbahce,49857,İrfan Can Kahveci,15,17,M,6,False,True,0,0,0,0,0,0,0,13,0,10,0,0,0,4,0,1,0,0,0,1,0,0,0,0,0,0,0
2022,884616,611,Fenerbahce,10173,Willian Arão,17,5,M,6.9,False,True,0,1,1,0,0,0,0,8,0,7,0,0,0,2,2,0,0,0,0,0,0,0,0,0,0,0,0
2022,884616,611,Fenerbahce,41973,Miguel Crespo,17,27,M,6.9,False,True,0,0,0,0,0,0,0,12,0,9,2,0,0,4,3,0,0,1,1,0,0,0,0,0,0,0,0
2022,884616,611,Fenerbahce,51045,Diego Rossi,8,9,F,6.7,False,True,0,0,0,0,0,0,0,4,0,4,0,0,1,0,0,0,0,0,0,0,0,0,0,0,0,0,0
2022,884616,611,Fenerbahce,210244,Osman Ertuğrul Çetin,0,54,G,,False,True,0,0,0,0,0,0,0,0,0,,0,0,0,0,0,0,0,0,0,0,0,0,0,0,0,0,0
2022,884616,611,Fenerbahce,272721,Jayden Oosterwolde,0,24,D,,False,True,0,0,0,0,0,0,0,0,0,,0,0,0,0,0,0,0,0,0,0,0,0,0,0,0,0,0
2022,884616,611,Fenerbahce,71,Luan Peres,0,28,D,,False,True,0,0,0,0,0,0,0,0,0,,0,0,0,0,0,0,0,0,0,0,0,0,0,0,0,0,0
2022,884616,611,Fenerbahce,19588,Bright Osayi-Samuel,0,21,M,,False,True,0,0,0,0,0,0,0,0,0,,0,0,0,0,0,0,0,0,0,0,0,0,0,0,0,0,0
2022,884616,611,Fenerbahce,25053,Serdar Dursun,0,19,F,,False,True,0,0,0,0,0,0,0,0,0,,0,0,0,0,0,0,0,0,0,0,0,0,0,0,0,0,0
2022,884616,3578,İstanbulspor,152301,Alp Arda,90,59,G,6.2,False,False,0,0,0,0,3,0,2,29,0,16,0,0,1,3,3,0,0,0,2,0,0,0,0,0,0,0,0
2022,884616,3578,İstanbulspor,119174,Okan Erdoğan,90,23,D,6.3,False,False,0,0,0,0,0,0,0,22,0,18,4,1,1,12,6,0,0,4,0,1,1,0,0,0,0,0,0
2022,884616,3578,İstanbulspor,101312,Mehmet Yeşil,74,4,D,6.7,False,False,0,0,0,0,0,0,0,14,0,7,1,1,2,6,3,0,0,0,0,0,0,0,0,0,0,0,0
2022,884616,3578,İstanbulspor,1232,Simon Deli,90,20,D,6.2,False,False,0,0,0,0,0,0,0,28,0,17,0,1,2,6,3,0,0,0,0,0,0,0,0,0,0,0,0
2022,884616,3578,İstanbulspor,62107,Tuncer Duhan Aksu,74,3,D,6.2,False,False,0,0,0,0,0,0,0,16,0,10,4,0,3,10,5,1,0,2,1,1,0,0,0,0,0,0,0
2022,884616,3578,İstanbulspor,62696,Muammer Sarıkaya,90,24,M,6.6,False,False,0,0,0,0,0,0,0,27,2,23,2,1,0,10,5,1,1,2,2,2,1,0,0,0,0,0,0
2022,884616,3578,İstanbulspor,3505,Eduart Rroca,90,10,M,6.7,True,False,0,0,0,0,0,1,0,22,2,12,2,0,0,13,7,1,1,1,2,2,0,0,0,0,0,0,0
2022,884616,3578,İstanbulspor,286543,Kerem Şen,64,16,M,6.3,False,False,0,1,1,0,0,0,0,13,0,12,1,0,1,11,4,4,2,3,1,1,0,0,0,0,0,0,0
2022,884616,3578,İstanbulspor,37073,Florian Loshaj,81,34,M,6.2,False,False,1,0,0,0,0,0,0,18,0,12,1,0,0,7,3,1,0,0,2,2,0,0,0,0,0,0,0
2022,884616,3578,İstanbulspor,3499,Valon Ethemi,81,27,M,7.3,False,False,2,2,2,2,0,0,0,15,0,8,0,0,0,11,2,6,2,1,0,0,1,0,0,0,1,0,0
2022,884616,3578,İstanbulspor,7593,Emeka Eze,90,90,F,7.2,False,False,2,3,1,1,0,0,0,14,0,11,1,0,1,25,10,11,5,0,3,2,0,0,0,0,0,0,0
2022,884616,3578,İstanbulspor,108630,Jetmir Topalli,26,98,F,6.7,False,True,0,0,0,0,0,0,0,4,0,4,0,0,1,4,1,1,1,0,0,1,0,0,0,0,0,0,0
2022,884616,3578,İstanbulspor,50220,Ertuğrul Ersoy,16,46,D,6.7,False,True,1,0,0,0,0,0,0,5,0,4,0,0,1,1,0,0,0,0,0,1,1,0,0,0,0,0,0
2022,884616,3578,İstanbulspor,61932,Ali Yaşar,16,66,D,6.6,False,True,0,0,0,0,0,0,0,8,0,6,0,0,2,1,1,0,0,0,0,0,0,0,0,0,0,0,0
2022,884616,3578,İstanbulspor,20637,Jason Lokilo,9,70,F,6.3,False,True,0,0,0,0,0,0,0,3,1,3,0,0,0,2,0,0,0,0,0,0,0,0,0,0,0,0,0
2022,884616,3578,İstanbulspor,62641,Emir Kaan Gültekin,9,19,F,7.2,False,True,0,0,0,0,0,1,0,3,1,2,1,0,0,3,1,0,0,0,0,1,0,0,0,0,0,0,0
2022,884616,3578,İstanbulspor,62705,Ahmet Said Kivanc,0,39,G,,False,True,0,0,0,0,0,0,0,0,0,,0,0,0,0,0,0,0,0,0,0,0,0,0,0,0,0,0
2022,884616,3578,İstanbulspor,105237,Oğuzhan Berber,0,13,D,,False,True,0,0,0,0,0,0,0,0,0,,0,0,0,0,0,0,0,0,0,0,0,0,0,0,0,0,0
2022,884616,3578,İstanbulspor,63536,Adi Mehremić,0,88,D,,False,True,0,0,0,0,0,0,0,0,0,,0,0,0,0,0,0,0,0,0,0,0,0,0,0,0,0,0
2022,884616,3578,İstanbulspor,271918,Valmir Veliu,0,7,F,,False,True,0,0,0,0,0,0,0,0,0,,0,0,0,0,0,0,0,0,0,0,0,0,0,0,0,0,0
2022,884616,3578,İstanbulspor,8713,Sindrit Guri,0,61,F,,False,True,0,0,0,0,0,0,0,0,0,,0,0,0,0,0,0,0,0,0,0,0,0,0,0,0,0,0
2023,1074897,998,Trabzonspor,49866,Uğurcan Çakır,90,1,G,6.2,False,False,0,0,0,0,3,0,2,31,0,22,0,0,0,1,1,0,0,0,1,0,0,0,0,0,0,0,0
2023,1074897,998,Trabzonspor,264,Thomas Meunier,90,12,D,6.2,False,False,0,0,0,0,0,0,0,57,0,45,0,0,1,5,1,2,1,0,0,2,0,0,0,0,0,0,0
2023,1074897,998,Trabzonspor,47487,Joaquín Fernández,45,3,D,6.5,False,False,0,0,0,0,0,0,0,38,0,34,2,0,2,7,3,0,0,0,1,3,0,0,0,0,0,0,0
2023,1074897,998,Trabzonspor,67,Stefano Denswil,90,24,D,7.2,False,False,0,1,0,0,0,0,0,68,1,62,0,0,2,9,5,0,0,0,2,1,1,0,1,0,0,0,0
2023,1074897,998,Trabzonspor,50057,Eren Elmalı,90,18,D,6.3,False,False,0,0,0,0,0,0,0,35,0,28,1,0,1,9,4,2,0,1,2,1,1,0,0,0,0,0,0
2023,1074897,998,Trabzonspor,61820,Berat Ayberk Özdemir,90,5,M,7.5,False,False,0,0,0,0,0,0,0,46,1,41,7,0,1,15,11,0,0,1,3,1,0,0,0,0,0,0,0
2023,1074897,998,Trabzonspor,21087,Batista Mendy,90,6,M,6.3,False,False,0,0,0,0,0,0,0,53,0,52,0,0,0,4,1,1,0,0,1,1,0,0,0,0,0,0,0
2023,1074897,998,Trabzonspor,49860,Edin Višća,90,7,M,6.7,True,False,0,2,0,0,0,0,0,35,0,28,0,0,0,9,3,3,1,2,2,1,0,0,0,0,0,0,0
2023,1074897,998,Trabzonspor,3246,Nicolas Pépé,90,19,M,6.7,False,False,0,1,1,0,0,0,0,26,0,23,0,0,1,8,4,2,1,0,3,1,0,0,0,0,0,0,0
2023,1074897,998,Trabzonspor,2664,Mahmoud Trézéguet,89,10,M,6.9,False,False,0,1,1,1,0,0,0,22,0,19,1,0,0,5,2,2,0,0,1,0,1,0,0,0,1,0,0
2023,1074897,998,Trabzonspor,182422,Enis Destan,65,94,F,6.2,False,False,0,0,0,0,0,0,0,9,0,3,0,0,0,8,2,2,0,1,0,1,1,0,0,0,0,0,0
2023,1074897,998,Trabzonspor,47461,Enis Bardhi,45,8,M,7,False,True,0,1,1,1,0,0,0,18,0,14,0,0,0,3,1,1,0,1,1,0,0,0,0,0,0,0,0
2023,1074897,998,Trabzonspor,21447,Umut Bozok,25,9,F,6.3,False,True,0,0,0,0,0,0,0,4,0,4,0,0,0,5,1,0,0,0,0,1,1,0,0,0,0,0,0
2023,1074897,998,Trabzonspor,7625,Taxiarchis Fountas,9,14,F,6.5,False,True,0,0,0,0,0,0,0,0,0,,0,0,0,0,0,0,0,0,0,0,0,0,0,0,0,0,0
2023,1074897,998,Trabzonspor,135934,Muhammet Taha Tepe,0,54,G,,False,True,0,0,0,0,0,0,0,0,0,,0,0,0,0,0,0,0,0,0,0,0,0,0,0,0,0,0
2023,1074897,998,Trabzonspor,119182,Rayyan Baniya,0,2,D,,False,True,0,0,0,0,0,0,0,0,0,,0,0,0,0,0,0,0,0,0,0,0,0,0,0,0,0,0
2023,1074897,998,Trabzonspor,338815,Arif Boşluk,0,73,D,,False,True,0,0,0,0,0,0,0,0,0,,0,0,0,0,0,0,0,0,0,0,0,0,0,0,0,0,0
2023,1074897,998,Trabzonspor,1330,Mislav Oršić,0,99,F,,False,True,0,0,0,0,0,0,0,0,0,,0,0,0,0,0,0,0,0,0,0,0,0,0,0,0,0,0
2023,1074897,998,Trabzonspor,286543,Kerem Şen,0,16,M,,False,True,0,0,0,0,0,0,0,0,0,,0,0,0,0,0,0,0,0,0,0,0,0,0,0,0,0,0
2023,1074897,998,Trabzonspor,128968,Umut Güneş,0,23,M,,False,True,0,0,0,0,0,0,0,0,0,,0,0,0,0,0,0,0,0,0,0,0,0,0,0,0,0,0
2023,1074897,998,Trabzonspor,162102,Göktan Gürpüz,0,33,M,,False,True,0,0,0,0,0,0,0,0,0,,0,0,0,0,0,0,0,0,0,0,0,0,0,0,0,0,0
2023,1074897,611,Fenerbahce,1305,Dominik Livaković,90,40,G,6.5,False,False,0,0,0,0,2,0,1,21,0,13,0,0,0,0,0,0,0,0,0,0,0,0,0,0,0,0,0
2023,1074897,611,Fenerbahce,19588,Bright Osayi-Samuel,90,21,D,6.7,False,False,0,0,0,0,0,0,0,24,0,21,0,0,1,5,2,0,0,0,1,1,1,0,0,0,0,0,0
2023,1074897,611,Fenerbahce,1341,Serdar Aziz,45,4,D,6.6,False,False,0,0,0,0,0,0,0,19,0,16,1,0,1,4,3,0,0,0,1,1,0,0,0,0,0,0,0
2023,1074897,611,Fenerbahce,21633,Alexander Djiku,90,6,D,6.3,False,False,0,0,0,0,0,0,0,24,0,22,2,0,1,7,4,0,0,1,0,2,1,0,0,1,0,0,0
2023,1074897,611,Fenerbahce,1361,Ferdi Kadıoğlu,90,7,D,7.2,False,False,0,0,0,0,0,0,0,49,0,44,2,0,2,5,4,3,2,0,0,0,0,0,0,0,0,0,0
2023,1074897,611,Fenerbahce,214463,İsmail Yüksek,90,5,M,7.3,False,False,0,0,0,0,0,0,0,36,0,31,4,0,1,13,7,1,1,0,2,2,0,0,0,0,0,0,0
2023,1074897,611,Fenerbahce,905,Fred,90,35,M,8.3,False,False,0,2,2,2,0,0,0,37,1,31,2,0,0,9,4,1,1,2,1,2,0,0,0,0,0,0,0
2023,1074897,611,Fenerbahce,49857,İrfan Can Kahveci,89,17,M,6.6,False,False,0,0,0,0,0,0,0,22,1,18,1,0,2,8,2,2,1,0,0,4,0,0,0,0,0,0,0
2023,1074897,611,Fenerbahce,40403,Sebastian Szymański,83,53,M,6.9,False,False,0,1,1,0,0,0,0,15,0,12,3,0,0,8,4,1,0,0,1,1,0,0,0,0,0,0,0
2023,1074897,611,Fenerbahce,554,Dušan Tadić,90,10,M,7.7,False,False,1,1,0,0,0,2,0,23,2,10,2,0,0,5,4,0,0,0,1,0,0,0,0,0,0,0,0
2023,1074897,611,Fenerbahce,790,Edin Džeko,83,9,F,6.9,True,False,0,0,0,0,0,0,0,30,0,22,0,0,0,16,9,2,0,0,5,3,0,0,0,0,0,0,0
2023,1074897,611,Fenerbahce,272721,Jayden Oosterwolde,45,24,D,6.3,False,True,0,0,0,0,0,0,0,19,0,12,0,1,1,2,2,0,0,0,0,0,1,0,0,0,0,0,0
2023,1074897,611,Fenerbahce,2927,Michy Batshuayi,22,23,F,7.3,False,True,0,2,2,1,0,0,0,2,0,1,0,0,0,1,1,0,0,0,1,0,0,0,0,0,0,0,0
2023,1074897,611,Fenerbahce,25053,Serdar Dursun,22,91,F,6.9,False,True,0,1,0,0,0,1,0,6,1,4,0,0,0,5,3,2,1,0,0,2,0,0,0,0,0,0,0
2023,1074897,611,Fenerbahce,1719,Mert Müldür,9,16,D,6.7,False,True,0,0,0,0,0,0,0,2,0,1,0,0,0,0,0,0,0,0,0,0,0,0,0,0,0,0,0
2023,1074897,611,Fenerbahce,62137,İrfan Can Eğribayat,0,70,G,,False,True,0,0,0,0,0,0,0,0,0,,0,0,0,0,0,0,0,0,0,0,0,0,0,0,0,0,0
2023,1074897,611,Fenerbahce,1369,Miha Zajc,0,26,M,,False,True,0,0,0,0,0,0,0,0,0,,0,0,0,0,0,0,0,0,0,0,0,0,0,0,0,0,0
2023,1074897,611,Fenerbahce,31054,Rade Krunić,0,33,M,,False,True,0,0,0,0,0,0,0,0,0,,0,0,0,0,0,0,0,0,0,0,0,0,0,0,0,0,0
2023,1074897,611,Fenerbahce,50097,Mert Hakan Yandaş,0,8,M,,False,True,0,0,0,0,0,0,0,0,0,,0,0,0,0,0,0,0,0,0,0,1,0,0,0,0,0,0
2023,1074897,611,Fenerbahce,460825,Muhammet Zeki Dursun,0,88,M,,False,True,0,0,0,0,0,0,0,0,0,,0,0,0,0,0,0,0,0,0,0,0,0,0,0,0,0,0
2023,1074897,611,Fenerbahce,785,Cengiz Ünder,0,20,F,,False,True,0,0,0,0,0,0,0,0,0,,0,0,0,0,0,0,0,0,0,0,0,0,0,0,0,0,0
2023,1074828,611,Fenerbahce,1305,Dominik Livaković,90,40,G,6.5,False,False,0,0,0,0,1,0,1,20,0,19,0,0,0,1,0,0,0,0,0,1,0,0,0,1,0,0,0
2023,1074828,611,Fenerbahce,1719,Mert Müldür,90,16,D,7.2,False,False,0,1,0,0,0,1,0,50,1,42,3,0,1,9,5,0,0,1,1,3,0,0,0,0,0,0,0
2023,1074828,611,Fenerbahce,1341,Serdar Aziz,90,4,D,6.7,False,False,0,1,0,0,0,0,0,74,0,68,0,1,0,5,2,0,0,0,0,2,0,0,0,0,0,0,0
2023,1074828,611,Fenerbahce,21633,Alexander Djiku,90,6,D,7.2,False,False,0,0,0,0,0,0,0,78,1,73,3,0,4,9,6,0,0,1,2,1,0,0,0,0,0,0,0
2023,1074828,611,Fenerbahce,1361,Ferdi Kadıoğlu,90,7,D,7.3,False,False,0,2,1,0,0,0,0,60,2,49,1,0,1,11,6,5,3,0,2,3,0,0,0,0,0,0,0
2023,1074828,611,Fenerbahce,31054,Rade Krunić,90,33,M,7.2,False,False,0,1,0,0,0,0,0,57,0,51,0,1,0,8,6,1,1,1,2,1,0,0,0,0,0,0,0
2023,1074828,611,Fenerbahce,214463,İsmail Yüksek,81,5,M,7.7,False,False,0,1,0,0,0,0,0,57,1,46,0,0,2,11,9,3,3,2,2,0,0,0,0,0,0,0,0
2023,1074828,611,Fenerbahce,785,Cengiz Ünder,81,20,M,8.9,False,False,1,3,2,2,0,0,0,40,2,30,3,0,1,10,4,2,1,2,0,1,0,0,0,0,0,0,0
2023,1074828,611,Fenerbahce,40403,Sebastian Szymański,89,53,M,7.9,False,False,0,2,1,0,0,0,0,30,5,25,4,0,0,8,4,0,0,0,0,2,0,0,0,0,0,0,0
2023,1074828,611,Fenerbahce,554,Dušan Tadić,90,10,M,7.2,False,False,1,1,1,0,0,0,0,41,2,31,0,0,0,13,6,4,2,2,2,2,0,0,0,0,0,0,0
2023,1074828,611,Fenerbahce,790,Edin Džeko,71,9,F,6.5,True,False,0,2,1,0,0,0,0,31,2,22,0,0,0,4,2,2,1,0,0,1,0,0,0,0,0,0,0
2023,1074828,611,Fenerbahce,2927,Michy Batshuayi,19,23,F,7.3,False,True,0,2,2,0,0,0,0,7,0,6,1,0,0,3,2,1,1,0,0,0,0,0,0,0,0,0,0
2023,1074828,611,Fenerbahce,47446,Emre Mor,9,99,M,6.3,False,True,0,2,2,0,0,0,0,3,0,2,0,0,0,3,3,2,2,0,1,0,0,0,0,0,0,0,0
2023,1074828,611,Fenerbahce,41973,Miguel Crespo,9,27,M,6.3,False,True,0,0,0,0,0,0,0,9,0,9,0,0,0,1,0,0,0,1,0,0,0,0,0,0,0,0,0
2023,1074828,611,Fenerbahce,50097,Mert Hakan Yandaş,1,8,M,,False,True,0,0,0,0,0,0,0,1,0,,0,0,0,0,0,0,0,0,0,0,0,0,0,0,0,0,0
2023,1074828,611,Fenerbahce,368141,Furkan Onur Akyüz,0,97,G,,False,True,0,0,0,0,0,0,0,0,0,,0,0,0,0,0,0,0,0,0,0,0,0,0,0,0,0,0
2023,1074828,611,Fenerbahce,853,Leonardo Bonucci,0,19,D,,False,True,0,0,0,0,0,0,0,0,0,,0,0,0,0,0,0,0,0,0,0,0,0,0,0,0,0,0
2023,1074828,611,Fenerbahce,162004,Bartuğ Elmaz,0,28,M,,False,True,0,0,0,0,0,0,0,0,0,,0,0,0,0,0,0,0,0,0,0,0,0,0,0,0,0,0
2023,1074828,611,Fenerbahce,49857,İrfan Can Kahveci,0,17,M,,False,True,0,0,0,0,0,0,0,0,0,,0,0,0,0,0,0,0,0,0,0,0,0,0,0,0,0,0
2023,1074828,611,Fenerbahce,10497,Lincoln,0,18,M,,False,True,0,0,0,0,0,0,0,0,0,,0,0,0,0,0,0,0,0,0,0,0,0,0,0,0,0,0
2023,1074828,611,Fenerbahce,18881,Joshua King,0,15,F,,False,True,0,0,0,0,0,0,0,0,0,,0,0,0,0,0,0,0,0,0,0,0,0,0,0,0,0,0
2023,1074828,1010,Ankaragucu,194689,Bahadır Han Güngördü,90,99,G,7.9,False,False,0,0,0,0,2,0,7,49,0,24,0,0,0,1,1,0,0,0,0,0,0,0,0,0,0,0,0
2023,1074828,1010,Ankaragucu,50142,Stelios Kitsiou,90,70,D,6.3,False,False,0,0,0,0,0,0,0,25,0,18,1,0,4,6,3,2,1,0,1,1,0,0,0,0,0,0,0
2023,1074828,1010,Ankaragucu,66013,Uroš Radaković,90,26,D,6.9,False,False,0,0,0,0,0,0,0,30,1,25,1,1,1,4,3,0,0,0,1,1,0,0,0,0,0,0,0
2023,1074828,1010,Ankaragucu,76867,Nihad Mujakić,90,18,D,6.2,False,False,0,0,0,0,0,0,0,46,1,41,0,1,0,5,0,1,0,2,0,0,0,0,0,0,0,0,0
2023,1074828,1010,Ankaragucu,66011,Matěj Hanousek,74,5,D,6.7,False,False,0,0,0,0,0,0,0,35,0,27,2,1,0,6,4,2,1,0,1,0,0,0,0,0,0,0,0
2023,1074828,1010,Ankaragucu,2145,Ali Kaan Güneren,87,23,M,6.7,False,False,0,0,0,0,0,0,0,21,0,16,1,0,0,10,5,1,1,2,1,2,0,0,0,0,0,0,0
2023,1074828,1010,Ankaragucu,1355,Tolga Ciğerci,90,30,M,7.2,True,False,0,1,1,1,0,0,0,43,0,34,1,1,7,4,1,0,0,2,0,0,0,0,0,0,1,0,0
2023,1074828,1010,Ankaragucu,43024,Olimpiu Moruțan,61,80,M,6.2,False,False,0,1,1,0,0,0,0,14,0,10,2,0,0,12,4,2,1,5,1,1,0,0,0,0,0,0,0
2023,1074828,1010,Ankaragucu,41523,Pedrinho,90,8,M,7.3,False,False,0,0,0,0,0,0,0,39,1,31,1,1,0,9,5,2,1,1,2,1,0,0,0,0,0,0,0
2023,1074828,1010,Ankaragucu,371383,Renaldo Cephas,86,29,M,6.9,False,False,0,0,0,0,0,0,0,8,0,5,0,0,1,16,8,5,2,0,5,3,0,0,1,0,0,0,0
2023,1074828,1010,Ankaragucu,11012,Ali Sowe,73,22,F,6.2,False,False,0,0,0,0,0,0,0,12,0,9,0,0,0,12,2,3,1,0,1,3,0,0,0,0,0,0,0
2023,1074828,1010,Ankaragucu,26748,Anastasios Chatzigiovanis,29,7,M,6.9,False,True,0,0,0,0,0,0,0,10,0,8,0,0,0,4,2,2,2,1,0,0,0,0,0,0,0,0,0
2023,1074828,1010,Ankaragucu,9084,Riad Bajić,17,9,F,6.7,False,True,0,0,0,0,0,0,0,1,0,,0,0,0,1,1,0,0,0,1,0,0,0,0,0,0,0,0
2023,1074828,1010,Ankaragucu,61808,Mert Çetin,16,45,D,6.2,False,True,0,0,0,0,0,0,0,6,0,4,0,0,0,2,0,0,0,1,0,0,0,0,0,0,0,0,0
2023,1074828,1010,Ankaragucu,61908,Atakan Çankaya,9,4,M,6.5,False,True,0,0,0,0,0,0,0,4,0,1,0,0,0,4,2,0,0,0,2,1,0,0,0,0,0,0,0
2023,1074828,1010,Ankaragucu,26759,Federico Macheda,8,32,F,6.3,False,True,0,0,0,0,0,0,0,0,0,,0,0,0,0,0,0,0,0,0,0,0,0,0,0,0,0,0
2023,1074828,1010,Ankaragucu,214444,Doğukan Kaya,0,41,G,,False,True,0,0,0,0,0,0,0,0,0,,0,0,0,0,0,0,0,0,0,0,0,0,0,0,0,0,0
2023,1074828,1010,Ankaragucu,24837,Rafał Gikiewicz,0,1,G,,False,True,0,0,0,0,0,0,0,0,0,,0,0,0,0,0,0,0,0,0,0,0,0,0,0,0,0,0
2023,1074828,1010,Ankaragucu,62046,Hayrullah Bilazer,0,77,D,,False,True,0,0,0,0,0,0,0,0,0,,0,0,0,0,0,0,0,0,0,0,0,0,0,0,0,0,0
2023,1074828,1010,Ankaragucu,162070,Cem Türkmen,0,6,M,,False,True,0,0,0,0,0,0,0,0,0,,0,0,0,0,0,0,0,0,0,0,0,0,0,0,0,0,0
2023,1074828,1010,Ankaragucu,441959,Sirozhiddin Astanakulov,0,21,F,,False,True,0,0,0,0,0,0,0,0,0,,0,0,0,0,0,0,0,0,0,0,0,0,0,0,0,0,0
2023,1074691,3601,Pendikspor,163042,Erdem Canpolat,90,1,G,6.9,False,False,0,0,0,0,5,0,6,35,0,28,0,0,0,0,0,0,0,0,0,0,0,0,0,0,0,0,0
2023,1074691,3601,Pendikspor,61811,Erdem Özgenç,84,22,D,6.2,True,False,0,1,0,0,0,0,0,45,0,37,4,0,0,4,4,0,0,0,0,0,0,0,0,0,0,0,0
2023,1074691,3601,Pendikspor,48739,Berkay Sulungoz,90,20,D,6.3,False,False,0,0,0,0,0,0,0,50,0,39,1,2,1,7,2,0,0,2,0,1,0,0,0,0,0,0,0
2023,1074691,3601,Pendikspor,49935,Welinton,90,23,D,6,False,False,0,0,0,0,0,0,0,60,0,44,4,0,0,7,4,0,0,0,0,0,0,0,0,0,0,0,0
2023,1074691,3601,Pendikspor,41097,Nuno Sequeira,90,6,D,6.6,False,False,0,0,0,0,0,0,0,38,1,26,5,1,0,9,5,0,0,3,0,1,0,0,0,0,0,0,0
2023,1074691,3601,Pendikspor,50174,Halil Akbunar,45,11,M,6.6,False,False,0,0,0,0,0,0,0,7,1,3,2,1,0,4,3,0,0,0,1,1,0,0,0,0,0,0,0
2023,1074691,3601,Pendikspor,41280,Josip Vuković,90,4,M,6.2,False,False,0,0,0,0,0,0,0,26,0,20,1,0,2,8,3,1,1,1,1,0,0,0,0,0,0,0,0
2023,1074691,3601,Pendikspor,50200,İbrahim Akdağ,74,24,M,6.3,False,False,0,0,0,0,0,0,0,32,0,31,1,0,0,7,4,1,1,1,1,2,1,0,0,0,0,0,0
2023,1074691,3601,Pendikspor,79896,Endri Çekiçi,45,8,M,6.3,False,False,0,0,0,0,0,0,0,4,0,3,4,0,0,8,5,2,0,0,0,0,0,0,0,0,0,0,0
2023,1074691,3601,Pendikspor,62474,Gökcan Kaya,74,58,F,6.7,False,False,0,0,0,0,0,0,0,16,0,10,0,0,0,4,3,2,1,0,1,0,0,0,0,0,0,0,0
2023,1074691,3601,Pendikspor,128350,Erencan Yardımcı,90,99,F,6.6,False,False,3,0,0,0,0,0,0,13,0,10,2,0,0,12,7,0,0,2,3,1,0,0,0,0,0,0,0
2023,1074691,3601,Pendikspor,1495,Abdoulay Diaby,45,21,F,6.2,False,True,1,1,0,0,0,0,0,10,0,10,0,0,2,6,1,1,1,0,0,1,0,0,0,0,0,0,0
2023,1074691,3601,Pendikspor,136786,Gorkem Bitin,45,9,F,6.5,False,True,0,0,0,0,0,0,0,5,0,5,0,0,0,4,2,0,0,1,2,0,0,0,0,0,0,0,0
2023,1074691,3601,Pendikspor,62092,Leandro Kappel,16,7,F,6.5,False,True,0,0,0,0,0,0,0,3,0,2,0,0,0,1,0,0,0,0,0,0,0,0,0,0,0,0,0
2023,1074691,3601,Pendikspor,8678,Arnaud Lusamba,16,66,M,7.3,False,True,0,0,0,0,0,0,0,7,0,6,0,1,1,3,2,2,2,0,0,0,0,0,0,0,0,0,0
2023,1074691,3601,Pendikspor,119749,Serkan Asan,10,61,D,6.5,False,True,0,0,0,0,0,0,0,2,0,1,0,0,1,0,0,0,0,0,0,0,0,0,0,0,0,0,0
2023,1074691,3601,Pendikspor,62536,Murat Aksit,0,76,G,,False,True,0,0,0,0,0,0,0,0,0,,0,0,0,0,0,0,0,0,0,0,0,0,0,0,0,0,0
2023,1074691,3601,Pendikspor,62016,Burak Öğür,0,35,G,,False,True,0,0,0,0,0,0,0,0,0,,0,0,0,0,0,0,0,0,0,0,0,0,0,0,0,0,0
2023,1074691,3601,Pendikspor,49896,Murat Akça,0,13,D,,False,True,0,0,0,0,0,0,0,0,0,,0,0,0,0,0,0,0,0,0,0,0,0,0,0,0,0,0
2023,1074691,3601,Pendikspor,62008,Joher Khadim Rassoul,0,14,D,,False,True,0,0,0,0,0,0,0,0,0,,0,0,0,0,0,0,0,0,0,0,0,0,0,0,0,0,0
2023,1074691,3601,Pendikspor,50185,Alpaslan Öztürk,0,33,D,,False,True,0,0,0,0,0,0,0,0,0,,0,0,0,0,0,0,0,0,0,0,0,0,0,0,0,0,0
2023,1074691,611,Fenerbahce,1305,Dominik Livaković,90,40,G,6.7,False,False,0,0,0,0,0,0,0,20,0,13,0,0,0,0,0,0,0,0,0,0,0,0,0,0,0,0,0
2023,1074691,611,Fenerbahce,19588,Bright Osayi-Samuel,78,21,D,7,False,False,0,0,0,0,0,0,0,29,0,26,0,0,0,7,4,4,2,0,2,0,1,0,0,0,0,0,0
2023,1074691,611,Fenerbahce,62490,Samet Akaydin,84,3,D,7.6,False,False,0,1,1,0,0,0,0,65,1,62,2,0,3,8,5,0,0,0,1,1,0,0,0,0,0,0,0
2023,1074691,611,Fenerbahce,829,Rodrigo Becão,45,50,D,6.9,False,False,0,0,0,0,0,0,0,55,0,54,0,0,0,4,2,0,0,0,0,2,0,0,0,0,0,0,0
2023,1074691,611,Fenerbahce,1361,Ferdi Kadıoğlu,90,7,D,8.5,False,False,0,2,0,0,0,2,0,66,4,56,3,0,0,9,4,1,0,1,1,0,0,0,0,0,0,0,0
2023,1074691,611,Fenerbahce,214463,İsmail Yüksek,90,5,M,7,False,False,0,1,1,0,0,0,0,79,1,71,2,0,2,14,6,2,2,3,0,4,1,0,0,0,0,0,0
2023,1074691,611,Fenerbahce,905,Fred,9,35,M,6.2,False,False,0,0,0,0,0,0,0,5,0,4,0,0,0,1,0,1,0,0,0,0,0,0,0,0,0,0,0
2023,1074691,611,Fenerbahce,49857,İrfan Can Kahveci,78,17,M,7.2,False,False,1,1,1,1,0,0,0,30,0,25,1,0,2,11,4,5,2,1,1,1,0,0,0,0,0,0,0
2023,1074691,611,Fenerbahce,40403,Sebastian Szymański,90,53,M,8.7,False,False,1,2,1,0,0,2,0,27,5,20,4,0,1,10,5,2,0,0,1,0,0,0,0,0,0,0,0
2023,1074691,611,Fenerbahce,554,Dušan Tadić,90,10,M,8.2,False,False,0,3,2,0,0,0,0,49,5,41,0,0,1,3,1,3,1,0,0,0,0,0,0,0,0,0,0
2023,1074691,611,Fenerbahce,790,Edin Džeko,90,9,F,10,True,False,0,7,6,3,0,0,0,28,3,19,0,0,0,8,5,3,3,0,1,0,0,0,0,0,0,0,0
2023,1074691,611,Fenerbahce,1369,Miha Zajc,81,26,M,7.3,False,True,0,0,0,0,0,0,0,68,2,67,1,0,1,4,2,0,0,1,0,0,0,0,0,0,0,0,0
2023,1074691,611,Fenerbahce,272721,Jayden Oosterwolde,45,24,D,6.6,False,True,0,0,0,0,0,0,0,25,0,25,0,0,1,4,1,0,0,0,0,3,0,0,0,0,0,0,0
2023,1074691,611,Fenerbahce,1719,Mert Müldür,12,16,D,6.3,False,True,0,0,0,0,0,0,0,5,0,4,0,0,0,0,0,0,0,0,0,0,0,0,0,0,0,0,0
2023,1074691,611,Fenerbahce,1756,Ryan Kent,12,11,F,6.9,False,True,0,0,0,0,0,0,0,4,1,4,0,0,0,1,0,0,0,0,0,0,0,0,0,0,0,0,0
2023,1074691,611,Fenerbahce,41973,Miguel Crespo,10,27,M,6.7,False,True,0,0,0,0,0,0,0,5,0,5,0,0,0,0,0,0,0,0,0,0,0,0,0,0,0,0,0
2023,1074691,611,Fenerbahce,62137,İrfan Can Eğribayat,0,70,G,,False,True,0,0,0,0,0,0,0,0,0,,0,0,0,0,0,0,0,0,0,0,0,0,0,0,0,0,0
2023,1074691,611,Fenerbahce,412703,Yusuf Akcicek,0,95,D,,False,True,0,0,0,0,0,0,0,0,0,,0,0,0,0,0,0,0,0,0,0,0,0,0,0,0,0,0
2023,1074691,611,Fenerbahce,162004,Bartuğ Elmaz,0,28,M,,False,True,0,0,0,0,0,0,0,0,0,,0,0,0,0,0,0,0,0,0,0,0,0,0,0,0,0,0
2023,1074691,611,Fenerbahce,2927,Michy Batshuayi,0,23,F,,False,True,0,0,0,0,0,0,0,0,0,,0,0,0,0,0,0,0,0,0,0,0,0,0,0,0,0,0
2023,1074691,611,Fenerbahce,50246,Mehmet Umut Nayir,0,22,F,,False,True,0,0,0,0,0,0,0,0,0,,0,0,0,0,0,0,0,0,0,0,0,0,0,0,0,0,0
2023,1074797,3573,Gazişehir Gaziantep,55966,Florin Niță,90,33,G,7.6,False,False,0,0,0,0,1,0,5,34,0,16,0,0,0,0,0,0,0,0,0,0,0,0,0,0,0,0,0
2023,1074797,3573,Gazişehir Gaziantep,62323,Mustafa Eskihellaç,90,11,D,6.9,False,False,0,0,0,0,0,0,0,34,0,23,4,0,5,6,4,0,0,1,0,0,0,0,0,0,0,0,0
2023,1074797,3573,Gazişehir Gaziantep,63284,Arda Kızıldağ,90,4,D,6.6,False,False,0,1,0,0,0,0,0,16,1,11,1,0,1,8,4,0,0,0,1,2,1,0,0,1,0,0,0
2023,1074797,3573,Gazişehir Gaziantep,30503,Nicolas N'Koulou,90,63,D,7.2,False,False,0,0,0,0,0,0,0,20,0,15,3,2,1,5,4,0,0,0,0,1,0,0,0,0,0,0,0
2023,1074797,3573,Gazişehir Gaziantep,21487,Papy Djilobodji,90,3,D,7,True,False,0,0,0,0,0,0,0,26,0,17,3,0,1,5,4,0,0,0,0,0,0,0,0,0,0,0,0
2023,1074797,3573,Gazişehir Gaziantep,21008,Salem M'Bakata,90,22,D,6.7,False,False,0,1,1,0,0,0,0,19,0,15,0,0,1,6,3,3,2,0,0,0,0,0,0,0,0,0,0
2023,1074797,3573,Gazişehir Gaziantep,19028,Lazar Marković,70,50,M,6.7,False,False,0,0,0,0,0,0,0,25,0,15,1,0,0,6,4,2,1,1,1,0,1,0,0,0,0,0,0
2023,1074797,3573,Gazişehir Gaziantep,50239,Furkan Soyalp,78,5,M,6.9,False,False,0,0,0,0,0,0,0,24,1,11,3,0,1,10,6,0,0,3,3,0,0,0,0,0,0,0,0
2023,1074797,3573,Gazişehir Gaziantep,143295,Ogün Özçiçek,90,61,M,6.9,False,False,0,0,0,0,0,0,0,31,1,22,2,1,3,13,6,2,0,1,1,1,0,0,0,0,0,0,0
2023,1074797,3573,Gazişehir Gaziantep,25921,Alexandru Maxim,89,44,M,6.6,False,False,0,1,1,0,0,0,0,19,1,15,0,1,2,7,1,1,0,3,1,1,0,0,0,0,0,0,0
2023,1074797,3573,Gazişehir Gaziantep,43092,Denis Drăguş,90,70,F,7.2,False,False,0,3,2,0,0,0,0,21,1,14,4,1,0,20,6,3,1,0,0,6,0,0,0,0,0,0,0
2023,1074797,3573,Gazişehir Gaziantep,41481,Brayan Riascos,20,94,F,6.5,False,True,0,0,0,0,0,0,0,7,0,3,0,0,0,7,1,2,1,0,0,3,1,0,0,0,0,0,0
2023,1074797,3573,Gazişehir Gaziantep,50008,Marko Jevtović,12,8,M,6.2,False,True,0,0,0,0,0,0,0,7,0,6,0,0,0,1,0,0,0,0,0,0,0,0,0,0,0,0,0
2023,1074797,3573,Gazişehir Gaziantep,61975,Oğulcan Çağlayan,9,23,F,6.3,False,True,0,0,0,0,0,0,0,3,0,3,0,0,0,0,0,0,0,0,0,0,0,0,0,0,0,0,0
2023,1074797,3573,Gazişehir Gaziantep,430,Batuhan Ahmet Şen,0,19,G,,False,True,0,0,0,0,0,0,0,0,0,,0,0,0,0,0,0,0,0,0,0,0,0,0,0,0,0,0
2023,1074797,3573,Gazişehir Gaziantep,50220,Ertuğrul Ersoy,0,15,D,,False,True,0,0,0,0,0,0,0,0,0,,0,0,0,0,0,0,0,0,0,0,0,0,0,0,0,0,0
2023,1074797,3573,Gazişehir Gaziantep,43016,Júnior Morais,0,13,D,,False,True,0,0,0,0,0,0,0,0,0,,0,0,0,0,0,0,0,0,0,0,0,0,0,0,0,0,0
2023,1074797,3573,Gazişehir Gaziantep,137255,Ömürcan Artan,0,27,D,,False,True,0,0,0,0,0,0,0,0,0,,0,0,0,0,0,0,0,0,0,0,0,0,0,0,0,0,0
2023,1074797,3573,Gazişehir Gaziantep,163188,Mirza Cihan,0,26,M,,False,True,0,0,0,0,0,0,0,0,0,,0,0,0,0,0,0,0,0,0,0,0,0,0,0,0,0,0
2023,1074797,3573,Gazişehir Gaziantep,314360,Bahadir Golgeli,0,91,M,,False,True,0,0,0,0,0,0,0,0,0,,0,0,0,0,0,0,0,0,0,0,0,0,0,0,0,0,0
2023,1074797,3573,Gazişehir Gaziantep,63304,İlker Karakaş,0,9,F,,False,True,0,0,0,0,0,0,0,0,0,,0,0,0,0,0,0,0,0,0,0,0,0,0,0,0,0,0
2023,1074797,611,Fenerbahce,1305,Dominik Livaković,90,40,G,7.9,False,False,0,0,0,0,0,0,4,12,0,12,0,0,0,1,1,1,1,0,0,0,0,0,0,0,0,0,0
2023,1074797,611,Fenerbahce,1719,Mert Müldür,90,16,D,7.5,False,False,0,1,0,0,0,0,0,44,0,38,2,0,1,6,3,2,0,0,1,0,0,0,0,0,0,0,0
2023,1074797,611,Fenerbahce,1341,Serdar Aziz,38,4,D,6.9,False,False,0,1,0,0,0,0,0,24,0,23,0,0,0,5,3,0,0,1,1,0,0,0,0,0,0,0,0
2023,1074797,611,Fenerbahce,272721,Jayden Oosterwolde,90,24,D,7.3,False,False,0,0,0,0,0,0,0,57,0,47,1,0,0,7,6,1,1,1,2,0,0,0,0,0,0,0,0
2023,1074797,611,Fenerbahce,1361,Ferdi Kadıoğlu,90,7,D,7.3,False,False,0,0,0,0,0,0,0,56,0,48,1,0,1,7,4,1,0,0,2,1,0,0,0,0,0,0,0
2023,1074797,611,Fenerbahce,214463,İsmail Yüksek,64,5,M,7.2,False,False,0,1,0,0,0,0,0,59,0,48,1,0,1,11,6,1,1,0,0,0,0,0,0,0,0,0,0
2023,1074797,611,Fenerbahce,905,Fred,90,35,M,8.3,False,False,0,2,1,0,0,0,0,70,1,61,3,0,2,14,6,4,1,0,2,2,0,0,1,0,0,0,0
2023,1074797,611,Fenerbahce,785,Cengiz Ünder,64,20,M,6.9,False,False,0,1,1,0,0,0,0,19,2,14,0,0,0,2,0,2,0,0,0,1,0,0,0,0,0,0,0
2023,1074797,611,Fenerbahce,40403,Sebastian Szymański,90,53,M,7.2,False,False,1,2,1,0,0,1,0,36,3,29,1,0,0,7,1,1,0,2,0,1,0,0,0,0,0,0,0
2023,1074797,611,Fenerbahce,554,Dušan Tadić,79,10,M,7.3,False,False,1,0,0,0,0,0,0,26,1,22,3,0,0,10,7,4,3,1,1,0,0,0,0,0,0,0,0
2023,1074797,611,Fenerbahce,790,Edin Džeko,90,9,F,5.9,True,False,0,3,0,0,0,0,0,18,0,14,0,0,0,7,2,3,1,0,0,1,0,0,0,0,0,1,0
2023,1074797,611,Fenerbahce,853,Leonardo Bonucci,52,19,D,6.9,False,True,0,0,0,0,0,0,0,50,0,36,0,0,1,5,4,0,0,0,0,1,0,0,0,0,0,0,0
2023,1074797,611,Fenerbahce,49857,İrfan Can Kahveci,26,17,M,7.7,False,True,0,2,2,1,0,0,0,9,0,6,2,0,1,8,7,1,1,0,4,0,1,0,0,0,0,0,0
2023,1074797,611,Fenerbahce,2927,Michy Batshuayi,26,23,F,6.5,False,True,0,2,1,0,0,0,0,9,0,7,0,0,1,2,0,1,0,0,0,1,1,0,0,0,0,0,0
2023,1074797,611,Fenerbahce,18881,Joshua King,11,15,F,7.2,False,True,0,0,0,0,0,0,0,10,2,5,0,0,0,2,1,1,0,0,0,0,0,0,0,0,0,0,0
2023,1074797,611,Fenerbahce,62137,İrfan Can Eğribayat,0,70,G,,False,True,0,0,0,0,0,0,0,0,0,,0,0,0,0,0,0,0,0,0,0,0,0,0,0,0,0,0
2023,1074797,611,Fenerbahce,50097,Mert Hakan Yandaş,0,8,M,,False,True,0,0,0,0,0,0,0,0,0,,0,0,0,0,0,0,0,0,0,0,0,0,0,0,0,0,0
2023,1074797,611,Fenerbahce,162004,Bartuğ Elmaz,0,28,M,,False,True,0,0,0,0,0,0,0,0,0,,0,0,0,0,0,0,0,0,0,0,0,0,0,0,0,0,0
2023,1074797,611,Fenerbahce,1756,Ryan Kent,0,11,F,,False,True,0,0,0,0,0,0,0,0,0,,0,0,0,0,0,0,0,0,0,0,0,0,0,0,0,0,0
2023,1074797,611,Fenerbahce,10497,Lincoln,0,18,M,,False,True,0,0,0,0,0,0,0,0,0,,0,0,0,0,0,0,0,0,0,0,0,0,0,0,0,0,0
2023,1074797,611,Fenerbahce,47446,Emre Mor,0,99,M,,False,True,0,0,0,0,0,0,0,0,0,,0,0,0,0,0,0,0,0,0,0,0,0,0,0,0,0,0
2023,1074971,611,Fenerbahce,1305,Dominik Livaković,89,40,G,7,False,False,0,0,0,0,0,0,2,26,0,20,0,0,0,0,0,0,0,0,0,0,0,0,0,0,0,0,0
2023,1074971,611,Fenerbahce,19588,Bright Osayi-Samuel,73,21,D,7.2,False,False,0,1,1,1,0,0,0,35,1,31,2,0,0,8,3,1,0,0,1,2,0,0,0,0,0,0,0
2023,1074971,611,Fenerbahce,829,Rodrigo Becão,64,50,D,7,False,False,0,1,0,0,0,0,0,45,0,42,0,0,1,2,2,0,0,0,0,0,0,0,0,0,0,0,0
2023,1074971,611,Fenerbahce,18776,Çağlar Söyüncü,89,2,D,7.5,False,False,0,0,0,0,0,0,0,53,0,46,3,0,3,10,9,0,0,0,0,0,0,0,0,0,0,0,0
2023,1074971,611,Fenerbahce,1361,Ferdi Kadıoğlu,90,7,D,7.7,False,False,0,3,2,0,0,0,0,60,1,53,3,0,1,11,5,2,1,3,1,0,0,0,0,0,0,0,0
2023,1074971,611,Fenerbahce,18881,Joshua King,90,15,M,8,False,False,0,3,3,1,0,0,0,27,3,24,0,0,0,13,5,2,2,0,1,3,0,0,0,0,0,0,0
2023,1074971,611,Fenerbahce,40403,Sebastian Szymański,90,53,M,9.3,False,False,0,2,1,1,0,0,0,44,4,37,9,1,1,12,9,0,0,1,0,2,0,0,0,0,0,0,0
2023,1074971,611,Fenerbahce,905,Fred,90,35,M,7.5,False,False,0,1,0,0,0,0,0,69,1,58,4,0,0,12,7,2,1,1,2,3,1,0,0,0,0,0,0
2023,1074971,611,Fenerbahce,554,Dušan Tadić,90,10,M,9.3,False,False,0,3,2,1,0,1,0,33,5,24,1,0,1,4,2,1,1,1,0,0,0,0,0,0,0,0,0
2023,1074971,611,Fenerbahce,25053,Serdar Dursun,90,91,F,8.2,False,False,1,3,2,1,0,1,0,19,2,13,0,0,0,6,2,0,0,1,0,1,0,0,0,0,0,0,0
2023,1074971,611,Fenerbahce,790,Edin Džeko,45,9,F,7.2,True,False,1,3,2,1,0,0,0,5,0,4,1,0,1,4,1,3,0,0,0,0,0,0,0,0,1,0,0
2023,1074971,611,Fenerbahce,1369,Miha Zajc,45,26,M,6.3,False,True,0,3,2,0,0,0,0,23,0,20,1,0,0,2,1,0,0,0,0,0,0,0,0,0,0,0,0
2023,1074971,611,Fenerbahce,853,Leonardo Bonucci,26,19,D,6.3,False,True,0,0,0,0,0,0,0,13,0,12,0,0,0,2,0,0,0,0,0,1,1,0,0,0,0,0,0
2023,1074971,611,Fenerbahce,1719,Mert Müldür,17,16,D,6.9,False,True,0,0,0,0,0,0,0,13,0,8,1,0,0,2,2,1,1,0,0,0,0,0,0,0,0,0,0
2023,1074971,611,Fenerbahce,368141,Furkan Onur Akyüz,1,97,G,,False,True,0,0,0,0,0,0,0,1,0,1,0,0,0,0,0,0,0,0,0,0,0,0,0,0,0,0,0
2023,1074971,611,Fenerbahce,412703,Yusuf Akcicek,1,95,D,,False,True,0,0,0,0,0,0,0,3,0,3,1,0,1,2,2,0,0,0,0,0,0,0,0,0,0,0,0
2023,1074971,611,Fenerbahce,49857,İrfan Can Kahveci,0,17,M,,False,True,0,0,0,0,0,0,0,0,0,,0,0,0,0,0,0,0,0,0,0,0,0,0,0,0,0,0
2023,1074971,611,Fenerbahce,785,Cengiz Ünder,0,20,F,,False,True,0,0,0,0,0,0,0,0,0,,0,0,0,0,0,0,0,0,0,0,0,0,0,0,0,0,0
2023,1074971,611,Fenerbahce,413015,Muhammet Imre,0,49,M,,False,True,0,0,0,0,0,0,0,0,0,,0,0,0,0,0,0,0,0,0,0,0,0,0,0,0,0,0
2023,1074971,611,Fenerbahce,413019,Efekan Karayazi,0,92,M,,False,True,0,0,0,0,0,0,0,0,0,,0,0,0,0,0,0,0,0,0,0,0,0,0,0,0,0,0
2023,1074971,611,Fenerbahce,460825,Muhammet Zeki Dursun,0,88,M,,False,True,0,0,0,0,0,0,0,0,0,,0,0,0,0,0,0,0,0,0,0,0,0,0,0,0,0,0
2023,1074971,3578,İstanbulspor,352115,Mucahit Serbest,90,26,G,7.3,False,False,0,0,0,0,6,0,6,34,0,27,0,0,0,0,0,0,0,0,0,0,0,0,0,0,0,0,0
2023,1074971,3578,İstanbulspor,37035,David Sambissa,90,7,D,5.3,False,False,0,0,0,0,0,0,0,27,0,22,1,0,1,10,4,5,2,0,0,0,0,0,0,0,0,0,0
2023,1074971,3578,İstanbulspor,464990,Baran Vardar,86,70,D,6,False,False,0,0,0,0,0,0,0,30,0,18,1,1,1,6,3,0,0,1,0,1,0,0,0,1,0,0,0
2023,1074971,3578,İstanbulspor,119174,Okan Erdoğan,90,23,D,5.3,False,False,0,0,0,0,0,0,0,42,0,32,3,1,1,10,5,0,0,1,2,0,1,0,0,0,0,0,0
2023,1074971,3578,İstanbulspor,22162,Racine Coly,75,13,D,6.2,False,False,0,1,0,0,0,0,0,36,0,28,1,0,3,6,5,0,0,0,2,0,0,0,0,0,0,0,0
2023,1074971,3578,İstanbulspor,61932,Ali Yaşar,90,66,D,6.9,True,False,1,1,1,0,0,0,0,41,0,38,0,2,1,6,2,1,1,1,1,1,0,0,0,0,0,0,0
2023,1074971,3578,İstanbulspor,278944,Vefa Temel,58,8,M,6.3,False,False,0,1,0,0,0,0,0,20,0,19,1,0,0,9,3,1,1,0,0,2,0,0,0,0,0,0,0
2023,1074971,3578,İstanbulspor,55900,Modestas Vorobjovas,90,6,M,6.2,False,False,0,0,0,0,0,0,0,44,1,40,0,1,0,2,0,0,0,2,0,0,0,0,0,0,0,0,0
2023,1074971,3578,İstanbulspor,7514,Jackson,86,99,M,6.2,False,False,0,0,0,0,0,0,0,45,4,37,1,0,1,15,7,3,2,0,4,1,0,0,0,0,0,0,0
2023,1074971,3578,İstanbulspor,191363,Ozcan Sahan,90,20,M,6.9,False,False,0,2,0,0,0,0,0,35,1,28,4,0,1,7,5,0,0,0,1,2,0,0,0,0,0,0,0
2023,1074971,3578,İstanbulspor,66840,Mendy Mamadou,86,12,F,6.6,False,False,1,3,1,0,0,0,0,28,0,22,0,0,0,11,3,1,1,1,0,0,0,0,0,0,0,0,0
2023,1074971,3578,İstanbulspor,161980,Emrehan Gedikli,32,9,F,6.5,False,True,0,0,0,0,0,0,0,8,0,6,0,0,0,2,0,0,0,0,0,0,0,0,0,0,0,0,0
2023,1074971,3578,İstanbulspor,335592,Tunahan Samdanli,15,41,M,6.7,False,True,0,0,0,0,0,0,0,4,2,1,1,0,0,2,2,0,0,0,0,0,0,0,0,0,0,0,0
2023,1074971,3578,İstanbulspor,464991,Emir Mustafa Vurusaner,8,18,D,6.7,False,True,0,0,0,0,0,0,0,3,0,3,0,0,0,0,0,0,0,0,0,0,0,0,0,0,0,0,0
2023,1074971,3578,İstanbulspor,457564,Eren Arda San,8,97,F,6.5,False,True,0,0,0,0,0,0,0,0,0,,0,0,0,3,1,1,0,0,1,0,0,0,0,0,0,0,0
2023,1074971,3578,İstanbulspor,467810,Demir Mermerci,8,58,M,6.3,False,True,0,0,0,0,0,0,0,4,0,4,0,0,0,1,0,0,0,0,0,1,0,0,0,0,0,0,0
2023,1074971,3578,İstanbulspor,442408,Murat Ugur Eser,0,1,G,,False,True,0,0,0,0,0,0,0,0,0,,0,0,0,0,0,0,0,0,0,0,0,0,0,0,0,0,0
2023,1074971,3578,İstanbulspor,294741,Djakaridja Traore,0,88,F,,False,True,0,0,0,0,0,0,0,0,0,,0,0,0,0,0,0,0,0,0,0,0,0,0,0,0,0,0
2023,1074971,3578,İstanbulspor,471383,Oktay Yakup,0,33,G,,False,True,0,0,0,0,0,0,0,0,0,,0,0,0,0,0,0,0,0,0,0,0,0,0,0,0,0,0
2023,1074737,611,Fenerbahce,1305,Dominik Livaković,90,40,G,6.6,False,False,0,0,0,0,1,0,3,27,0,15,0,0,0,0,0,0,0,0,0,0,0,0,0,0,0,0,0
2023,1074737,611,Fenerbahce,19588,Bright Osayi-Samuel,83,21,D,7.3,False,False,1,0,0,0,0,1,0,35,1,28,1,0,1,5,4,1,1,1,1,0,0,0,0,0,0,0,0
2023,1074737,611,Fenerbahce,62490,Samet Akaydin,90,3,D,6.6,False,False,0,0,0,0,0,0,0,41,0,35,2,0,3,6,3,1,0,0,0,2,1,0,0,0,0,0,0
2023,1074737,611,Fenerbahce,272721,Jayden Oosterwolde,90,24,D,6.6,False,False,0,0,0,0,0,0,0,52,0,43,0,0,2,8,3,1,1,1,2,4,0,0,0,0,0,0,0
2023,1074737,611,Fenerbahce,1361,Ferdi Kadıoğlu,90,7,D,6.9,False,False,0,0,0,0,0,0,0,44,0,39,0,0,1,5,2,1,0,1,2,0,0,0,0,0,0,0,0
2023,1074737,611,Fenerbahce,41973,Miguel Crespo,65,27,M,6.7,False,False,0,1,0,0,0,0,0,38,0,36,0,1,0,7,1,0,0,0,1,4,0,0,0,0,0,0,0
2023,1074737,611,Fenerbahce,905,Fred,74,35,M,6.9,False,False,0,1,0,0,0,0,0,41,1,32,1,0,0,12,5,3,2,5,2,0,0,0,0,0,0,0,0
2023,1074737,611,Fenerbahce,49857,İrfan Can Kahveci,90,17,M,7.5,False,False,1,1,1,1,0,0,0,24,2,16,1,0,1,8,3,2,1,0,1,1,0,0,0,0,0,0,0
2023,1074737,611,Fenerbahce,40403,Sebastian Szymański,90,53,M,7.2,False,False,0,1,1,1,0,0,0,29,1,25,1,0,0,9,1,3,0,2,0,3,0,0,0,0,0,0,0
2023,1074737,611,Fenerbahce,554,Dušan Tadić,84,10,M,8.2,False,False,0,1,1,0,0,2,0,33,2,24,1,0,0,7,2,0,0,0,0,1,0,0,0,0,0,0,0
2023,1074737,611,Fenerbahce,790,Edin Džeko,90,9,F,7.9,True,False,0,2,2,1,0,0,0,35,0,24,1,0,1,12,6,2,1,2,0,2,0,0,0,0,0,0,0
2023,1074737,611,Fenerbahce,214463,İsmail Yüksek,25,5,M,6.9,False,True,0,0,0,0,0,0,0,18,0,16,2,0,1,4,3,0,0,1,1,0,0,0,0,0,0,0,0
2023,1074737,611,Fenerbahce,18881,Joshua King,16,15,F,6.5,False,True,0,0,0,0,0,0,0,3,0,2,0,0,0,1,0,0,0,1,0,0,0,0,0,0,0,0,0
2023,1074737,611,Fenerbahce,1719,Mert Müldür,14,16,D,6.9,False,True,0,0,0,0,0,0,0,2,0,2,2,0,0,2,2,0,0,0,0,0,0,0,0,0,0,0,0
2023,1074737,611,Fenerbahce,47446,Emre Mor,13,99,M,6.7,False,True,0,0,0,0,0,0,0,6,0,3,0,0,0,6,3,2,2,1,1,1,0,0,0,0,0,0,0
2023,1074737,611,Fenerbahce,62137,İrfan Can Eğribayat,0,70,G,,False,True,0,0,0,0,0,0,0,0,0,,0,0,0,0,0,0,0,0,0,0,0,0,0,0,0,0,0
2023,1074737,611,Fenerbahce,412703,Yusuf Akcicek,0,95,D,,False,True,0,0,0,0,0,0,0,0,0,,0,0,0,0,0,0,0,0,0,0,0,0,0,0,0,0,0
2023,1074737,611,Fenerbahce,162004,Bartuğ Elmaz,0,28,M,,False,True,0,0,0,0,0,0,0,0,0,,0,0,0,0,0,0,0,0,0,0,0,0,0,0,0,0,0
2023,1074737,611,Fenerbahce,50246,Mehmet Umut Nayir,0,22,F,,False,True,0,0,0,0,0,0,0,0,0,,0,0,0,0,0,0,0,0,0,0,0,0,0,0,0,0,0
2023,1074737,611,Fenerbahce,785,Cengiz Ünder,0,20,F,,False,True,0,0,0,0,0,0,0,0,0,,0,0,0,0,0,0,0,0,0,0,0,0,0,0,0,0,0
2023,1074737,611,Fenerbahce,2927,Michy Batshuayi,0,23,F,,False,True,0,0,0,0,0,0,0,0,0,,0,0,0,0,0,0,0,0,0,0,0,0,0,0,0,0,0
2023,1074737,1002,Sivasspor,50078,Ali Şaşal Vural,90,35,G,6.2,False,False,0,0,0,0,4,0,2,33,0,25,0,0,0,1,1,0,0,0,1,0,0,0,0,0,0,0,0
2023,1074737,1002,Sivasspor,62033,Alaaddin Okumuş,90,23,D,6.3,False,False,0,0,0,0,0,0,0,53,1,44,2,0,1,6,4,0,0,2,0,0,0,0,0,0,0,0,0
2023,1074737,1002,Sivasspor,2137,Caner Osmanpaşa,90,88,D,6.5,False,False,0,0,0,0,0,0,0,36,0,30,2,1,2,6,3,1,0,0,0,0,0,0,0,0,0,0,0
2023,1074737,1002,Sivasspor,20686,Samba Camara,90,14,D,6.3,False,False,0,0,0,0,0,0,0,47,0,40,3,0,0,8,4,1,0,0,0,0,0,0,0,0,0,0,0
2023,1074737,1002,Sivasspor,50082,Uğur Çiftçi,79,3,D,6.2,True,False,0,0,0,0,0,0,0,24,1,15,0,0,0,3,2,1,1,0,1,1,0,0,0,0,0,0,0
2023,1074737,1002,Sivasspor,430734,Yunus Konak,74,72,M,7.2,False,False,0,0,0,0,0,0,0,37,0,33,3,1,3,8,5,1,1,1,0,1,0,0,0,0,0,0,0
2023,1074737,1002,Sivasspor,50221,Burak Kapacak,90,16,M,6.3,False,False,0,1,0,0,0,0,0,21,1,13,0,0,0,8,6,3,3,1,2,1,0,0,0,0,0,0,0
2023,1074737,1002,Sivasspor,8532,Charis Charisis,79,8,M,6.2,False,False,0,0,0,0,0,0,0,31,0,24,1,0,0,13,8,5,3,0,4,3,1,0,0,0,0,0,0
2023,1074737,1002,Sivasspor,47263,Samu Sáiz,74,24,M,6.9,False,False,0,0,0,0,0,1,0,36,2,24,0,0,0,7,4,2,1,0,2,0,0,0,0,0,0,0,0
2023,1074737,1002,Sivasspor,1919,Clinton N'Jie,74,10,M,6.5,False,False,0,2,1,0,0,0,0,12,1,10,0,0,0,10,3,5,3,1,0,3,0,0,0,0,0,0,0
2023,1074737,1002,Sivasspor,46725,Rey Manaj,90,9,F,7.7,False,False,0,4,2,1,0,0,0,24,0,18,0,0,0,7,5,0,0,0,3,2,0,0,0,0,0,0,0
2023,1074737,1002,Sivasspor,66175,Roman Kvet,16,19,M,6.2,False,True,0,1,1,0,0,0,0,12,0,10,2,0,0,7,2,1,0,3,0,0,0,0,0,0,0,0,0
2023,1074737,1002,Sivasspor,50086,Hakan Arslan,16,37,M,6.9,False,True,0,0,0,0,0,0,0,15,0,13,0,0,0,3,3,2,2,0,1,0,0,0,0,0,0,0,0
2023,1074737,1002,Sivasspor,49885,Abdulkadir Parmak,16,5,M,6.6,False,True,0,0,0,0,0,0,0,16,0,13,0,0,0,3,3,1,1,0,2,0,0,0,0,0,0,0,0
2023,1074737,1002,Sivasspor,50083,Ziya Erdal,11,58,D,6.7,False,True,0,0,0,0,0,0,0,18,0,17,0,0,1,1,0,0,0,0,0,1,0,0,0,0,0,0,0
2023,1074737,1002,Sivasspor,129171,Kader Keïta,11,6,M,6.9,False,True,0,1,0,0,0,0,0,26,0,21,1,0,0,1,1,0,0,0,0,0,0,0,0,0,0,0,0
2023,1074737,1002,Sivasspor,50107,Muammer Yıldırım,0,1,G,,False,True,0,0,0,0,0,0,0,0,0,,0,0,0,0,0,0,0,0,0,0,0,0,0,0,0,0,0
2023,1074737,1002,Sivasspor,62018,Aaron Appindangoyé,0,4,D,,False,True,0,0,0,0,0,0,0,0,0,,0,0,0,0,0,0,0,0,0,0,0,0,0,0,0,0,0
2023,1074737,1002,Sivasspor,61870,Murat Paluli,0,99,D,,False,True,0,0,0,0,0,0,0,0,0,,0,0,0,0,0,0,0,0,0,0,0,0,0,0,0,0,0
2023,1074737,1002,Sivasspor,26741,Achilleas Poungouras,0,44,D,,False,True,0,0,0,0,0,0,0,0,0,,0,0,0,0,0,0,0,0,0,0,0,0,0,0,0,0,0
2023,1074737,1002,Sivasspor,2779,Ahmed Musa,0,7,F,,False,True,0,0,0,0,0,0,0,0,0,,0,0,0,0,0,0,0,0,0,0,0,0,0,0,0,0,0
2023,1074647,611,Fenerbahce,1305,Dominik Livaković,90,40,G,7,False,False,0,0,0,0,2,0,3,30,1,27,0,0,0,0,0,0,0,0,0,0,0,0,0,0,0,0,0
2023,1074647,611,Fenerbahce,19588,Bright Osayi-Samuel,90,21,D,7.2,False,False,0,0,0,0,0,0,0,41,1,37,2,0,1,14,10,7,6,1,1,1,1,0,0,0,0,0,0
2023,1074647,611,Fenerbahce,1341,Serdar Aziz,90,4,D,7.9,False,False,0,0,0,0,0,1,0,60,1,55,1,1,1,10,5,0,0,1,0,1,0,0,0,0,0,0,0
2023,1074647,611,Fenerbahce,829,Rodrigo Becão,90,50,D,6.5,False,False,0,1,0,0,0,0,0,74,0,67,0,0,0,9,6,0,0,0,1,2,1,0,0,0,0,0,0
2023,1074647,611,Fenerbahce,1361,Ferdi Kadıoğlu,90,7,D,7.3,False,False,0,0,0,0,0,0,0,60,2,50,3,0,0,11,7,5,3,2,1,0,0,0,0,0,0,0,0
2023,1074647,611,Fenerbahce,1369,Miha Zajc,70,26,M,6.7,False,False,0,0,0,0,0,0,0,44,0,38,1,0,0,5,2,0,0,0,1,1,0,0,0,0,0,0,0
2023,1074647,611,Fenerbahce,905,Fred,90,35,M,6.7,False,False,0,1,1,0,0,0,0,44,1,36,1,0,0,11,4,2,0,1,3,3,0,0,0,0,0,0,0
2023,1074647,611,Fenerbahce,785,Cengiz Ünder,5,20,M,,False,False,0,0,0,0,0,0,0,1,0,,0,0,0,0,0,0,0,0,0,0,0,0,0,0,0,0,0
2023,1074647,611,Fenerbahce,40403,Sebastian Szymański,89,53,M,7.3,False,False,0,3,3,1,0,0,0,7,1,5,0,1,1,2,0,0,0,0,0,0,0,0,0,0,0,0,0
2023,1074647,611,Fenerbahce,554,Dušan Tadić,89,10,M,7.6,False,False,1,0,0,0,0,0,0,34,3,24,0,1,0,5,2,2,1,1,1,0,0,0,0,0,0,0,0
2023,1074647,611,Fenerbahce,790,Edin Džeko,90,9,F,8.2,True,False,0,5,4,1,0,1,0,23,2,15,0,1,0,10,4,2,1,0,0,2,0,0,0,0,0,0,0
2023,1074647,611,Fenerbahce,49857,İrfan Can Kahveci,85,17,M,8.2,False,True,0,3,2,1,0,1,0,34,4,29,2,1,2,15,10,4,1,0,2,1,0,0,0,0,0,0,0
2023,1074647,611,Fenerbahce,41973,Miguel Crespo,20,27,M,6.3,False,True,0,0,0,0,0,0,0,10,0,8,0,0,0,2,1,0,0,0,0,1,1,0,0,0,0,0,0
2023,1074647,611,Fenerbahce,21633,Alexander Djiku,9,6,D,6.7,False,True,0,0,0,0,0,0,0,0,0,,0,0,0,1,1,0,0,0,1,0,0,0,0,0,0,0,0
2023,1074647,611,Fenerbahce,1756,Ryan Kent,9,11,F,6.9,False,True,0,0,0,0,0,0,0,2,1,2,0,0,0,1,1,0,0,0,1,0,0,0,0,0,0,0,0
2023,1074647,611,Fenerbahce,62137,İrfan Can Eğribayat,0,70,G,,False,True,0,0,0,0,0,0,0,0,0,,0,0,0,0,0,0,0,0,0,0,0,0,0,0,0,0,0
2023,1074647,611,Fenerbahce,62490,Samet Akaydin,0,3,D,,False,True,0,0,0,0,0,0,0,0,0,,0,0,0,0,0,0,0,0,0,0,0,0,0,0,0,0,0
2023,1074647,611,Fenerbahce,1719,Mert Müldür,0,16,D,,False,True,0,0,0,0,0,0,0,0,0,,0,0,0,0,0,0,0,0,0,0,0,0,0,0,0,0,0
2023,1074647,611,Fenerbahce,413019,Efekan Karayazi,0,92,M,,False,True,0,0,0,0,0,0,0,0,0,,0,0,0,0,0,0,0,0,0,0,0,0,0,0,0,0,0
2023,1074647,611,Fenerbahce,18881,Joshua King,0,15,F,,False,True,0,0,0,0,0,0,0,0,0,,0,0,0,0,0,0,0,0,0,0,0,0,0,0,0,0,0
2023,1074647,611,Fenerbahce,2927,Michy Batshuayi,0,23,F,,False,True,0,0,0,0,0,0,0,0,0,,0,0,0,0,0,0,0,0,0,0,0,0,0,0,0,0,0
2023,1074647,1005,Antalyaspor,41293,Helton Leite,90,1,G,7.3,False,False,0,0,0,0,3,0,7,34,0,18,0,0,0,0,0,0,0,0,0,0,0,0,0,0,0,0,0
2023,1074647,1005,Antalyaspor,49969,Bünyamin Balcı,85,7,D,7,False,False,0,0,0,0,0,0,0,36,2,25,1,0,2,5,4,2,2,1,0,0,0,0,0,0,0,0,0
2023,1074647,1005,Antalyaspor,50061,Veysel Sarı,90,89,D,6.6,True,False,0,0,0,0,0,0,0,46,0,38,1,2,2,5,2,0,0,0,1,1,0,0,0,0,0,0,0
2023,1074647,1005,Antalyaspor,12,Ömer Toprak,90,21,D,6.2,False,False,0,0,0,0,0,0,0,35,0,30,0,0,1,6,3,0,0,1,1,0,1,0,0,0,0,0,0
2023,1074647,1005,Antalyaspor,2151,Güray Vural,90,11,D,5.6,False,False,0,0,0,0,0,0,0,32,1,20,4,0,1,14,4,0,0,4,0,2,0,0,0,0,0,0,0
2023,1074647,1005,Antalyaspor,1964,Erdal Rakip,71,6,M,6.9,False,False,0,0,0,0,0,0,0,16,0,11,2,1,2,6,3,0,0,1,0,1,0,0,0,0,0,0,0
2023,1074647,1005,Antalyaspor,31241,Dario Šarić,90,8,M,6.7,False,False,0,0,0,0,0,0,0,27,0,23,4,0,0,11,5,0,0,2,1,1,0,0,0,0,0,0,0
2023,1074647,1005,Antalyaspor,50098,Erdoğan Yeşilyurt,58,17,M,6.3,False,False,0,1,0,0,0,0,0,13,1,8,2,0,1,6,2,2,0,0,0,1,1,0,0,0,0,0,0
2023,1074647,1005,Antalyaspor,37182,Sander van de Streek,90,22,M,6.7,False,False,0,4,2,0,0,1,0,20,1,12,2,0,0,7,3,0,0,0,1,1,0,0,0,0,0,0,0
2023,1074647,1005,Antalyaspor,2865,Sam Larsson,90,10,M,6.6,False,False,0,0,0,0,0,0,0,17,4,14,2,0,0,9,3,1,0,1,1,1,0,0,0,0,0,0,0
2023,1074647,1005,Antalyaspor,40594,Adam Buksa,90,9,F,8.9,False,False,0,4,3,2,0,0,0,15,0,11,0,0,1,17,8,1,1,0,4,3,1,0,0,0,0,0,0
2023,1074647,1005,Antalyaspor,111284,Sagiv Yehezkel,32,29,D,6.9,False,True,1,2,1,0,0,1,0,13,1,8,0,0,1,5,2,2,2,2,0,1,1,0,0,0,0,0,0
2023,1074647,1005,Antalyaspor,111274,Ramzi Safuri,19,16,M,6.7,False,True,0,0,0,0,0,0,0,6,0,5,1,1,0,4,3,1,1,0,1,0,0,0,0,0,0,0,0
2023,1074647,1005,Antalyaspor,19249,Britt Assombalonga,13,97,F,6.3,False,True,0,0,0,0,0,0,0,1,0,,0,0,0,1,1,0,0,0,0,0,0,0,0,0,0,0,0
2023,1074647,1005,Antalyaspor,50216,Ataberk Dadakdeniz,0,23,G,,False,True,0,0,0,0,0,0,0,0,0,,0,0,0,0,0,0,0,0,0,0,0,0,0,0,0,0,0
2023,1074647,1005,Antalyaspor,49963,Bahadır Öztürk,0,3,D,,False,True,0,0,0,0,0,0,0,0,0,,0,0,0,0,0,0,0,0,0,0,0,0,0,0,0,0,0
2023,1074647,1005,Antalyaspor,128850,Mert Yilmaz,0,27,D,,False,True,0,0,0,0,0,0,0,0,0,,0,0,0,0,0,0,0,0,0,0,0,0,0,0,0,0,0
2023,1074647,1005,Antalyaspor,129145,Erkan Eyibil,0,14,M,,False,True,0,0,0,0,0,0,0,0,0,,0,0,0,0,0,0,0,0,0,0,0,0,0,0,0,0,0
2023,1074647,1005,Antalyaspor,50010,Deni Milošević,0,20,M,,False,True,0,0,0,0,0,0,0,0,0,,0,0,0,0,0,0,0,0,0,0,0,0,0,0,0,0,0
2023,1074647,1005,Antalyaspor,391598,Emre Uzun,0,80,M,,False,True,0,0,0,0,0,0,0,0,0,,0,0,0,0,0,0,0,0,0,0,0,0,0,0,0,0,0
2023,1074647,1005,Antalyaspor,158440,Mustafa Erdilman,0,30,M,,False,True,0,0,0,0,0,0,0,0,0,,0,0,0,0,0,0,0,0,0,0,0,0,0,0,0,0,0
2023,1074607,611,Fenerbahce,50132,Altay Bayındır,90,1,G,6.2,False,False,0,0,0,0,1,0,0,18,0,12,0,0,0,0,0,0,0,0,0,0,0,0,0,0,0,0,0
2023,1074607,611,Fenerbahce,19588,Bright Osayi-Samuel,34,21,D,6.3,False,False,0,0,0,0,0,0,0,13,0,11,1,0,0,1,1,0,0,0,0,0,0,0,0,0,0,0,0
2023,1074607,611,Fenerbahce,829,Rodrigo Becão,68,50,D,6.6,False,False,0,0,0,0,0,0,0,41,0,36,2,0,0,5,5,0,0,0,2,0,0,0,0,0,0,0,0
2023,1074607,611,Fenerbahce,21633,Alexander Djiku,90,6,D,6.9,False,False,0,1,0,0,0,0,0,58,0,50,2,0,1,8,6,0,0,0,0,2,0,0,0,0,0,0,0
2023,1074607,611,Fenerbahce,1361,Ferdi Kadıoğlu,90,7,D,7.3,False,False,0,0,0,0,0,0,0,82,2,75,1,0,1,12,6,4,2,1,1,2,0,0,0,0,0,0,0
2023,1074607,611,Fenerbahce,214463,İsmail Yüksek,90,80,M,7.3,False,False,0,1,0,0,0,0,0,88,0,80,4,0,1,15,9,1,1,1,0,3,0,0,0,0,0,0,0
2023,1074607,611,Fenerbahce,1756,Ryan Kent,85,11,M,7.3,False,False,0,1,0,0,0,0,0,40,1,38,2,0,0,13,8,6,4,0,2,0,0,0,0,0,0,0,0
2023,1074607,611,Fenerbahce,40403,Sebastian Szymański,68,53,M,7.9,False,False,0,2,1,0,0,1,0,24,1,20,5,0,0,12,7,1,0,1,2,1,0,0,0,0,0,0,0
2023,1074607,611,Fenerbahce,50097,Mert Hakan Yandaş,45,8,M,6.7,False,False,0,1,0,0,0,0,0,41,0,35,0,0,0,4,1,2,0,0,0,0,0,0,0,0,0,0,0
2023,1074607,611,Fenerbahce,554,Dušan Tadić,90,10,M,7.3,False,False,0,2,2,0,0,1,0,51,8,42,0,0,0,3,1,1,1,1,0,0,0,0,0,0,0,1,0
2023,1074607,611,Fenerbahce,790,Edin Džeko,90,9,F,8.9,True,False,1,6,2,2,0,0,0,29,0,22,5,0,0,12,7,0,0,2,0,1,0,0,0,0,0,0,0
2023,1074607,611,Fenerbahce,272721,Jayden Oosterwolde,56,24,D,7,False,True,0,1,0,0,0,0,0,34,2,32,0,0,0,5,2,2,1,0,1,2,0,0,0,0,0,0,0
2023,1074607,611,Fenerbahce,1369,Miha Zajc,45,26,M,6.9,False,True,0,1,0,0,0,0,0,37,1,33,0,0,0,4,1,0,0,1,1,1,0,0,0,0,0,0,0
2023,1074607,611,Fenerbahce,62490,Samet Akaydin,22,3,D,6.7,False,True,0,0,0,0,0,0,0,15,0,15,0,0,0,1,0,0,0,0,0,1,0,0,0,0,0,0,0
2023,1074607,611,Fenerbahce,2927,Michy Batshuayi,22,23,F,6.3,False,True,1,0,0,0,0,0,0,10,0,7,0,0,0,1,0,0,0,0,0,0,0,0,0,0,0,0,0
2023,1074607,611,Fenerbahce,49857,İrfan Can Kahveci,13,17,M,6.9,False,True,0,0,0,0,0,0,0,6,0,6,0,0,0,2,2,0,0,0,2,0,0,0,0,0,0,0,0
2023,1074607,611,Fenerbahce,62137,İrfan Can Eğribayat,0,70,G,,False,True,0,0,0,0,0,0,0,0,0,,0,0,0,0,0,0,0,0,0,0,0,0,0,0,0,0,0
2023,1074607,611,Fenerbahce,1719,Mert Müldür,0,16,D,,False,True,0,0,0,0,0,0,0,0,0,,0,0,0,0,0,0,0,0,0,0,0,0,0,0,0,0,0
2023,1074607,611,Fenerbahce,162004,Bartuğ Elmaz,0,28,M,,False,True,0,0,0,0,0,0,0,0,0,,0,0,0,0,0,0,0,0,0,0,0,0,0,0,0,0,0
2023,1074607,611,Fenerbahce,18881,Joshua King,0,15,F,,False,True,0,0,0,0,0,0,0,0,0,,0,0,0,0,0,0,0,0,0,0,0,0,0,0,0,0,0
2023,1074607,611,Fenerbahce,50246,Mehmet Umut Nayir,0,22,F,,False,True,0,0,0,0,0,0,0,0,0,,0,0,0,0,0,0,0,0,0,0,0,0,0,0,0,0,0
2023,1074607,3573,Gazişehir Gaziantep,430,Batuhan Ahmet Şen,90,19,G,6.7,False,False,0,0,0,0,2,0,2,31,0,9,0,0,0,0,0,0,0,0,0,0,0,0,0,0,0,0,1
2023,1074607,3573,Gazişehir Gaziantep,21008,Salem M'Bakata,90,22,D,7.3,False,False,0,0,0,0,0,0,0,21,0,16,3,1,3,6,3,1,0,0,0,0,0,0,0,0,0,0,0
2023,1074607,3573,Gazişehir Gaziantep,63284,Arda Kızıldağ,90,4,D,6.9,False,False,0,1,1,1,0,0,0,28,0,22,1,0,0,3,1,0,0,0,0,1,0,0,0,0,0,0,0
2023,1074607,3573,Gazişehir Gaziantep,21487,Papy Djilobodji,90,3,D,6.3,True,False,0,0,0,0,0,0,0,31,0,19,0,1,4,4,1,0,0,0,0,2,0,0,0,0,0,0,0
2023,1074607,3573,Gazişehir Gaziantep,4563,Naoufel Khacef,90,24,D,6.7,False,False,0,0,0,0,0,0,0,21,0,18,1,0,4,7,4,0,0,1,1,2,0,0,0,0,0,0,0
2023,1074607,3573,Gazişehir Gaziantep,50008,Marko Jevtović,90,8,M,6.7,False,False,0,0,0,0,0,0,0,30,0,23,1,2,1,6,2,0,0,1,1,1,0,0,0,0,0,0,0
2023,1074607,3573,Gazişehir Gaziantep,50239,Furkan Soyalp,82,5,M,6.3,False,False,0,1,0,0,0,1,0,18,1,14,4,0,3,15,5,1,0,2,1,1,1,0,0,0,0,0,0
2023,1074607,3573,Gazişehir Gaziantep,62323,Mustafa Eskihellaç,89,11,M,7,False,False,0,1,0,0,0,0,0,18,0,15,2,0,2,17,11,7,4,0,5,0,1,0,0,0,0,0,0
2023,1074607,3573,Gazişehir Gaziantep,25921,Alexandru Maxim,23,44,M,3.3,False,False,0,0,0,0,0,0,0,6,1,6,0,0,0,5,1,2,0,0,1,1,2,1,0,0,0,0,0
2023,1074607,3573,Gazişehir Gaziantep,3244,Max Gradel,75,10,M,6.5,False,False,0,1,0,0,0,0,0,14,2,7,2,1,0,10,4,3,0,1,1,2,1,0,0,1,0,0,0
2023,1074607,3573,Gazişehir Gaziantep,19028,Lazar Marković,82,50,F,6.3,False,False,0,0,0,0,0,0,0,17,0,13,2,0,0,8,3,2,0,1,1,0,1,0,0,0,0,0,0
2023,1074607,3573,Gazişehir Gaziantep,41481,Brayan Riascos,15,94,F,6.5,False,True,0,0,0,0,0,0,0,6,0,3,0,0,0,4,0,0,0,1,0,0,0,0,0,0,0,0,0
2023,1074607,3573,Gazişehir Gaziantep,163188,Mirza Cihan,8,26,M,7.2,False,True,0,0,0,0,0,0,0,2,0,2,2,0,0,6,5,2,2,1,1,0,0,0,0,0,0,0,0
2023,1074607,3573,Gazişehir Gaziantep,201039,Luka Stankovski,8,80,M,6.2,False,True,0,0,0,0,0,0,0,5,0,4,0,0,0,5,0,0,0,1,0,2,0,0,0,0,0,0,0
2023,1074607,3573,Gazişehir Gaziantep,271918,Valmir Veliu,1,7,F,,False,True,0,0,0,0,0,0,0,2,0,1,0,0,0,2,2,1,1,0,1,0,0,0,0,0,0,0,0
2023,1074607,3573,Gazişehir Gaziantep,61949,Mustafa Burak Bozan,0,1,G,,False,True,0,0,0,0,0,0,0,0,0,,0,0,0,0,0,0,0,0,0,0,0,0,0,0,0,0,0
2023,1074607,3573,Gazişehir Gaziantep,137255,Ömürcan Artan,0,27,D,,False,True,0,0,0,0,0,0,0,0,0,,0,0,0,0,0,0,0,0,0,0,0,0,0,0,0,0,0
2023,1074607,3573,Gazişehir Gaziantep,280040,Berkan Kupelikilinc,0,2,D,,False,True,0,0,0,0,0,0,0,0,0,,0,0,0,0,0,0,0,0,0,0,0,0,0,0,0,0,0
2023,1074607,3573,Gazişehir Gaziantep,62079,Ulaş Zengin,0,35,D,,False,True,0,0,0,0,0,0,0,0,0,,0,0,0,0,0,0,0,0,0,0,0,0,0,0,0,0,0
2023,1074607,3573,Gazişehir Gaziantep,432060,Onur Basyigit,0,90,D,,False,True,0,0,0,0,0,0,0,0,0,,0,0,0,0,0,0,0,0,0,0,0,0,0,0,0,0,0
2023,1074607,3573,Gazişehir Gaziantep,314360,Bahadir Golgeli,0,91,M,,False,True,0,0,0,0,0,0,0,0,0,,0,0,0,0,0,0,0,0,0,0,0,0,0,0,0,0,0
2023,1074777,611,Fenerbahce,1305,Dominik Livaković,90,40,G,6.7,False,False,0,0,0,0,0,0,1,26,0,15,0,0,0,0,0,0,0,0,0,0,0,0,0,0,0,0,0
2023,1074777,611,Fenerbahce,19588,Bright Osayi-Samuel,90,21,D,7.2,False,False,0,0,0,0,0,0,0,21,0,21,1,0,3,8,5,0,0,1,2,2,1,0,0,0,0,0,0
2023,1074777,611,Fenerbahce,21633,Alexander Djiku,90,6,D,7.2,False,False,0,0,0,0,0,0,0,29,0,18,1,0,4,8,5,0,0,0,1,2,0,0,0,0,0,0,0
2023,1074777,611,Fenerbahce,272721,Jayden Oosterwolde,90,24,D,6.9,False,False,0,0,0,0,0,0,0,34,0,20,2,0,0,5,4,0,0,0,0,1,0,0,0,0,0,0,0
2023,1074777,611,Fenerbahce,1361,Ferdi Kadıoğlu,90,7,D,7.3,False,False,0,0,0,0,0,0,0,22,0,16,3,0,1,17,12,1,1,0,7,1,0,0,0,0,0,0,0
2023,1074777,611,Fenerbahce,41973,Miguel Crespo,90,27,M,7.5,False,False,0,1,0,0,0,0,0,37,1,25,3,0,4,14,9,2,1,3,3,0,0,0,0,0,0,0,0
2023,1074777,611,Fenerbahce,49857,İrfan Can Kahveci,90,17,M,6.9,False,False,0,0,0,0,0,0,0,26,1,18,2,0,2,15,6,2,1,0,3,7,1,0,0,0,0,0,0
2023,1074777,611,Fenerbahce,785,Cengiz Ünder,45,20,M,6.6,False,False,1,0,0,0,0,0,0,9,0,7,1,0,0,7,3,2,0,1,1,0,0,0,0,0,0,0,0
2023,1074777,611,Fenerbahce,40403,Sebastian Szymański,90,53,M,6.9,False,False,0,1,0,0,0,0,0,20,0,14,1,0,0,5,1,0,0,0,0,3,0,0,0,0,0,0,0
2023,1074777,611,Fenerbahce,554,Dušan Tadić,69,10,M,6.6,False,False,0,0,0,0,0,0,0,9,0,4,1,0,0,6,3,2,2,0,0,0,0,0,0,0,0,0,0
2023,1074777,611,Fenerbahce,790,Edin Džeko,89,9,F,7.3,True,False,0,2,0,0,0,0,0,26,0,16,0,0,0,19,11,2,1,0,6,2,0,0,0,0,0,0,0
2023,1074777,611,Fenerbahce,214463,İsmail Yüksek,45,5,M,7.3,False,True,0,0,0,0,0,0,0,18,2,14,1,0,1,10,6,1,1,0,0,1,0,0,0,0,0,0,0
2023,1074777,611,Fenerbahce,18881,Joshua King,21,15,F,6.9,False,True,0,1,0,0,0,0,0,5,0,4,0,0,0,4,4,0,0,0,3,0,1,0,0,0,0,0,0
2023,1074777,611,Fenerbahce,2927,Michy Batshuayi,1,23,F,,False,True,0,0,0,0,0,0,0,0,0,,0,0,0,0,0,0,0,0,0,0,0,0,0,0,0,0,0
2023,1074777,611,Fenerbahce,62137,İrfan Can Eğribayat,0,70,G,,False,True,0,0,0,0,0,0,0,0,0,,0,0,0,0,0,0,0,0,0,0,0,0,0,0,0,0,0
2023,1074777,611,Fenerbahce,1719,Mert Müldür,0,16,D,,False,True,0,0,0,0,0,0,0,0,0,,0,0,0,0,0,0,0,0,0,0,0,0,0,0,0,0,0
2023,1074777,611,Fenerbahce,62490,Samet Akaydin,0,3,D,,False,True,0,0,0,0,0,0,0,0,0,,0,0,0,0,0,0,0,0,0,0,0,0,0,0,0,0,0
2023,1074777,611,Fenerbahce,162004,Bartuğ Elmaz,0,28,M,,False,True,0,0,0,0,0,0,0,0,0,,0,0,0,0,0,0,0,0,0,0,0,0,0,0,0,0,0
2023,1074777,611,Fenerbahce,1756,Ryan Kent,0,11,F,,False,True,0,0,0,0,0,0,0,0,0,,0,0,0,0,0,0,0,0,0,0,0,0,0,0,0,0,0
2023,1074777,611,Fenerbahce,47446,Emre Mor,0,99,M,,False,True,0,0,0,0,0,0,0,0,0,,0,0,0,0,0,0,0,0,0,0,0,0,0,0,0,0,0
2023,1074777,611,Fenerbahce,50246,Mehmet Umut Nayir,0,22,F,,False,True,0,0,0,0,0,0,0,0,0,,0,0,0,0,0,0,0,0,0,0,0,0,0,0,0,0,0
2023,1074777,645,Galatasaray,429,Fernando Muslera,90,1,G,7.3,True,False,0,0,0,0,0,0,0,45,0,32,0,0,0,2,2,0,0,0,1,0,0,0,0,0,0,0,0
2023,1074777,645,Galatasaray,2195,Sacha Boey,90,93,D,6.3,False,False,0,0,0,0,0,0,0,36,0,29,1,0,0,8,1,1,0,2,0,4,1,0,0,0,0,0,0
2023,1074777,645,Galatasaray,15912,Victor Nelsson,90,25,D,6.9,False,False,0,1,0,0,0,0,0,51,0,35,1,0,1,14,6,0,0,0,0,4,0,0,0,0,0,0,0
2023,1074777,645,Galatasaray,61837,Abdülkerim Bardakcı,90,42,D,6.9,False,False,0,0,0,0,0,0,0,42,0,29,0,0,3,6,1,0,0,1,1,3,0,0,0,0,0,0,0
2023,1074777,645,Galatasaray,63274,Barış Alper Yılmaz,90,53,D,6.9,False,False,0,0,0,0,0,0,0,17,0,11,3,0,0,21,10,5,3,1,3,2,0,0,0,0,0,0,0
2023,1074777,645,Galatasaray,717,Kerem Demirbay,89,8,M,7,False,False,0,3,0,0,0,0,0,41,0,30,2,0,0,9,6,0,0,0,2,2,0,0,0,0,0,0,0
2023,1074777,645,Galatasaray,1462,Lucas Torreira,86,34,M,6.9,False,False,0,0,0,0,0,0,0,30,0,21,2,0,2,11,5,0,0,1,2,2,1,0,0,0,0,0,0
2023,1074777,645,Galatasaray,548,Hakim Ziyech,86,22,M,7,False,False,1,1,1,0,0,0,0,21,3,18,3,0,1,16,6,3,0,2,2,5,1,0,0,0,0,0,0
2023,1074777,645,Galatasaray,332,Dries Mertens,67,10,M,6.7,False,False,0,1,0,0,0,0,0,13,0,9,0,0,1,6,1,1,0,0,1,1,0,0,0,0,0,0,0
2023,1074777,645,Galatasaray,142959,Kerem Aktürkoğlu,89,7,M,7.2,False,False,0,0,0,0,0,0,0,18,3,9,0,0,0,9,4,2,2,0,2,1,1,0,0,0,0,0,0
2023,1074777,645,Galatasaray,216,Mauro Icardi,90,9,F,6.6,False,False,0,1,0,0,0,0,0,8,0,5,0,0,0,6,3,0,0,0,1,0,0,0,0,0,0,0,0
2023,1074777,645,Galatasaray,3247,Wilfried Zaha,23,14,F,6.7,False,True,0,0,0,0,0,0,0,3,0,3,0,0,0,4,2,0,0,0,2,1,0,0,0,0,0,0,0
2023,1074777,645,Galatasaray,25448,Kaan Ayhan,11,23,D,6.7,False,True,0,0,0,0,0,0,0,8,0,7,0,0,0,1,1,0,0,0,1,0,0,0,0,0,0,0,0
2023,1074777,645,Galatasaray,3033,Cédric Bakambu,11,94,F,6.6,False,True,0,1,0,0,0,0,0,1,0,1,0,0,0,2,1,0,0,0,0,0,0,0,0,0,0,0,0
2023,1074777,645,Galatasaray,662,Tanguy Ndombélé,1,91,M,,False,True,0,0,0,0,0,0,0,4,0,3,0,0,0,1,0,0,0,0,0,0,0,0,0,0,0,0,0
2023,1074777,645,Galatasaray,37440,Halil Dervişoğlu,1,21,F,,False,True,0,0,0,0,0,0,0,1,0,1,0,0,0,2,0,0,0,0,0,1,0,0,0,0,0,0,0
2023,1074777,645,Galatasaray,61950,Günay Güvenç,0,19,G,,False,True,0,0,0,0,0,0,0,0,0,,0,0,0,0,0,0,0,0,0,0,0,0,0,0,0,0,0
2023,1074777,645,Galatasaray,145057,Kâzımcan Karataş,0,88,D,,False,True,0,0,0,0,0,0,0,0,0,,0,0,0,0,0,0,0,0,0,0,0,0,0,0,0,0,0
2023,1074777,645,Galatasaray,339951,Ali Turap Bülbül,0,72,D,,False,True,0,0,0,0,0,0,0,0,0,,0,0,0,0,0,0,0,0,0,0,0,0,0,0,0,0,0
2023,1074777,645,Galatasaray,322506,Eyüp Aydın,0,5,M,,False,True,0,0,0,0,0,0,0,0,0,,0,0,0,0,0,0,0,0,0,0,0,0,0,0,0,0,0
2023,1074777,645,Galatasaray,691,Tetê,0,20,F,,False,True,0,0,0,0,0,0,0,0,0,,0,0,0,0,0,0,0,0,0,0,0,0,0,0,0,0,0
2023,1074877,3575,Hatayspor,61925,Erce Kardeşler,90,1,G,7,True,False,0,0,0,0,2,0,3,38,0,24,0,0,0,0,0,0,0,0,0,0,0,0,0,0,0,0,0
2023,1074877,3575,Hatayspor,61927,Kerim Alıcı,45,22,D,6.2,False,False,0,0,0,0,0,0,0,18,0,11,2,0,0,3,2,0,0,0,0,0,0,0,0,0,0,0,0
2023,1074877,3575,Hatayspor,320,Nikola Maksimović,90,19,D,6.3,False,False,0,0,0,0,0,0,0,41,0,37,1,1,2,3,1,0,0,0,0,0,0,0,0,0,0,0,0
2023,1074877,3575,Hatayspor,63030,Recep Burak Yılmaz,90,15,D,7.2,False,False,0,0,0,0,0,0,0,35,0,28,0,3,2,3,1,0,0,0,0,1,0,0,0,0,0,0,0
2023,1074877,3575,Hatayspor,316,Faouzi Ghoulam,61,13,D,6.7,False,False,0,0,0,0,0,0,0,20,0,16,1,1,0,2,2,0,0,0,1,0,0,0,0,0,0,0,0
2023,1074877,3575,Hatayspor,291531,Chandrel Massanga,90,4,M,7.2,False,False,0,1,0,0,0,0,0,49,2,43,2,0,0,14,10,0,0,0,2,3,1,0,0,0,0,0,0
2023,1074877,3575,Hatayspor,87309,Mehdi Boudjemaa,70,8,M,6.7,False,False,0,1,0,0,0,0,0,26,0,20,0,0,1,5,2,0,0,0,0,0,0,0,0,0,0,0,0
2023,1074877,3575,Hatayspor,144740,Oluwafisayo Dele-Bashiru,61,17,M,6.5,False,False,0,0,0,0,0,0,0,18,0,16,0,0,0,3,1,1,1,0,0,1,0,0,0,0,0,0,0
2023,1074877,3575,Hatayspor,41953,Rui Pedro,90,14,M,7,False,False,0,0,0,0,0,0,0,36,4,30,0,0,1,5,2,1,1,0,1,1,0,0,0,0,0,0,0
2023,1074877,3575,Hatayspor,31280,Rigoberto Rivas,90,99,M,7.2,False,False,1,0,0,0,0,0,0,29,1,23,5,0,2,10,9,0,0,0,1,1,0,0,0,0,0,0,0
2023,1074877,3575,Hatayspor,37440,Halil Dervişoğlu,79,11,F,7,False,False,0,2,1,0,0,0,0,18,0,14,2,0,1,20,8,2,1,1,2,4,0,0,0,0,0,0,0
2023,1074877,3575,Hatayspor,48312,Carlos Strandberg,45,10,F,6.9,False,True,0,2,0,0,0,0,0,9,1,6,1,0,0,8,4,3,0,0,2,1,0,0,0,0,0,0,0
2023,1074877,3575,Hatayspor,62195,Cemali Sertel,29,88,D,6.6,False,True,0,0,0,0,0,0,0,14,1,13,0,0,1,2,0,1,0,0,0,0,0,0,0,0,0,0,0
2023,1074877,3575,Hatayspor,49979,Doğukan Sinik,29,70,F,6.3,False,True,0,1,0,0,0,0,0,10,0,9,0,0,0,8,3,2,1,0,2,2,0,0,0,0,0,0,0
2023,1074877,3575,Hatayspor,207236,Ömer Faruk Beyaz,20,7,M,6.2,False,True,0,0,0,0,0,0,0,12,0,9,0,0,0,4,1,3,1,1,0,0,0,0,0,0,0,0,0
2023,1074877,3575,Hatayspor,41625,Renat Dadaşov,11,9,F,6.3,False,True,0,0,0,0,0,0,0,2,0,2,0,0,0,0,0,0,0,0,0,0,0,0,0,0,0,0,0
2023,1074877,3575,Hatayspor,55867,Visar Bekaj,0,12,G,,False,True,0,0,0,0,0,0,0,0,0,,0,0,0,0,0,0,0,0,0,0,0,0,0,0,0,0,0
2023,1074877,3575,Hatayspor,194850,Cengiz Demir,0,27,D,,False,True,0,0,0,0,0,0,0,0,0,,0,0,0,0,0,0,0,0,0,0,0,0,0,0,0,0,0
2023,1074877,3575,Hatayspor,49885,Abdulkadir Parmak,0,6,M,,False,True,0,0,0,0,0,0,0,0,0,,0,0,0,0,0,0,0,0,0,0,0,0,0,0,0,0,0
2023,1074877,3575,Hatayspor,25076,Görkem Sağlam,0,5,M,,False,True,0,0,0,0,0,0,0,0,0,,0,0,0,0,0,0,0,0,0,0,0,0,0,0,0,0,0
2023,1074877,3575,Hatayspor,264118,Joelson Fernandes,0,77,F,,False,True,0,0,0,0,0,0,0,0,0,,0,0,0,0,0,0,0,0,0,0,0,0,0,0,0,0,0
2023,1074877,611,Fenerbahce,1305,Dominik Livaković,90,40,G,7,False,False,0,0,0,0,0,0,1,30,0,19,0,0,0,0,0,0,0,0,0,0,0,0,0,0,0,0,0
2023,1074877,611,Fenerbahce,19588,Bright Osayi-Samuel,66,21,D,7,False,False,0,1,1,1,0,0,0,27,0,23,0,0,0,6,1,0,0,0,1,1,1,0,0,0,0,0,0
2023,1074877,611,Fenerbahce,829,Rodrigo Becão,82,50,D,6.7,False,False,0,0,0,0,0,0,0,41,0,34,0,0,1,8,6,0,0,0,2,1,1,0,0,0,0,0,0
2023,1074877,611,Fenerbahce,18776,Çağlar Söyüncü,90,2,D,7.3,False,False,0,0,0,0,0,0,0,40,0,34,0,0,0,12,7,0,0,1,1,2,1,0,0,0,0,0,0
2023,1074877,611,Fenerbahce,1361,Ferdi Kadıoğlu,88,7,D,7.7,False,False,0,1,1,0,0,0,0,37,2,31,4,1,0,13,6,1,0,1,2,2,0,0,0,0,0,0,0
2023,1074877,611,Fenerbahce,214463,İsmail Yüksek,90,5,M,7,False,False,0,0,0,0,0,0,0,41,1,32,3,1,0,11,7,2,2,2,2,3,1,0,0,0,0,0,0
2023,1074877,611,Fenerbahce,50097,Mert Hakan Yandaş,83,8,M,7.5,False,False,0,1,0,0,0,0,0,42,2,39,2,0,0,8,4,0,0,0,2,0,0,0,0,0,0,0,0
2023,1074877,611,Fenerbahce,785,Cengiz Ünder,66,20,M,7.5,False,False,0,1,1,1,0,0,0,20,3,14,1,0,0,4,1,0,0,0,0,1,0,0,0,0,0,0,0
2023,1074877,611,Fenerbahce,40403,Sebastian Szymański,90,53,M,6.6,False,False,1,4,2,0,0,0,0,23,0,18,2,0,0,5,3,0,0,1,1,0,0,0,0,0,0,0,0
2023,1074877,611,Fenerbahce,554,Dušan Tadić,90,10,M,6.7,False,False,0,0,0,0,0,1,0,34,2,22,0,0,0,6,1,1,0,0,1,1,0,0,0,0,0,0,0
2023,1074877,611,Fenerbahce,790,Edin Džeko,90,9,F,7.2,True,False,1,2,1,0,0,1,0,33,2,21,0,0,0,10,4,1,0,0,1,0,0,0,0,0,0,0,0
2023,1074877,611,Fenerbahce,272721,Jayden Oosterwolde,24,24,D,6.3,False,True,0,0,0,0,0,0,0,2,0,1,1,0,0,2,1,0,0,0,0,1,1,0,0,0,0,0,0
2023,1074877,611,Fenerbahce,905,Fred,24,35,M,6.6,False,True,0,0,0,0,0,0,0,9,0,8,2,0,0,3,2,0,0,0,0,1,0,0,0,0,0,0,0
2023,1074877,611,Fenerbahce,853,Leonardo Bonucci,8,19,D,6.9,False,True,0,0,0,0,0,0,0,5,0,4,0,1,0,0,0,0,0,0,0,0,0,0,0,0,0,0,0
2023,1074877,611,Fenerbahce,31054,Rade Krunić,12,33,M,6.7,False,True,0,0,0,0,0,0,0,3,0,3,0,0,0,1,1,0,0,0,1,0,0,0,0,0,0,0,0
2023,1074877,611,Fenerbahce,1719,Mert Müldür,2,16,D,,False,True,0,0,0,0,0,0,0,4,0,3,0,0,0,1,0,0,0,0,0,1,0,0,0,0,0,0,0
2023,1074877,611,Fenerbahce,62137,İrfan Can Eğribayat,0,70,G,,False,True,0,0,0,0,0,0,0,0,0,,0,0,0,0,0,0,0,0,0,0,0,0,0,0,0,0,0
2023,1074877,611,Fenerbahce,412674,Ahmet Aydin,0,29,D,,False,True,0,0,0,0,0,0,0,0,0,,0,0,0,0,0,0,0,0,0,0,0,0,0,0,0,0,0
2023,1074877,611,Fenerbahce,1369,Miha Zajc,0,26,M,,False,True,0,0,0,0,0,0,0,0,0,,0,0,0,0,0,0,0,0,0,0,0,0,0,0,0,0,0
2023,1074877,611,Fenerbahce,2927,Michy Batshuayi,0,23,F,,False,True,0,0,0,0,0,0,0,0,0,,0,0,0,0,0,0,0,0,0,0,0,0,0,0,0,0,0
2023,1074877,611,Fenerbahce,25053,Serdar Dursun,0,91,F,,False,True,0,0,0,0,0,0,0,0,0,,0,0,0,0,0,0,0,0,0,0,0,0,0,0,0,0,0
2023,1074714,3563,Adana Demirspor,49894,Ertaç Özbir,90,25,G,9.3,False,False,0,0,0,0,0,0,9,38,0,31,0,0,0,1,1,0,0,0,0,0,0,0,0,0,0,0,0
2023,1074714,3563,Adana Demirspor,36889,Jonas Svensson,90,22,D,7.2,False,False,0,0,0,0,0,0,0,57,0,53,1,0,1,5,3,0,0,0,2,0,0,0,0,0,0,0,0
2023,1074714,3563,Adana Demirspor,61987,Semih Güler,90,4,D,7.3,True,False,0,0,0,0,0,0,0,83,0,69,2,2,1,6,4,0,0,0,1,1,0,0,0,0,0,0,0
2023,1074714,3563,Adana Demirspor,31483,Andreaw Gravillon,66,5,D,7.2,False,False,0,1,0,0,0,0,0,64,0,56,1,0,0,4,2,1,1,0,0,1,0,0,0,0,0,0,0
2023,1074714,3563,Adana Demirspor,47304,Kévin Rodrigues,90,77,D,6.9,False,False,0,0,0,0,0,0,0,60,0,45,2,0,1,9,4,1,0,0,2,2,1,0,0,0,0,0,0
2023,1074714,3563,Adana Demirspor,443,Emre Akbaba,90,8,M,6.9,False,False,0,0,0,0,0,0,0,42,0,33,1,0,2,11,7,2,1,1,3,1,0,0,0,0,0,0,0
2023,1074714,3563,Adana Demirspor,451,Badou Ndiaye,90,17,M,7.3,False,False,0,1,0,0,0,0,0,45,0,39,5,2,2,18,12,1,1,0,5,1,0,0,0,0,0,0,0
2023,1074714,3563,Adana Demirspor,1921,Yusuf Sarı,90,7,M,6.9,False,False,0,1,0,0,0,0,0,20,1,17,1,0,0,8,4,3,2,0,1,0,0,0,0,0,0,0,0
2023,1074714,3563,Adana Demirspor,445,Younès Belhanda,90,10,M,6.7,False,False,0,1,0,0,0,0,0,37,1,29,1,0,1,12,3,0,0,0,1,2,1,0,0,0,0,0,0
2023,1074714,3563,Adana Demirspor,50234,Yusuf Erdoğan,84,32,M,6.3,False,False,1,0,0,0,0,0,0,13,0,8,0,0,0,8,1,3,1,1,0,1,0,0,0,0,0,0,0
2023,1074714,3563,Adana Demirspor,2216,M'Baye Niang,66,9,F,6.3,False,False,0,0,0,0,0,0,0,2,0,2,0,0,0,6,2,0,0,0,1,2,0,0,0,0,0,0,0
2023,1074714,3563,Adana Demirspor,407,Benjamin Stambouli,24,90,M,6.7,False,True,0,0,0,0,0,0,0,20,0,17,0,0,0,1,0,0,0,1,0,0,0,0,0,0,0,0,0
2023,1074714,3563,Adana Demirspor,1917,Mario Balotelli,24,99,F,6.7,False,True,0,0,0,0,0,0,0,3,0,2,1,0,0,4,2,1,1,0,0,1,1,0,0,0,0,0,0
2023,1074714,3563,Adana Demirspor,50940,Nani,14,30,F,6.3,False,True,0,0,0,0,0,0,0,1,0,1,0,0,0,0,0,0,0,0,0,0,0,0,0,0,0,0,0
2023,1074714,3563,Adana Demirspor,1532,Şahrudin Mahammadaliyev,0,71,G,,False,True,0,0,0,0,0,0,0,0,0,,0,0,0,0,0,0,0,0,0,0,0,0,0,0,0,0,0
2023,1074714,3563,Adana Demirspor,1592,Pape Abou Cissé,0,66,D,,False,True,0,0,0,0,0,0,0,0,0,,0,0,0,0,0,0,0,0,0,0,0,0,0,0,0,0,0
2023,1074714,3563,Adana Demirspor,282773,Izzet Celik,0,16,M,,False,True,0,0,0,0,0,0,0,0,0,,0,0,0,0,0,0,0,0,0,0,0,0,0,0,0,0,0
2023,1074714,3563,Adana Demirspor,268572,Édouard Michut,0,20,M,,False,True,0,0,0,0,0,0,0,0,0,,0,0,0,0,0,0,0,0,0,0,0,0,0,0,0,0,0
2023,1074714,3563,Adana Demirspor,62384,Tayfun Aydoğan,0,6,M,,False,True,0,0,0,0,0,0,0,0,0,,0,0,0,0,0,0,0,0,0,0,0,0,0,0,0,0,0
2023,1074714,3563,Adana Demirspor,1985,Dorukhan Toköz,0,26,M,,False,True,0,0,0,0,0,0,0,0,0,,0,0,0,0,0,0,0,0,0,0,0,0,0,0,0,0,0
2023,1074714,3563,Adana Demirspor,36906,Yusuf Barasi,0,56,F,,False,True,0,0,0,0,0,0,0,0,0,,0,0,0,0,0,0,0,0,0,0,0,0,0,0,0,0,0
2023,1074714,611,Fenerbahce,1305,Dominik Livaković,90,40,G,6.9,False,False,0,0,0,0,0,0,0,20,0,13,0,0,0,0,0,0,0,0,0,0,0,0,0,0,0,0,0
2023,1074714,611,Fenerbahce,19588,Bright Osayi-Samuel,75,21,D,6.9,False,False,0,1,0,0,0,0,0,24,0,18,0,0,1,4,2,0,0,0,1,1,1,0,0,0,0,0,0
2023,1074714,611,Fenerbahce,62490,Samet Akaydin,90,3,D,7.3,False,False,0,0,0,0,0,0,0,51,0,39,1,0,1,4,3,0,0,0,0,0,0,0,0,0,0,0,0
2023,1074714,611,Fenerbahce,272721,Jayden Oosterwolde,90,24,D,6.6,False,False,0,0,0,0,0,0,0,30,0,22,0,0,0,8,3,0,0,0,1,3,1,0,0,0,0,0,0
2023,1074714,611,Fenerbahce,1361,Ferdi Kadıoğlu,90,7,D,7.3,False,False,0,1,0,0,0,0,0,39,3,32,4,0,1,6,4,1,0,0,0,1,0,0,0,0,0,0,0
2023,1074714,611,Fenerbahce,41973,Miguel Crespo,90,27,M,7.3,False,False,0,0,0,0,0,0,0,38,1,32,4,0,8,16,10,1,0,3,3,1,1,0,0,0,0,0,0
2023,1074714,611,Fenerbahce,1369,Miha Zajc,84,26,M,7.2,False,False,0,1,0,0,0,0,0,37,2,29,3,0,0,8,4,0,0,1,0,1,0,0,0,0,0,0,0
2023,1074714,611,Fenerbahce,49857,İrfan Can Kahveci,75,17,M,7.2,False,False,0,1,1,0,0,0,0,32,3,23,0,0,0,8,4,0,0,0,1,3,0,0,0,0,0,0,0
2023,1074714,611,Fenerbahce,40403,Sebastian Szymański,90,53,M,6.7,False,False,0,2,2,0,0,0,0,18,1,15,2,0,0,15,5,5,0,1,2,1,0,0,0,0,0,0,0
2023,1074714,611,Fenerbahce,554,Dušan Tadić,89,10,M,7.2,False,False,1,1,1,0,0,0,0,30,3,24,1,0,0,7,3,1,1,1,0,3,0,0,0,0,0,0,0
2023,1074714,611,Fenerbahce,790,Edin Džeko,84,9,F,7.3,True,False,0,6,4,0,0,0,0,27,1,22,1,0,0,10,6,3,2,0,1,1,0,0,0,0,0,0,0
2023,1074714,611,Fenerbahce,1719,Mert Müldür,15,16,D,6.7,False,True,0,0,0,0,0,0,0,3,0,2,0,0,3,2,1,0,0,1,1,0,0,0,0,0,0,0,0
2023,1074714,611,Fenerbahce,785,Cengiz Ünder,15,20,F,6.9,False,True,0,1,0,0,0,0,0,7,0,5,0,0,0,1,1,0,0,0,1,0,0,0,0,0,0,0,0
2023,1074714,611,Fenerbahce,162004,Bartuğ Elmaz,14,28,M,6.7,False,True,0,0,0,0,0,0,0,7,0,5,0,0,0,3,2,0,0,0,0,1,0,0,0,0,0,0,0
2023,1074714,611,Fenerbahce,2927,Michy Batshuayi,14,23,F,6.5,False,True,1,0,0,0,0,0,0,4,0,3,0,0,0,1,0,1,0,0,0,0,0,0,0,0,0,0,0
2023,1074714,611,Fenerbahce,1756,Ryan Kent,1,11,F,,False,True,0,0,0,0,0,0,0,1,0,1,0,0,0,0,0,0,0,0,0,0,0,0,0,0,0,0,0
2023,1074714,611,Fenerbahce,62137,İrfan Can Eğribayat,0,70,G,,False,True,0,0,0,0,0,0,0,0,0,,0,0,0,0,0,0,0,0,0,0,0,0,0,0,0,0,0
2023,1074714,611,Fenerbahce,412674,Ahmet Aydin,0,29,D,,False,True,0,0,0,0,0,0,0,0,0,,0,0,0,0,0,0,0,0,0,0,0,0,0,0,0,0,0
2023,1074714,611,Fenerbahce,412703,Yusuf Akcicek,0,95,D,,False,True,0,0,0,0,0,0,0,0,0,,0,0,0,0,0,0,0,0,0,0,0,0,0,0,0,0,0
2023,1074714,611,Fenerbahce,413015,Muhammet Imre,0,49,M,,False,True,0,0,0,0,0,0,0,0,0,,0,0,0,0,0,0,0,0,0,0,0,0,0,0,0,0,0
2023,1074714,611,Fenerbahce,50246,Mehmet Umut Nayir,0,22,F,,False,True,0,0,0,0,0,0,0,0,0,,0,0,0,0,0,0,0,0,0,0,0,0,0,0,0,0,0
2023,1074862,611,Fenerbahce,1305,Dominik Livaković,90,40,G,6.3,False,False,0,0,0,0,1,0,1,41,0,25,0,0,0,0,0,0,0,0,0,0,0,0,0,0,0,0,0
2023,1074862,611,Fenerbahce,1361,Ferdi Kadıoğlu,90,7,D,7.9,False,False,0,0,0,0,0,0,0,58,2,51,3,0,0,22,15,7,7,4,2,0,0,0,0,0,0,0,0
2023,1074862,611,Fenerbahce,18776,Çağlar Söyüncü,90,2,D,7.3,False,False,0,0,0,0,0,0,0,52,0,39,2,2,3,11,10,0,0,0,1,0,0,0,0,0,0,0,0
2023,1074862,611,Fenerbahce,21633,Alexander Djiku,90,6,D,7.3,False,False,0,2,0,0,0,0,0,67,0,56,2,0,3,9,5,0,0,0,0,2,1,0,0,0,0,0,0
2023,1074862,611,Fenerbahce,272721,Jayden Oosterwolde,90,24,D,7.2,False,False,1,1,0,0,0,0,0,39,1,29,5,0,2,19,12,6,3,0,4,1,0,0,0,0,0,0,0
2023,1074862,611,Fenerbahce,214463,İsmail Yüksek,90,5,M,6.9,False,False,0,0,0,0,0,0,0,52,2,37,1,1,1,16,10,0,0,1,1,1,1,0,0,0,0,0,0
2023,1074862,611,Fenerbahce,785,Cengiz Ünder,61,20,M,6.3,False,False,0,1,0,0,0,0,0,19,1,10,0,0,0,6,2,2,1,1,0,1,0,0,0,0,0,0,0
2023,1074862,611,Fenerbahce,50097,Mert Hakan Yandaş,89,8,M,7.7,False,False,0,4,2,1,0,0,0,41,0,31,0,0,0,11,5,2,0,0,4,2,0,0,0,0,0,0,0
2023,1074862,611,Fenerbahce,31054,Rade Krunić,60,33,M,6.7,False,False,0,0,0,0,0,0,0,18,0,14,2,0,0,13,8,1,0,1,2,1,0,0,0,0,0,0,0
2023,1074862,611,Fenerbahce,554,Dušan Tadić,90,10,M,7.9,False,False,0,1,0,0,0,0,0,42,4,33,1,0,0,13,6,3,1,0,4,1,0,0,0,0,0,0,0
2023,1074862,611,Fenerbahce,790,Edin Džeko,77,9,F,6.7,True,False,1,1,1,0,0,0,0,23,1,14,0,0,0,9,2,2,0,0,1,0,0,0,0,0,0,0,0
2023,1074862,611,Fenerbahce,40403,Sebastian Szymański,30,53,M,6.6,False,True,0,2,0,0,0,0,0,9,0,5,1,0,0,5,3,1,1,0,1,0,0,0,0,0,0,0,0
2023,1074862,611,Fenerbahce,25053,Serdar Dursun,29,91,F,6.7,False,True,0,1,0,0,0,0,0,8,0,6,0,0,0,3,1,0,0,0,1,1,0,0,0,0,0,0,0
2023,1074862,611,Fenerbahce,2927,Michy Batshuayi,13,23,F,6.5,False,True,0,3,2,1,0,0,0,3,0,3,0,0,0,3,1,1,1,0,0,0,0,0,0,0,0,1,0
2023,1074862,611,Fenerbahce,1369,Miha Zajc,8,26,M,6.6,False,True,0,0,0,0,0,0,0,0,0,,1,0,0,1,1,0,0,0,0,0,0,0,0,0,0,0,0
2023,1074862,611,Fenerbahce,62137,İrfan Can Eğribayat,0,70,G,,False,True,0,0,0,0,0,0,0,0,0,,0,0,0,0,0,0,0,0,0,0,0,0,0,0,0,0,0
2023,1074862,611,Fenerbahce,829,Rodrigo Becão,0,50,D,,False,True,0,0,0,0,0,0,0,0,0,,0,0,0,0,0,0,0,0,0,0,0,0,0,0,0,0,0
2023,1074862,611,Fenerbahce,1719,Mert Müldür,0,16,D,,False,True,0,0,0,0,0,0,0,0,0,,0,0,0,0,0,0,0,0,0,0,0,0,0,0,0,0,0
2023,1074862,611,Fenerbahce,853,Leonardo Bonucci,0,19,D,,False,True,0,0,0,0,0,0,0,0,0,,0,0,0,0,0,0,0,0,0,0,0,0,0,0,0,0,0
2023,1074862,611,Fenerbahce,1341,Serdar Aziz,0,4,D,,False,True,0,0,0,0,0,0,0,0,0,,0,0,0,0,0,0,0,0,0,0,0,0,0,0,0,0,0
2023,1074862,611,Fenerbahce,413019,Efekan Karayazi,0,92,M,,False,True,0,0,0,0,0,0,0,0,0,,0,0,0,0,0,0,0,0,0,0,0,0,0,0,0,0,0
2023,1074862,1004,Kasimpasa,63222,Ali Emre Yanar,90,25,G,7.5,False,False,0,0,0,0,2,0,4,32,0,10,0,0,1,2,1,0,0,1,1,0,0,0,0,0,0,0,1
2023,1074862,1004,Kasimpasa,10563,Cláudio Winck,90,2,D,6.3,False,False,0,2,0,0,0,0,0,23,0,14,4,0,1,22,8,1,0,3,1,7,0,0,0,0,0,0,0
2023,1074862,1004,Kasimpasa,2772,Kenneth Omeruo,90,4,D,6.9,True,False,0,1,1,0,0,0,0,24,1,13,1,0,2,5,4,0,0,0,0,0,0,0,0,0,0,0,0
2023,1074862,1004,Kasimpasa,2575,Jackson Porozo,90,23,D,7.2,False,False,0,1,1,1,0,0,0,21,0,12,1,0,2,11,6,1,1,1,0,3,0,0,0,0,0,0,0
2023,1074862,1004,Kasimpasa,376039,Yasin Özcan,78,58,D,6.5,False,False,0,0,0,0,0,0,0,10,0,2,1,0,0,9,4,1,1,2,1,0,0,0,0,0,0,0,0
2023,1074862,1004,Kasimpasa,50071,Loret Sadiku,78,26,M,6.9,False,False,0,0,0,0,0,0,0,26,1,18,3,0,2,14,5,0,0,1,0,0,0,0,0,0,0,0,0
2023,1074862,1004,Kasimpasa,8642,Mamadou Fall,86,7,M,6.3,False,False,1,0,0,0,0,0,0,14,2,10,2,0,1,13,5,2,0,0,2,2,1,0,0,0,0,0,0
2023,1074862,1004,Kasimpasa,50067,Haris Hajradinović,85,10,M,6.9,False,False,0,1,0,0,0,0,0,25,0,14,5,0,0,15,9,0,0,2,3,1,0,0,0,0,0,0,0
2023,1074862,1004,Kasimpasa,50235,Aytaç Kara,90,35,M,6.9,False,False,0,1,0,0,0,1,0,27,1,17,1,0,0,9,2,0,0,1,0,1,0,0,0,0,0,0,0
2023,1074862,1004,Kasimpasa,49469,Mortadha Ben Ouanes,90,12,M,6.5,False,False,1,0,0,0,0,0,0,26,2,12,2,0,0,17,7,2,1,0,0,2,1,0,0,0,0,0,0
2023,1074862,1004,Kasimpasa,22265,Nuno Da Costa,89,18,F,6.7,False,False,1,1,0,0,0,0,0,10,0,3,1,0,0,16,5,5,3,2,1,4,0,0,0,0,0,0,0
2023,1074862,1004,Kasimpasa,63118,Emre Gedik,12,16,D,5.3,False,True,0,0,0,0,0,0,0,6,0,5,0,0,0,1,1,0,0,0,0,1,0,0,0,1,0,0,0
2023,1074862,1004,Kasimpasa,25522,Gökhan Gül,12,6,D,6.2,False,True,0,0,0,0,0,0,0,4,0,3,0,0,0,2,1,0,0,1,1,0,0,0,0,0,0,0,0
2023,1074862,1004,Kasimpasa,292000,Trazie Thomas Zai,14,8,M,6.5,False,True,0,0,0,0,0,0,0,2,0,1,0,1,0,2,0,0,0,0,0,1,1,0,0,0,0,0,0
2023,1074862,1004,Kasimpasa,41154,Rochinha,13,15,F,6.5,False,True,0,0,0,0,0,0,0,2,0,1,0,0,0,2,1,2,1,0,0,0,0,0,0,0,0,0,0
2023,1074862,1004,Kasimpasa,61975,Oğulcan Çağlayan,8,14,F,6.3,False,True,0,0,0,0,0,0,0,2,0,1,0,0,0,1,1,0,0,0,0,0,0,0,0,0,0,0,0
2023,1074862,1004,Kasimpasa,1588,Andreas Gianniotis,0,1,G,,False,True,0,0,0,0,0,0,0,0,0,,0,0,0,0,0,0,0,0,0,0,0,0,0,0,0,0,0
2023,1074862,1004,Kasimpasa,399544,Melih Akyuz,0,98,G,,False,True,0,0,0,0,0,0,0,0,0,,0,0,0,0,0,0,0,0,0,0,0,0,0,0,0,0,0
2023,1074862,1004,Kasimpasa,1343,Sadık Çiftpınar,0,5,D,,False,True,0,0,0,0,0,0,0,0,0,,0,0,0,0,0,0,0,0,0,0,0,0,0,0,0,0,0
2023,1074862,1004,Kasimpasa,138980,Selim Dilli,0,20,M,,False,True,0,0,0,0,0,0,0,0,0,,0,0,0,0,0,0,0,0,0,0,0,0,0,0,0,0,0
2023,1074862,1004,Kasimpasa,351316,Sarp Yavrucu,0,19,F,,False,True,0,0,0,0,0,0,0,0,0,,0,0,0,0,0,0,0,0,0,0,0,0,0,0,0,0,0
2023,1074837,1005,Antalyaspor,41293,Helton Leite,90,1,G,7.3,False,False,0,0,0,0,2,0,5,33,0,27,0,0,0,1,1,0,0,0,1,0,0,0,0,0,0,0,0
2023,1074837,1005,Antalyaspor,50098,Erdoğan Yeşilyurt,90,17,D,6.6,False,False,0,1,1,0,0,0,0,47,1,35,2,0,4,12,3,3,0,2,1,2,0,0,0,0,0,0,0
2023,1074837,1005,Antalyaspor,50061,Veysel Sarı,90,89,D,6.3,True,False,0,0,0,0,0,0,0,66,0,55,1,0,5,12,4,0,0,2,0,1,0,0,0,0,0,0,0
2023,1074837,1005,Antalyaspor,49963,Bahadır Öztürk,90,3,D,7,False,False,0,0,0,0,0,0,0,55,0,46,3,1,0,13,9,0,0,0,3,2,0,0,0,0,0,0,0
2023,1074837,1005,Antalyaspor,2151,Güray Vural,90,11,D,7.2,False,False,0,3,1,0,0,0,0,38,2,32,1,0,3,2,2,0,0,0,0,0,0,0,0,0,0,0,0
2023,1074837,1005,Antalyaspor,197784,Jakub Kałuziński,90,18,M,7.2,False,False,0,2,0,0,0,0,0,68,0,55,2,1,2,8,5,0,0,1,1,1,1,0,0,0,0,0,0
2023,1074837,1005,Antalyaspor,2865,Sam Larsson,90,10,M,7,False,False,0,2,1,0,0,0,0,28,1,18,2,0,1,7,3,2,1,1,0,1,0,0,0,0,0,0,0
2023,1074837,1005,Antalyaspor,111274,Ramzi Safuri,80,16,M,6.9,False,False,0,1,0,0,0,0,0,25,1,20,1,0,1,14,7,4,3,2,3,2,0,0,0,0,0,0,0
2023,1074837,1005,Antalyaspor,31241,Dario Šarić,80,8,M,6.6,False,False,0,0,0,0,0,0,0,33,1,26,0,0,0,4,1,1,0,0,1,0,0,0,0,0,0,0,0
2023,1074837,1005,Antalyaspor,39137,Zymer Bytyqi,84,77,M,7,False,False,0,1,0,0,0,0,0,17,3,11,0,0,1,4,1,0,0,0,1,1,0,0,0,0,0,0,0
2023,1074837,1005,Antalyaspor,40594,Adam Buksa,90,9,F,7,False,False,0,3,1,0,0,0,0,14,0,7,0,0,0,17,9,1,0,0,4,2,0,0,0,0,0,0,0
2023,1074837,1005,Antalyaspor,1964,Erdal Rakip,10,6,M,6.7,False,True,0,0,0,0,0,0,0,5,0,3,0,0,0,2,1,1,1,0,0,1,0,0,0,0,0,0,0
2023,1074837,1005,Antalyaspor,19249,Britt Assombalonga,10,97,F,6.5,False,True,0,0,0,0,0,0,0,3,0,1,0,0,0,1,0,0,0,0,0,0,0,0,0,0,0,0,0
2023,1074837,1005,Antalyaspor,37182,Sander van de Streek,13,22,M,6.3,False,True,0,0,0,0,0,0,0,4,0,4,0,0,0,4,2,3,2,0,0,0,0,0,0,0,0,0,0
2023,1074837,1005,Antalyaspor,50216,Ataberk Dadakdeniz,0,23,G,,False,True,0,0,0,0,0,0,0,0,0,,0,0,0,0,0,0,0,0,0,0,0,0,0,0,0,0,0
2023,1074837,1005,Antalyaspor,49969,Bünyamin Balcı,0,7,D,,False,True,0,0,0,0,0,0,0,0,0,,0,0,0,0,0,0,0,0,0,0,0,0,0,0,0,0,0
2023,1074837,1005,Antalyaspor,12,Ömer Toprak,0,21,D,,False,True,0,0,0,0,0,0,0,0,0,,0,0,0,0,0,0,0,0,0,0,0,0,0,0,0,0,0
2023,1074837,1005,Antalyaspor,47330,Naldo,0,44,D,,False,True,0,0,0,0,0,0,0,0,0,,0,0,0,0,0,0,0,0,0,0,0,0,0,0,0,0,0
2023,1074837,1005,Antalyaspor,50010,Deni Milošević,0,20,M,,False,True,0,0,0,0,0,0,0,0,0,,0,0,0,0,0,0,0,0,0,0,0,0,0,0,0,0,0
2023,1074837,1005,Antalyaspor,391598,Emre Uzun,0,80,M,,False,True,0,0,0,0,0,0,0,0,0,,0,0,0,0,0,0,0,0,0,0,0,0,0,0,0,0,0
2023,1074837,1005,Antalyaspor,62417,Ufuk Akyol,0,19,M,,False,True,0,0,0,0,0,0,0,0,0,,0,0,0,0,0,0,0,0,0,0,0,0,0,0,0,0,0
2023,1074837,611,Fenerbahce,1305,Dominik Livaković,90,40,G,8,False,False,0,0,0,0,0,0,5,29,0,20,0,0,0,1,1,0,0,0,1,0,0,0,0,0,0,0,0
2023,1074837,611,Fenerbahce,1719,Mert Müldür,90,16,D,7.2,False,False,0,0,0,0,0,0,0,29,2,26,0,0,0,4,2,0,0,1,1,1,0,0,0,0,0,0,0
2023,1074837,611,Fenerbahce,21633,Alexander Djiku,90,6,D,7,False,False,0,2,0,0,0,0,0,37,0,30,0,0,4,7,1,0,0,0,1,3,0,0,0,0,0,0,0
2023,1074837,611,Fenerbahce,18776,Çağlar Söyüncü,90,2,D,7.3,False,False,0,0,0,0,0,0,0,42,0,36,3,2,1,10,5,1,1,0,0,3,0,0,0,0,0,0,0
2023,1074837,611,Fenerbahce,1361,Ferdi Kadıoğlu,90,7,D,7.9,False,False,0,0,0,0,0,0,0,49,2,39,1,1,3,7,4,2,2,1,0,2,0,0,0,0,0,0,0
2023,1074837,611,Fenerbahce,31054,Rade Krunić,90,33,M,6.9,False,False,0,1,0,0,0,0,0,35,0,26,3,0,1,17,8,0,0,2,2,3,0,0,0,0,0,0,0
2023,1074837,611,Fenerbahce,214463,İsmail Yüksek,90,5,M,8.2,False,False,0,1,0,0,0,1,0,31,3,22,1,1,4,11,8,3,2,1,2,1,0,0,0,0,0,0,0
2023,1074837,611,Fenerbahce,785,Cengiz Ünder,68,20,M,7.3,False,False,1,4,4,1,0,0,0,18,0,13,0,0,0,1,0,0,0,0,0,0,0,0,0,0,0,0,0
2023,1074837,611,Fenerbahce,40403,Sebastian Szymański,88,53,M,7.2,False,False,0,1,0,0,0,0,0,18,2,11,3,0,0,5,4,1,0,0,1,0,0,0,0,0,0,0,0
2023,1074837,611,Fenerbahce,554,Dušan Tadić,68,10,M,7.3,False,False,0,1,0,0,0,0,0,25,0,17,3,0,0,8,5,1,1,1,1,0,0,0,0,0,0,0,0
2023,1074837,611,Fenerbahce,790,Edin Džeko,83,9,F,7.6,True,False,0,1,1,0,0,0,0,35,3,25,0,0,0,14,7,0,0,0,1,1,0,0,0,0,0,0,0
2023,1074837,611,Fenerbahce,49857,İrfan Can Kahveci,22,17,M,6.9,False,True,0,0,0,0,0,0,0,5,1,5,1,0,0,3,2,0,0,0,1,0,0,0,0,0,0,0,0
2023,1074837,611,Fenerbahce,18881,Joshua King,22,15,F,6.9,False,True,1,1,1,0,0,0,0,9,0,7,0,0,0,10,5,3,2,1,2,2,0,0,0,0,0,0,0
2023,1074837,611,Fenerbahce,2927,Michy Batshuayi,14,23,F,7.2,False,True,2,1,1,1,0,0,0,1,0,,1,0,0,3,1,1,0,0,0,1,0,0,0,0,0,0,0
2023,1074837,611,Fenerbahce,853,Leonardo Bonucci,9,19,D,6.9,False,True,0,0,0,0,0,1,0,3,1,2,0,0,0,0,0,0,0,0,0,0,0,0,0,0,0,0,0
2023,1074837,611,Fenerbahce,62137,İrfan Can Eğribayat,0,70,G,,False,True,0,0,0,0,0,0,0,0,0,,0,0,0,0,0,0,0,0,0,0,0,0,0,0,0,0,0
2023,1074837,611,Fenerbahce,1341,Serdar Aziz,0,4,D,,False,True,0,0,0,0,0,0,0,0,0,,0,0,0,0,0,0,0,0,0,0,0,0,0,0,0,0,0
2023,1074837,611,Fenerbahce,272721,Jayden Oosterwolde,0,24,D,,False,True,0,0,0,0,0,0,0,0,0,,0,0,0,0,0,0,0,0,0,0,0,0,0,0,0,0,0
2023,1074837,611,Fenerbahce,50097,Mert Hakan Yandaş,0,8,M,,False,True,0,0,0,0,0,0,0,0,0,,0,0,0,0,0,0,0,0,0,0,0,0,0,0,0,0,0
2023,1074837,611,Fenerbahce,413015,Muhammet Imre,0,49,M,,False,True,0,0,0,0,0,0,0,0,0,,0,0,0,0,0,0,0,0,0,0,0,0,0,0,0,0,0
2023,1074837,611,Fenerbahce,1369,Miha Zajc,0,26,M,,False,True,0,0,0,0,0,0,0,0,0,,0,0,0,0,0,0,0,0,0,0,0,0,0,0,0,0,0
2023,1074947,607,Konyaspor,40328,Jakub Słowik,90,27,G,8.3,False,False,0,0,0,0,0,0,7,34,0,15,0,0,0,0,0,0,0,0,0,0,1,0,0,0,0,0,0
2023,1074947,607,Konyaspor,61810,Ahmet Oğuz,67,22,D,6.6,False,False,0,1,0,0,0,0,0,16,0,8,3,0,0,8,4,1,1,0,0,1,1,0,0,0,0,0,0
2023,1074947,607,Konyaspor,50063,Uğurcan Yazğılı,90,5,D,7.3,False,False,0,1,0,0,0,0,0,23,1,15,1,0,2,10,8,1,1,1,2,1,0,0,0,0,0,0,0
2023,1074947,607,Konyaspor,61986,Adil Demirbağ,90,4,D,6.9,False,False,0,0,0,0,0,0,0,7,0,6,0,0,1,5,2,0,0,0,0,1,0,0,0,0,0,0,0
2023,1074947,607,Konyaspor,3063,Teenage Hadebe,90,15,D,7.3,False,False,0,0,0,0,0,0,0,22,1,13,0,1,1,7,3,0,0,0,0,0,0,0,0,0,0,0,0
2023,1074947,607,Konyaspor,40472,Guilherme Haubert Sityá,90,12,D,7.5,False,False,0,0,0,0,0,0,0,22,1,16,1,3,1,8,2,2,0,2,0,1,0,0,0,0,0,0,0
2023,1074947,607,Konyaspor,62915,Soner Dikmen,89,6,M,6.9,True,False,0,0,0,0,0,0,0,22,0,14,1,0,1,6,2,1,1,3,0,1,0,0,0,0,0,0,0
2023,1074947,607,Konyaspor,780,Steven​ N'Zonzi,90,37,M,6.3,False,False,0,0,0,0,0,0,0,32,0,19,0,0,0,8,4,0,0,0,0,1,0,0,0,0,0,0,0
2023,1074947,607,Konyaspor,194880,Alassane Ndao,89,18,M,6.6,False,False,1,0,0,0,0,0,0,22,1,19,1,0,0,12,4,2,2,1,1,2,1,0,0,0,0,0,0
2023,1074947,607,Konyaspor,61939,Oğulcan Ülgün,77,35,F,6.5,False,False,0,0,0,0,0,0,0,6,1,4,0,0,0,9,2,1,0,3,2,2,0,0,0,0,0,0,0
2023,1074947,607,Konyaspor,2154,Sokol Cikalleshi,77,17,F,6.3,False,False,0,0,0,0,0,0,0,19,0,10,0,0,0,11,2,1,1,3,1,3,0,0,0,0,0,0,0
2023,1074947,607,Konyaspor,50141,Cebrail Karayel,23,19,D,6.7,False,True,0,0,0,0,0,0,0,10,0,6,1,0,0,2,1,1,0,0,0,0,0,0,0,0,0,0,0
2023,1074947,607,Konyaspor,111314,Emmanuel Boateng,13,26,M,6.6,False,True,0,2,1,0,0,0,0,7,0,5,0,1,0,6,1,2,1,1,0,1,0,0,0,0,0,0,0
2023,1074947,607,Konyaspor,15650,Louka Prip,13,11,F,6.3,False,True,0,0,0,0,0,0,0,4,0,2,0,0,0,6,1,1,0,1,1,2,0,0,0,0,0,0,0
2023,1074947,607,Konyaspor,270689,Filip Damjanović,8,33,D,7,False,True,0,0,0,0,0,0,0,3,0,1,0,1,0,4,4,0,0,0,0,0,0,0,0,0,0,0,0
2023,1074947,607,Konyaspor,50100,Muhammet Demir,8,9,F,6.3,False,True,0,0,0,0,0,0,0,4,0,2,0,0,0,1,1,0,0,0,0,0,1,0,0,0,0,0,0
2023,1074947,607,Konyaspor,402493,Deniz Ertaş,0,1,G,,False,True,0,0,0,0,0,0,0,0,0,,0,0,0,0,0,0,0,0,0,0,0,0,0,0,0,0,0
2023,1074947,607,Konyaspor,63225,Kahraman Demirtaş,0,20,D,,False,True,0,0,0,0,0,0,0,0,0,,0,0,0,0,0,0,0,0,0,0,0,0,0,0,0,0,0
2023,1074947,607,Konyaspor,25412,Yunus Malli,0,10,M,,False,True,0,0,0,0,0,0,0,0,0,,0,0,0,0,0,0,0,0,0,0,0,0,0,0,0,0,0
2023,1074947,607,Konyaspor,43050,Alexandru Cicâldău,0,8,M,,False,True,0,0,0,0,0,0,0,0,0,,0,0,0,0,0,0,0,0,0,0,0,0,0,0,0,0,0
2023,1074947,607,Konyaspor,7325,Anderson Niangbo,0,7,F,,False,True,0,0,0,0,0,0,0,0,0,,0,0,0,0,0,0,0,0,0,0,0,0,0,0,0,0,0
2023,1074947,611,Fenerbahce,1305,Dominik Livaković,90,40,G,7,False,False,0,0,0,0,0,0,1,19,0,18,0,0,0,0,0,0,0,0,0,0,0,0,0,0,0,0,0
2023,1074947,611,Fenerbahce,19588,Bright Osayi-Samuel,52,21,D,6.9,False,False,0,0,0,0,0,0,0,36,0,31,1,0,0,8,5,2,2,1,2,1,0,0,0,0,0,0,0
2023,1074947,611,Fenerbahce,829,Rodrigo Becão,45,50,D,6.7,False,False,0,1,0,0,0,0,0,58,0,52,0,0,0,1,0,0,0,0,0,0,0,0,0,0,0,0,0
2023,1074947,611,Fenerbahce,21633,Alexander Djiku,90,6,D,7.3,False,False,0,0,0,0,0,0,0,94,1,82,1,0,2,10,6,1,0,1,0,1,0,0,0,0,0,0,0
2023,1074947,611,Fenerbahce,1361,Ferdi Kadıoğlu,90,7,D,8.5,False,False,0,1,1,0,0,0,0,81,3,71,3,0,2,11,9,2,2,1,3,0,0,0,0,0,0,0,0
2023,1074947,611,Fenerbahce,905,Fred,90,35,M,7.6,False,False,0,0,0,0,0,0,0,61,1,52,3,1,4,10,7,3,2,1,2,0,0,0,0,0,0,0,0
2023,1074947,611,Fenerbahce,40403,Sebastian Szymański,90,53,M,8.2,False,False,0,0,0,0,0,0,0,38,5,27,2,1,0,7,7,2,2,0,1,0,0,0,0,0,0,0,0
2023,1074947,611,Fenerbahce,49857,İrfan Can Kahveci,53,17,M,7.5,False,False,0,0,0,0,0,0,0,28,2,20,2,0,0,7,6,3,3,1,1,0,0,0,0,0,0,0,0
2023,1074947,611,Fenerbahce,50097,Mert Hakan Yandaş,45,8,M,7,False,False,0,2,1,0,0,0,0,24,1,23,0,0,0,1,0,1,0,0,0,0,0,0,0,0,0,0,0
2023,1074947,611,Fenerbahce,554,Dušan Tadić,81,10,M,6.9,False,False,0,2,1,0,0,0,0,39,2,30,0,0,0,7,1,2,0,2,1,2,0,0,0,0,0,0,0
2023,1074947,611,Fenerbahce,790,Edin Džeko,90,9,F,6.2,True,False,0,7,3,0,0,0,0,16,2,13,0,0,0,14,6,0,0,0,1,0,0,0,0,0,0,0,0
2023,1074947,611,Fenerbahce,18776,Çağlar Söyüncü,45,2,D,6.6,False,True,0,0,0,0,0,0,0,39,0,28,0,0,0,10,6,0,0,0,1,0,0,0,0,0,0,0,0
2023,1074947,611,Fenerbahce,2927,Michy Batshuayi,45,23,F,6.7,False,True,1,1,0,0,0,0,0,12,1,11,0,0,0,4,2,2,2,0,0,0,0,0,0,0,0,0,0
2023,1074947,611,Fenerbahce,1719,Mert Müldür,38,16,D,6.9,False,True,0,0,0,0,0,0,0,17,0,11,1,0,0,6,3,1,1,0,1,3,1,0,0,0,0,0,0
2023,1074947,611,Fenerbahce,785,Cengiz Ünder,37,20,F,6.6,False,True,0,0,0,0,0,0,0,11,0,8,0,0,1,3,2,1,1,0,1,0,0,0,0,0,0,0,0
2023,1074947,611,Fenerbahce,25053,Serdar Dursun,9,91,F,7.3,False,True,0,1,1,0,0,0,0,7,2,7,1,0,0,4,2,0,0,0,1,1,0,0,0,0,0,0,0
2023,1074947,611,Fenerbahce,62137,İrfan Can Eğribayat,0,70,G,,False,True,0,0,0,0,0,0,0,0,0,,0,0,0,0,0,0,0,0,0,0,0,0,0,0,0,0,0
2023,1074947,611,Fenerbahce,413019,Efekan Karayazi,0,92,M,,False,True,0,0,0,0,0,0,0,0,0,,0,0,0,0,0,0,0,0,0,0,0,0,0,0,0,0,0
2023,1074947,611,Fenerbahce,1369,Miha Zajc,0,26,M,,False,True,0,0,0,0,0,0,0,0,0,,0,0,0,0,0,0,0,0,0,0,0,0,0,0,0,0,0
2023,1074947,611,Fenerbahce,31054,Rade Krunić,0,33,M,,False,True,0,0,0,0,0,0,0,0,0,,0,0,0,0,0,0,0,0,0,0,0,0,0,0,0,0,0
2023,1074947,611,Fenerbahce,18881,Joshua King,0,15,F,,False,True,0,0,0,0,0,0,0,0,0,,0,0,0,0,0,0,0,0,0,0,0,0,0,0,0,0,0
2023,1074937,611,Fenerbahce,1305,Dominik Livaković,90,40,G,6.9,False,False,0,0,0,0,1,0,3,15,0,14,0,0,0,1,1,0,0,0,1,0,0,0,0,0,0,0,0
2023,1074937,611,Fenerbahce,19588,Bright Osayi-Samuel,90,21,D,7.2,False,False,0,0,0,0,0,0,0,41,0,37,6,0,0,19,14,0,0,1,3,3,1,0,0,0,0,0,0
2023,1074937,611,Fenerbahce,829,Rodrigo Becão,19,50,D,6.7,False,False,0,0,0,0,0,0,0,11,0,10,0,0,0,0,0,0,0,0,0,0,0,0,0,0,0,0,0
2023,1074937,611,Fenerbahce,21633,Alexander Djiku,90,6,D,7.2,False,False,0,0,0,0,0,0,0,68,0,59,2,1,2,8,6,0,0,0,1,0,0,0,0,0,0,0,0
2023,1074937,611,Fenerbahce,1361,Ferdi Kadıoğlu,90,7,D,7.2,False,False,0,2,1,0,0,0,0,51,0,46,0,0,2,10,5,0,0,1,4,2,0,0,0,0,0,0,0
2023,1074937,611,Fenerbahce,214463,İsmail Yüksek,19,5,M,6.9,False,False,0,0,0,0,0,0,0,8,0,8,2,0,0,2,2,0,0,0,0,0,0,0,0,0,0,0,0
2023,1074937,611,Fenerbahce,905,Fred,90,35,M,8.3,False,False,0,3,2,0,0,0,0,67,1,64,3,0,0,10,6,1,1,0,2,2,0,0,0,0,0,0,0
2023,1074937,611,Fenerbahce,49857,İrfan Can Kahveci,90,17,M,7.9,False,False,0,2,1,1,0,0,0,54,3,49,3,0,2,15,6,4,1,2,2,0,0,0,0,0,0,0,0
2023,1074937,611,Fenerbahce,40403,Sebastian Szymański,88,53,M,7.9,False,False,0,2,1,0,0,1,0,29,4,26,1,1,2,5,2,0,0,1,1,2,0,0,0,0,0,0,0
2023,1074937,611,Fenerbahce,554,Dušan Tadić,90,10,M,7.3,True,False,2,1,0,0,0,1,0,38,4,26,1,0,0,9,5,3,2,0,1,0,0,0,0,0,0,0,0
2023,1074937,611,Fenerbahce,2927,Michy Batshuayi,74,23,F,7.3,False,False,1,2,2,1,0,0,0,20,3,17,1,0,0,9,2,1,0,0,1,1,0,0,0,0,0,0,0
2023,1074937,611,Fenerbahce,18776,Çağlar Söyüncü,71,2,D,6.3,False,True,0,0,0,0,0,0,0,51,0,47,2,0,0,9,4,0,0,0,0,1,0,0,0,0,0,0,0
2023,1074937,611,Fenerbahce,31054,Rade Krunić,71,33,M,6.6,False,True,0,1,0,0,0,0,0,47,1,40,2,0,1,11,4,0,0,1,1,2,0,0,0,0,0,0,0
2023,1074937,611,Fenerbahce,790,Edin Džeko,16,9,F,6.6,False,True,0,0,0,0,0,0,0,5,0,3,1,0,0,4,3,0,0,0,0,1,0,0,0,0,0,0,0
2023,1074937,611,Fenerbahce,50097,Mert Hakan Yandaş,8,8,M,6.3,False,True,1,0,0,0,0,0,0,3,0,3,0,0,0,0,0,0,0,0,0,0,0,0,0,0,0,0,0
2023,1074937,611,Fenerbahce,62137,İrfan Can Eğribayat,0,70,G,,False,True,0,0,0,0,0,0,0,0,0,,0,0,0,0,0,0,0,0,0,0,0,0,0,0,0,0,0
2023,1074937,611,Fenerbahce,1719,Mert Müldür,0,16,D,,False,True,0,0,0,0,0,0,0,0,0,,0,0,0,0,0,0,0,0,0,0,0,0,0,0,0,0,0
2023,1074937,611,Fenerbahce,413019,Efekan Karayazi,0,92,M,,False,True,0,0,0,0,0,0,0,0,0,,0,0,0,0,0,0,0,0,0,0,0,0,0,0,0,0,0
2023,1074937,611,Fenerbahce,785,Cengiz Ünder,0,20,F,,False,True,0,0,0,0,0,0,0,0,0,,0,0,0,0,0,0,0,0,0,0,0,0,0,0,0,0,0
2023,1074937,611,Fenerbahce,18881,Joshua King,0,15,F,,False,True,0,0,0,0,0,0,0,0,0,,0,0,0,0,0,0,0,0,0,0,0,0,0,0,0,0,0
2023,1074937,611,Fenerbahce,25053,Serdar Dursun,0,91,F,,False,True,0,0,0,0,0,0,0,0,0,,0,0,0,0,0,0,0,0,0,0,0,0,0,0,0,0,0
2023,1074937,549,Besiktas,49837,Mert Günok,90,34,G,7.2,False,False,0,0,0,0,2,0,5,33,0,16,0,0,0,0,0,0,0,0,0,0,0,0,0,0,0,0,0
2023,1074937,549,Besiktas,1997,Necip Uysal,90,20,D,6.3,True,False,1,1,0,0,0,0,0,33,0,27,2,1,0,11,5,1,1,1,1,3,1,0,0,0,0,0,0
2023,1074937,549,Besiktas,1746,Joe Worrall,90,17,D,6.5,False,False,0,0,0,0,0,0,0,39,0,34,0,0,0,2,0,0,0,1,0,0,0,0,0,0,0,0,0
2023,1074937,549,Besiktas,30444,Omar Colley,90,6,D,6.7,False,False,0,0,0,0,0,0,0,22,0,19,4,1,0,8,6,0,0,0,1,2,1,0,0,0,0,0,0
2023,1074937,549,Besiktas,18816,Arthur Masuaku,90,26,D,6.9,False,False,0,0,0,0,0,0,0,29,1,25,3,1,0,9,7,4,4,0,0,2,0,0,0,0,0,0,0
2023,1074937,549,Besiktas,42006,Mutassim Al Musrati,25,28,M,4.9,False,False,0,0,0,0,0,0,0,8,0,7,2,0,0,2,2,0,0,0,0,0,0,1,0,0,0,0,0
2023,1074937,549,Besiktas,569,Gedson Fernandes,90,83,M,6.7,False,False,0,1,1,0,0,0,0,30,0,21,10,0,2,16,10,1,0,1,0,3,0,0,0,0,0,0,0
2023,1074937,549,Besiktas,25324,Milot Rashica,45,11,M,6.7,False,False,0,0,0,0,0,0,0,9,0,5,1,0,1,3,2,0,0,0,1,0,0,0,0,0,0,0,0
2023,1074937,549,Besiktas,3638,Ernest Muçi,62,23,M,6.7,False,False,0,1,1,0,0,0,0,12,0,8,0,0,1,5,2,0,0,0,2,1,0,0,0,0,0,0,0
2023,1074937,549,Besiktas,336567,Semih Kılıçsoy,78,90,M,6.3,False,False,0,0,0,0,0,0,0,8,0,6,2,0,0,22,8,3,1,1,5,2,0,0,0,0,0,0,0
2023,1074937,549,Besiktas,144656,Jackson Muleka,90,40,F,6.3,False,False,0,1,1,0,0,1,0,19,3,14,0,0,0,17,5,0,0,0,1,1,0,0,0,0,0,0,0
2023,1074937,549,Besiktas,18780,Rachid Ghezzal,45,18,M,6.5,False,True,0,0,0,0,0,0,0,8,1,4,2,0,0,11,3,0,0,0,1,3,1,0,0,0,0,0,0
2023,1074937,549,Besiktas,297,Alex Oxlade-Chamberlain,28,15,M,6.2,False,True,0,1,0,0,0,0,0,11,0,10,0,0,0,3,0,1,0,0,0,1,0,0,0,0,0,0,0
2023,1074937,549,Besiktas,18768,Cenk Tosun,12,9,F,7.2,False,True,0,1,1,1,0,0,0,3,0,1,0,0,0,3,2,0,0,0,0,0,0,0,0,0,0,0,0
2023,1074937,549,Besiktas,1971,Ersin Destanoğlu,0,1,G,,False,True,0,0,0,0,0,0,0,0,0,,0,0,0,0,0,0,0,0,0,0,0,0,0,0,0,0,0
2023,1074937,549,Besiktas,61993,Tayyip Talha Sanuç,0,5,D,,False,True,0,0,0,0,0,0,0,0,0,,0,0,0,0,0,0,0,0,0,0,0,0,0,0,0,0,0
2023,1074937,549,Besiktas,50223,Umut Meraş,0,77,D,,False,True,0,0,0,0,0,0,0,0,0,,0,0,0,0,0,0,0,0,0,0,0,0,0,0,0,0,0
2023,1074937,549,Besiktas,26275,Onur Bulut,0,4,D,,False,True,0,0,0,0,0,0,0,0,0,,0,0,0,0,0,0,0,0,0,0,0,0,0,0,0,0,0
2023,1074937,549,Besiktas,3421,Daniel Amartey,0,12,D,,False,True,0,0,0,0,0,0,0,0,0,,0,0,0,0,0,0,0,0,0,0,0,0,0,0,0,0,0
2023,1074937,549,Besiktas,31058,Salih Uçan,0,8,M,,False,True,0,0,0,0,0,0,0,0,0,,0,0,0,0,0,0,0,0,0,0,0,0,0,0,0,0,0
2023,1074937,549,Besiktas,386,Vincent Aboubakar,0,10,F,,False,True,0,0,0,0,0,0,0,0,0,,0,0,0,0,0,0,0,0,0,0,0,0,0,0,0,0,0
2023,1074653,996,Alanyaspor,49927,Yusuf Karagöz,90,99,G,7.9,False,False,0,0,0,0,1,0,6,41,0,26,0,0,0,0,0,0,0,0,0,0,0,0,0,0,0,0,0
2023,1074653,996,Alanyaspor,289306,Loide,80,27,D,7.2,False,False,0,0,0,0,0,0,0,30,0,28,3,0,2,9,8,4,3,0,1,0,0,0,0,0,0,0,0
2023,1074653,996,Alanyaspor,62378,Furkan Bayır,90,4,D,7,False,False,0,0,0,0,0,0,0,41,0,29,3,1,0,9,5,0,0,0,1,1,0,0,0,0,0,0,0
2023,1074653,996,Alanyaspor,48211,Fidan Aliti,90,5,D,6.6,False,False,0,0,0,0,0,0,0,51,0,42,2,0,0,6,4,1,0,0,2,1,0,0,0,0,0,0,0
2023,1074653,996,Alanyaspor,286825,Yusuf Ozdemir,90,88,D,6.3,False,False,0,0,0,0,0,0,0,32,0,19,2,0,1,15,5,1,0,1,1,5,0,0,0,0,0,0,0
2023,1074653,996,Alanyaspor,49941,Efecan Karaca,90,7,M,6.3,True,False,0,0,0,0,0,0,0,22,0,17,0,1,1,12,4,4,1,2,3,2,0,0,0,0,0,0,0
2023,1074653,996,Alanyaspor,10240,Richard Cândido,90,25,M,7.3,False,False,0,1,1,0,0,0,0,36,0,24,4,1,2,7,5,1,1,1,0,1,1,0,0,0,0,0,0
2023,1074653,996,Alanyaspor,2211,Nicolas Janvier,90,17,M,7.3,False,False,0,0,0,0,0,0,0,51,0,46,4,0,1,6,6,1,1,0,0,0,0,0,0,0,0,0,0
2023,1074653,996,Alanyaspor,9935,Carlos Eduardo,68,28,M,6.5,False,False,1,0,0,0,0,0,0,13,0,8,2,0,0,14,6,0,0,4,3,1,0,0,0,0,0,0,0
2023,1074653,996,Alanyaspor,41101,João Novais,73,10,F,6.6,False,False,0,0,0,0,0,0,0,12,2,8,0,0,0,4,1,0,0,0,0,1,0,0,0,0,0,0,0
2023,1074653,996,Alanyaspor,2457,Sergio Córdova,90,9,F,6.7,False,False,1,0,0,0,0,0,0,11,0,6,0,0,0,13,4,1,1,0,2,1,0,0,0,0,0,0,0
2023,1074653,996,Alanyaspor,134590,Oğuz Aydın,22,11,F,6.6,False,True,0,0,0,0,0,0,0,10,0,8,1,0,0,5,3,2,2,1,0,1,0,0,0,0,0,0,0
2023,1074653,996,Alanyaspor,19042,Florent Hadergjonaj,17,94,D,6.7,False,True,0,0,0,0,0,0,0,4,0,2,0,0,0,0,0,0,0,0,0,0,0,0,0,0,0,0,0
2023,1074653,996,Alanyaspor,41560,Anderson Silva,10,33,F,6.3,False,True,1,0,0,0,0,0,0,0,0,,0,0,0,4,1,0,0,0,1,1,1,0,0,0,0,0,0
2023,1074653,996,Alanyaspor,105259,Yavuz Aygun,0,35,G,,False,True,0,0,0,0,0,0,0,0,0,,0,0,0,0,0,0,0,0,0,0,0,0,0,0,0,0,0
2023,1074653,996,Alanyaspor,282946,Nuno Lima,0,2,D,,False,True,0,0,0,0,0,0,0,0,0,,0,0,0,0,0,0,0,0,0,0,0,0,0,0,0,0,0
2023,1074653,996,Alanyaspor,50079,Fatih Aksoy,0,20,D,,False,True,0,0,0,0,0,0,0,0,0,,0,0,0,0,0,0,0,0,0,0,0,0,0,0,0,0,0
2023,1074653,996,Alanyaspor,30918,Jure Balkovec,0,29,D,,False,True,0,0,0,0,0,0,0,0,0,,0,0,0,0,0,0,0,0,0,0,0,0,0,0,0,0,0
2023,1074653,996,Alanyaspor,19326,Leroy Fer,0,8,M,,False,True,0,0,0,0,0,0,0,0,0,,0,0,0,0,0,0,0,0,0,0,0,0,0,0,0,0,0
2023,1074653,996,Alanyaspor,281937,Emirhan Cavus,0,21,M,,False,True,0,0,0,0,0,0,0,0,0,,0,0,0,0,0,0,0,0,0,0,0,0,0,0,0,0,0
2023,1074653,996,Alanyaspor,47447,Pione Sisto,0,18,F,,False,True,0,0,0,0,0,0,0,0,0,,0,0,0,0,0,0,0,0,0,0,0,0,0,0,0,0,0
2023,1074653,611,Fenerbahce,1305,Dominik Livaković,90,40,G,7.7,False,False,0,0,0,0,0,0,1,24,0,17,0,0,0,1,1,0,0,0,0,0,0,0,0,0,0,0,0
2023,1074653,611,Fenerbahce,19588,Bright Osayi-Samuel,78,21,D,7.2,False,False,0,0,0,0,0,0,0,37,1,35,2,0,1,15,8,6,3,0,3,2,0,0,0,0,0,0,0
2023,1074653,611,Fenerbahce,829,Rodrigo Becão,90,50,D,7.3,False,False,0,0,0,0,0,0,0,43,1,39,1,0,1,7,4,0,0,0,1,1,0,0,0,0,0,0,0
2023,1074653,611,Fenerbahce,21633,Alexander Djiku,90,6,D,8.3,False,False,0,1,0,0,0,0,0,67,0,58,1,1,5,11,9,1,1,0,0,2,1,0,0,0,0,0,0
2023,1074653,611,Fenerbahce,1361,Ferdi Kadıoğlu,90,7,D,7.5,False,False,0,0,0,0,0,0,0,60,1,48,1,0,0,11,5,5,2,1,1,1,1,0,0,0,0,0,0
2023,1074653,611,Fenerbahce,214463,İsmail Yüksek,90,5,M,7.6,False,False,0,1,0,0,0,0,0,61,0,54,3,0,4,10,8,0,0,2,3,0,0,0,0,0,0,0,0
2023,1074653,611,Fenerbahce,905,Fred,90,35,M,7,False,False,0,1,1,0,0,0,0,64,3,48,2,0,0,12,3,2,1,3,0,2,0,0,0,0,0,0,0
2023,1074653,611,Fenerbahce,49857,İrfan Can Kahveci,89,17,M,8.2,False,False,0,1,1,1,0,0,0,40,2,29,2,0,1,12,7,2,2,0,2,2,1,0,0,0,0,0,0
2023,1074653,611,Fenerbahce,40403,Sebastian Szymański,89,53,M,7.2,False,False,0,2,1,0,0,0,0,15,3,13,2,0,0,8,2,0,0,2,0,1,0,0,0,0,0,0,0
2023,1074653,611,Fenerbahce,554,Dušan Tadić,78,10,M,6.9,False,False,0,1,1,0,0,0,0,33,0,27,0,0,1,3,0,1,0,0,0,0,1,0,0,0,0,0,0
2023,1074653,611,Fenerbahce,790,Edin Džeko,78,9,F,6.9,True,False,0,4,2,0,0,0,0,19,0,13,0,0,0,9,2,1,0,1,2,2,1,0,0,0,0,0,0
2023,1074653,611,Fenerbahce,272721,Jayden Oosterwolde,12,24,D,6.7,False,True,0,0,0,0,0,0,0,5,0,3,0,0,1,2,2,0,0,0,2,0,0,0,0,0,0,0,0
2023,1074653,611,Fenerbahce,1756,Ryan Kent,12,11,F,6.6,False,True,0,0,0,0,0,0,0,6,1,5,0,0,1,0,0,0,0,0,0,0,0,0,0,0,0,0,0
2023,1074653,611,Fenerbahce,2927,Michy Batshuayi,12,23,F,6.6,False,True,0,1,1,0,0,0,0,4,0,1,0,0,0,3,1,0,0,0,0,1,1,0,0,0,0,0,0
2023,1074653,611,Fenerbahce,62490,Samet Akaydin,11,3,D,6.6,False,True,0,0,0,0,0,0,0,1,1,1,0,0,0,0,0,0,0,0,0,0,0,0,0,0,0,0,0
2023,1074653,611,Fenerbahce,50097,Mert Hakan Yandaş,1,8,M,,False,True,0,0,0,0,0,0,0,1,0,1,0,0,0,0,0,0,0,0,0,0,0,0,0,0,0,0,0
2023,1074653,611,Fenerbahce,401427,Muhammet Dogukan Demir,0,67,G,,False,True,0,0,0,0,0,0,0,0,0,,0,0,0,0,0,0,0,0,0,0,0,0,0,0,0,0,0
2023,1074653,611,Fenerbahce,62137,İrfan Can Eğribayat,0,70,G,,False,True,0,0,0,0,0,0,0,0,0,,0,0,0,0,0,0,0,0,0,0,0,0,0,0,0,0,0
2023,1074653,611,Fenerbahce,1719,Mert Müldür,0,16,D,,False,True,0,0,0,0,0,0,0,0,0,,0,0,0,0,0,0,0,0,0,0,0,0,0,0,0,0,0
2023,1074653,611,Fenerbahce,41973,Miguel Crespo,0,27,M,,False,True,0,0,0,0,0,0,0,0,0,,0,0,0,0,0,0,0,0,0,0,0,0,0,0,0,0,0
2023,1074653,611,Fenerbahce,50246,Mehmet Umut Nayir,0,22,F,,False,True,0,0,0,0,0,0,0,0,0,,0,0,0,0,0,0,0,0,0,0,0,0,0,0,0,0,0
2023,1074613,3603,Samsunspor,50217,Okan Kocuk,90,1,G,6.7,False,False,0,0,0,0,2,0,3,33,0,23,0,0,0,0,0,0,0,0,0,0,0,0,0,0,0,0,0
2023,1074613,3603,Samsunspor,2139,Zeki Yavru,90,18,D,6.3,False,False,0,0,0,0,0,0,0,44,0,33,0,1,2,13,4,0,0,3,2,2,0,0,0,0,0,0,0
2023,1074613,3603,Samsunspor,19896,Alim Öztürk,90,5,D,6.7,False,False,0,0,0,0,0,0,0,39,0,33,1,0,1,9,5,0,0,0,1,1,0,0,0,0,0,0,0
2023,1074613,3603,Samsunspor,24873,Rick Van Drongelen,90,4,D,6.3,False,False,0,0,0,0,0,0,0,41,0,32,0,0,0,5,2,0,0,0,1,2,1,0,0,0,0,0,0
2023,1074613,3603,Samsunspor,24970,Kingsley Schindler,90,17,M,6.7,False,False,0,1,0,0,0,0,0,19,0,11,2,0,0,9,6,0,0,1,1,0,0,0,0,0,0,0,0
2023,1074613,3603,Samsunspor,50202,Taylan Antalyalı,59,48,M,6.9,False,False,1,0,0,0,0,0,0,11,1,7,1,1,1,2,2,1,1,0,0,0,0,0,0,0,0,0,0
2023,1074613,3603,Samsunspor,1130,Olivier Ntcham,86,10,M,7.2,False,False,0,2,1,0,0,0,0,36,0,27,1,0,0,6,5,2,2,1,1,0,0,0,0,0,0,0,0
2023,1074613,3603,Samsunspor,20044,Marc Bola,86,16,M,6.6,False,False,0,0,0,0,0,0,0,29,1,19,0,0,1,3,1,1,1,0,0,2,0,0,0,0,0,0,0
2023,1074613,3603,Samsunspor,50091,Emre Kılınç,71,11,F,6.5,False,False,0,0,0,0,0,0,0,19,1,15,1,0,0,11,2,2,1,2,0,2,0,0,0,0,0,0,0
2023,1074613,3603,Samsunspor,50015,Moryke Fofana,59,7,F,6.7,True,False,1,1,0,0,0,0,0,11,1,8,1,0,0,7,1,1,0,1,0,1,0,0,0,0,0,0,0
2023,1074613,3603,Samsunspor,85369,Gaëtan Laura,90,27,F,6.5,False,False,1,0,0,0,0,0,0,7,0,6,0,0,1,12,5,3,1,1,2,0,0,0,0,0,0,0,0
2023,1074613,3603,Samsunspor,2709,Youssef Aït Bennasser,31,6,M,6.5,False,True,0,0,0,0,0,0,0,12,0,12,1,0,0,3,1,0,0,0,0,1,0,0,0,0,0,0,0
2023,1074613,3603,Samsunspor,394,Marius Mouandilmadji,31,9,F,6.3,False,True,0,0,0,0,0,0,0,9,0,4,0,0,0,10,4,1,1,1,0,0,0,0,0,0,0,0,0
2023,1074613,3603,Samsunspor,49971,Osman Çelik,19,88,M,6.3,False,True,0,0,0,0,0,0,0,2,0,2,0,0,0,1,1,0,0,0,0,0,0,0,0,0,0,0,0
2023,1074613,3603,Samsunspor,49848,Soner Aydoğdu,14,8,M,6.5,False,True,0,0,0,0,0,0,0,5,0,2,0,0,0,0,0,0,0,0,0,0,0,0,0,0,0,0,0
2023,1074613,3603,Samsunspor,339960,Muhammet Ali Özbaskıcı,14,20,M,6.3,False,True,0,0,0,0,0,0,0,0,0,,0,0,0,2,0,0,0,1,0,0,0,0,0,0,0,0,0
2023,1074613,3603,Samsunspor,40600,Jakub Szumski,0,29,G,,False,True,0,0,0,0,0,0,0,0,0,,0,0,0,0,0,0,0,0,0,0,0,0,0,0,0,0,0
2023,1074613,3603,Samsunspor,273762,Yunus Emre Çift,0,22,D,,False,True,0,0,0,0,0,0,0,0,0,,0,0,0,0,0,0,0,0,0,0,0,0,0,0,0,0,0
2023,1074613,3603,Samsunspor,55949,Ľubomír Šatka,0,37,D,,False,True,0,0,0,0,0,0,0,0,0,,0,0,0,0,0,0,0,0,0,0,0,0,0,0,0,0,0
2023,1074613,3603,Samsunspor,41284,Nanú,0,19,D,,False,True,0,0,0,0,0,0,0,0,0,,0,0,0,0,0,0,0,0,0,0,0,0,0,0,0,0,0
2023,1074613,3603,Samsunspor,62681,Soner Gönül,0,28,D,,False,True,0,0,0,0,0,0,0,0,0,,0,0,0,0,0,0,0,0,0,0,0,0,0,0,0,0,0
2023,1074613,611,Fenerbahce,62137,İrfan Can Eğribayat,90,70,G,6.9,False,False,0,0,0,0,0,0,1,16,0,11,0,0,0,1,1,0,0,0,0,0,0,0,0,0,0,0,0
2023,1074613,611,Fenerbahce,1361,Ferdi Kadıoğlu,90,7,D,7.5,False,False,1,0,0,0,0,0,0,57,0,50,1,0,1,6,4,1,1,0,0,0,0,0,0,0,0,0,0
2023,1074613,611,Fenerbahce,1341,Serdar Aziz,78,4,D,6.9,False,False,0,0,0,0,0,0,0,45,0,40,0,1,0,3,3,0,0,0,0,0,0,0,0,0,0,0,0
2023,1074613,611,Fenerbahce,21633,Alexander Djiku,90,6,D,7,False,False,0,0,0,0,0,0,0,51,0,42,1,0,2,5,2,0,0,0,0,1,0,0,0,0,0,0,0
2023,1074613,611,Fenerbahce,272721,Jayden Oosterwolde,90,24,D,7.3,False,False,0,0,0,0,0,0,0,39,1,35,2,0,0,10,7,3,2,0,0,1,0,0,0,0,0,0,0
2023,1074613,611,Fenerbahce,214463,İsmail Yüksek,90,80,M,7.2,False,False,0,0,0,0,0,0,0,59,0,54,2,0,2,16,8,2,2,4,2,2,0,0,0,0,0,0,0
2023,1074613,611,Fenerbahce,785,Cengiz Ünder,64,20,M,7.3,False,False,0,1,1,0,0,1,0,23,2,19,1,0,0,5,3,1,0,1,2,0,0,0,0,0,0,0,0
2023,1074613,611,Fenerbahce,50097,Mert Hakan Yandaş,85,8,M,7.2,False,False,1,0,0,0,0,0,0,42,4,40,3,0,0,9,4,1,0,1,1,3,0,0,0,0,0,0,0
2023,1074613,611,Fenerbahce,905,Fred,85,35,M,7.3,False,False,0,2,1,0,0,0,0,49,0,39,1,0,1,7,4,2,2,0,1,0,0,0,0,0,0,0,0
2023,1074613,611,Fenerbahce,554,Dušan Tadić,90,10,M,7.3,False,False,2,0,0,0,0,0,0,32,3,27,0,0,0,8,5,2,2,0,2,1,0,0,0,0,0,0,0
2023,1074613,611,Fenerbahce,790,Edin Džeko,78,9,F,8,True,False,0,6,2,1,0,0,0,22,1,17,0,0,0,12,5,2,1,0,0,1,0,0,0,0,0,0,0
2023,1074613,611,Fenerbahce,49857,İrfan Can Kahveci,26,17,M,7.2,False,True,0,0,0,0,0,1,0,12,1,7,0,0,1,2,2,1,1,0,0,0,0,0,0,0,0,0,0
2023,1074613,611,Fenerbahce,1719,Mert Müldür,12,16,D,6.7,False,True,0,0,0,0,0,0,0,6,0,4,0,0,0,1,1,0,0,0,0,0,1,0,0,0,0,0,0
2023,1074613,611,Fenerbahce,50246,Mehmet Umut Nayir,12,22,F,6.9,False,True,0,0,0,0,0,0,0,8,0,4,0,0,0,5,4,0,0,0,2,1,0,0,0,0,0,0,0
2023,1074613,611,Fenerbahce,162004,Bartuğ Elmaz,15,28,M,6.5,False,True,0,0,0,0,0,0,0,8,0,6,0,0,0,2,0,0,0,1,0,0,0,0,0,0,0,0,0
2023,1074613,611,Fenerbahce,40403,Sebastian Szymański,15,53,M,7.3,False,True,0,1,1,1,0,0,0,0,0,,0,0,0,1,1,0,0,0,1,0,0,0,0,0,0,0,0
2023,1074613,611,Fenerbahce,50132,Altay Bayındır,0,1,G,,False,True,0,0,0,0,0,0,0,0,0,,0,0,0,0,0,0,0,0,0,0,0,0,0,0,0,0,0
2023,1074613,611,Fenerbahce,292363,Emir Ortakaya,0,65,D,,False,True,0,0,0,0,0,0,0,0,0,,0,0,0,0,0,0,0,0,0,0,0,0,0,0,0,0,0
2023,1074613,611,Fenerbahce,1756,Ryan Kent,0,11,F,,False,True,0,0,0,0,0,0,0,0,0,,0,0,0,0,0,0,0,0,0,0,0,0,0,0,0,0,0
2023,1074613,611,Fenerbahce,18881,Joshua King,0,15,F,,False,True,0,0,0,0,0,0,0,0,0,,0,0,0,0,0,0,0,0,0,0,0,0,0,0,0,0,0
2023,1074613,611,Fenerbahce,2927,Michy Batshuayi,0,23,F,,False,True,0,0,0,0,0,0,0,0,0,,0,0,0,0,0,0,0,0,0,0,0,0,0,0,0,0,0
2023,1074707,611,Fenerbahce,1305,Dominik Livaković,90,40,G,6.2,False,False,0,0,0,0,3,0,1,24,0,20,0,0,0,0,0,0,0,0,0,0,0,0,0,0,0,0,0
2023,1074707,611,Fenerbahce,19588,Bright Osayi-Samuel,90,21,D,6.2,False,False,0,0,0,0,0,0,0,38,1,37,2,0,0,11,5,5,0,0,3,1,1,0,0,0,0,0,0
2023,1074707,611,Fenerbahce,62490,Samet Akaydin,73,3,D,6.2,False,False,0,0,0,0,0,0,0,60,0,52,1,0,0,9,5,1,0,0,0,2,1,0,0,0,0,0,0
2023,1074707,611,Fenerbahce,272721,Jayden Oosterwolde,90,24,D,6.5,False,False,0,0,0,0,0,0,0,57,0,43,5,1,0,15,8,1,0,1,2,2,0,0,0,0,0,0,0
2023,1074707,611,Fenerbahce,1361,Ferdi Kadıoğlu,90,7,D,8,False,False,0,2,2,0,0,0,0,70,3,65,1,0,0,13,10,3,2,0,5,0,1,0,0,0,0,0,0
2023,1074707,611,Fenerbahce,214463,İsmail Yüksek,78,5,M,6.2,False,False,0,0,0,0,0,0,0,52,1,46,3,0,0,19,7,0,0,1,4,5,2,1,0,0,0,0,0
2023,1074707,611,Fenerbahce,1369,Miha Zajc,74,26,M,6.7,False,False,0,1,0,0,0,0,0,54,1,46,1,0,0,5,2,0,0,0,1,0,0,0,0,0,0,0,0
2023,1074707,611,Fenerbahce,49857,İrfan Can Kahveci,89,17,M,6.9,False,False,0,3,0,0,0,0,0,29,0,23,1,0,1,13,5,6,2,0,1,1,0,0,0,0,0,0,0
2023,1074707,611,Fenerbahce,40403,Sebastian Szymański,90,53,M,7.2,False,False,0,0,0,0,0,0,0,21,3,17,5,1,0,12,7,2,0,0,2,3,0,0,0,0,0,0,0
2023,1074707,611,Fenerbahce,554,Dušan Tadić,90,10,M,8.5,False,False,0,2,2,2,0,0,0,40,1,31,0,0,0,9,3,2,1,1,1,0,0,0,1,0,2,0,0
2023,1074707,611,Fenerbahce,790,Edin Džeko,80,9,F,6.2,True,False,0,1,0,0,0,0,0,21,0,13,0,0,0,5,3,0,0,0,1,0,0,0,0,0,0,0,0
2023,1074707,611,Fenerbahce,2927,Michy Batshuayi,17,23,F,6.7,False,True,0,0,0,0,0,0,0,5,1,4,0,0,0,3,1,0,0,0,0,0,0,0,0,0,0,0,0
2023,1074707,611,Fenerbahce,41973,Miguel Crespo,16,27,M,7.2,False,True,0,0,0,0,0,0,0,8,0,7,0,0,0,3,2,0,0,0,1,0,0,0,1,0,0,0,0
2023,1074707,611,Fenerbahce,1719,Mert Müldür,10,16,D,6.9,False,True,0,0,0,0,0,0,0,9,1,8,0,0,0,2,2,1,1,0,1,0,0,0,0,0,0,0,0
2023,1074707,611,Fenerbahce,47446,Emre Mor,14,99,M,6.5,False,True,0,0,0,0,0,0,0,2,0,2,0,0,0,1,0,0,0,0,0,0,0,0,0,0,0,0,0
2023,1074707,611,Fenerbahce,62137,İrfan Can Eğribayat,0,70,G,,False,True,0,0,0,0,0,0,0,0,0,,0,0,0,0,0,0,0,0,0,0,1,0,0,0,0,0,0
2023,1074707,611,Fenerbahce,412703,Yusuf Akcicek,0,95,D,,False,True,0,0,0,0,0,0,0,0,0,,0,0,0,0,0,0,0,0,0,0,0,0,0,0,0,0,0
2023,1074707,611,Fenerbahce,162004,Bartuğ Elmaz,0,28,M,,False,True,0,0,0,0,0,0,0,0,0,,0,0,0,0,0,0,0,0,0,0,0,0,0,0,0,0,0
2023,1074707,611,Fenerbahce,413015,Muhammet Imre,0,49,M,,False,True,0,0,0,0,0,0,0,0,0,,0,0,0,0,0,0,0,0,0,0,0,0,0,0,0,0,0
2023,1074707,611,Fenerbahce,1756,Ryan Kent,0,11,F,,False,True,0,0,0,0,0,0,0,0,0,,0,0,0,0,0,0,0,0,0,0,0,0,0,0,0,0,0
2023,1074707,611,Fenerbahce,50246,Mehmet Umut Nayir,0,22,F,,False,True,0,0,0,0,0,0,0,0,0,,0,0,0,0,0,0,0,0,0,0,0,0,0,0,0,0,0
2023,1074707,998,Trabzonspor,49866,Uğurcan Çakır,90,1,G,7.2,True,False,0,0,0,0,2,0,2,29,0,11,0,0,0,0,0,0,0,0,0,0,1,0,0,0,0,0,0
2023,1074707,998,Trabzonspor,203018,Mehmet Aydın,90,50,D,6.2,False,False,0,0,0,0,0,0,0,28,0,17,4,0,2,10,6,1,1,0,0,3,0,0,0,2,0,0,0
2023,1074707,998,Trabzonspor,119182,Rayyan Baniya,90,2,D,6.3,False,False,0,0,0,0,0,0,0,16,1,12,1,0,0,5,3,0,0,0,1,1,0,0,0,0,0,0,0
2023,1074707,998,Trabzonspor,67,Stefano Denswil,90,24,D,6.9,False,False,0,0,0,0,0,0,0,27,0,22,1,2,1,4,3,0,0,0,0,0,0,0,0,0,0,0,0
2023,1074707,998,Trabzonspor,50057,Eren Elmalı,80,18,D,6.6,False,False,0,0,0,0,0,0,0,14,0,11,4,0,0,8,5,0,0,2,0,1,1,0,0,0,0,0,0
2023,1074707,998,Trabzonspor,61820,Berat Ayberk Özdemir,90,5,M,7.9,False,False,0,1,1,1,0,0,0,36,0,29,2,2,5,6,5,0,0,0,3,1,0,0,0,0,0,0,0
2023,1074707,998,Trabzonspor,21087,Batista Mendy,90,6,M,6.3,False,False,0,0,0,0,0,0,0,22,0,19,3,0,1,8,5,2,0,1,2,0,0,0,0,0,0,0,0
2023,1074707,998,Trabzonspor,3246,Nicolas Pépé,62,29,M,7,False,False,0,1,1,1,0,0,0,16,0,15,0,0,2,7,1,1,0,2,1,2,0,0,0,0,0,0,0
2023,1074707,998,Trabzonspor,49883,Abdülkadir Ömür,62,10,M,7,False,False,0,0,0,0,0,1,0,19,1,15,2,0,0,11,5,2,0,0,0,0,0,0,0,0,0,0,0
2023,1074707,998,Trabzonspor,49860,Edin Višća,80,7,M,7.5,False,False,1,0,0,0,0,1,0,28,2,20,3,0,2,7,4,0,0,0,1,1,1,0,0,0,0,0,0
2023,1074707,998,Trabzonspor,15812,Paul Onuachu,73,30,F,7.7,False,False,1,1,1,1,0,0,0,13,0,3,2,2,0,26,12,1,1,0,3,10,0,0,0,0,0,0,0
2023,1074707,998,Trabzonspor,607,Anastasios Bakasetas,28,11,M,6.9,False,True,0,1,0,0,0,0,0,6,1,6,2,0,0,7,4,1,1,0,1,2,1,0,0,0,0,0,0
2023,1074707,998,Trabzonspor,2664,Mahmoud Trézéguet,28,27,M,6.2,False,True,1,1,1,0,0,0,0,5,0,5,0,0,0,7,1,0,0,1,1,3,0,0,0,0,0,0,0
2023,1074707,998,Trabzonspor,182422,Enis Destan,17,94,F,6.6,False,True,0,0,0,0,0,0,0,4,0,1,1,0,0,7,4,0,0,0,1,0,0,0,0,0,0,0,0
2023,1074707,998,Trabzonspor,2733,Jens Stryger Larsen,10,19,D,6.3,False,True,0,0,0,0,0,0,0,5,0,5,1,0,0,1,1,0,0,0,0,0,0,0,0,0,0,0,0
2023,1074707,998,Trabzonspor,7625,Taxiarchis Fountas,10,14,F,6.3,False,True,0,0,0,0,0,0,0,3,0,3,1,0,0,6,1,1,0,0,0,1,0,0,0,0,0,0,0
2023,1074707,998,Trabzonspor,135934,Muhammet Taha Tepe,0,54,G,,False,True,0,0,0,0,0,0,0,0,0,,0,0,0,0,0,0,0,0,0,0,0,0,0,0,0,0,0
2023,1074707,998,Trabzonspor,1107,Filip Benković,0,32,D,,False,True,0,0,0,0,0,0,0,0,0,,0,0,0,0,0,0,0,0,0,0,0,0,0,0,0,0,0
2023,1074707,998,Trabzonspor,47461,Enis Bardhi,0,8,M,,False,True,0,0,0,0,0,0,0,0,0,,0,0,0,0,0,0,0,0,0,0,0,0,0,0,0,0,0
2023,1074707,998,Trabzonspor,128968,Umut Güneş,0,23,M,,False,True,0,0,0,0,0,0,0,0,0,,0,0,0,0,0,0,0,0,0,0,0,0,0,0,0,0,0
2023,1074707,998,Trabzonspor,26751,Dimitrios Kourbelis,0,21,M,,False,True,0,0,0,0,0,0,0,0,0,,0,0,0,0,0,0,0,0,0,0,0,0,0,0,0,0,0
2023,1074747,549,Besiktas,49837,Mert Günok,90,34,G,7.9,False,False,0,0,0,0,3,0,6,36,0,16,0,0,0,2,2,1,1,0,1,0,1,0,0,0,0,0,1
2023,1074747,549,Besiktas,26275,Onur Bulut,80,4,D,6.2,False,False,0,0,0,0,0,0,0,30,0,21,2,0,0,4,2,1,0,0,0,0,0,0,0,0,0,0,0
2023,1074747,549,Besiktas,885,Eric Bailly,90,30,D,5.9,False,False,0,0,0,0,0,0,0,36,0,33,0,0,0,6,4,0,0,0,3,3,0,0,0,2,0,0,0
2023,1074747,549,Besiktas,3421,Daniel Amartey,90,12,D,6.7,False,False,0,0,0,0,0,0,0,53,0,47,1,1,0,4,4,1,1,0,0,0,0,0,0,0,0,0,0
2023,1074747,549,Besiktas,50223,Umut Meraş,45,77,D,6.7,False,False,0,0,0,0,0,0,0,12,0,7,0,0,3,1,1,0,0,0,0,0,0,0,0,0,0,0,0
2023,1074747,549,Besiktas,1997,Necip Uysal,90,20,M,6.2,True,False,0,0,0,0,0,0,0,36,0,30,3,0,0,10,3,1,0,1,0,4,1,0,0,0,0,0,0
2023,1074747,549,Besiktas,144656,Jackson Muleka,80,40,M,6.7,False,False,0,0,0,0,0,0,0,18,0,9,2,0,2,15,9,3,2,0,2,1,0,0,0,0,0,0,0
2023,1074747,549,Besiktas,569,Gedson Fernandes,39,83,M,6.5,False,False,0,1,0,0,0,0,0,15,1,10,1,0,1,7,3,2,2,2,0,1,0,0,0,0,0,0,0
2023,1074747,549,Besiktas,297,Alex Oxlade-Chamberlain,90,15,M,7,False,False,0,1,1,1,0,0,0,34,0,33,0,0,1,10,5,5,3,0,2,1,0,0,0,0,1,0,0
2023,1074747,549,Besiktas,1831,Ante Rebić,64,7,M,6.2,False,False,0,0,0,0,0,0,0,8,1,5,0,0,0,6,0,0,0,3,0,1,1,0,0,0,0,0,0
2023,1074747,549,Besiktas,18768,Cenk Tosun,90,9,F,7.2,False,False,0,0,0,0,0,0,0,15,0,11,2,0,0,21,11,2,1,1,4,3,0,0,1,0,0,0,0
2023,1074747,549,Besiktas,31058,Salih Uçan,51,8,M,6.5,False,True,0,0,0,0,0,0,0,26,0,16,1,1,2,8,3,2,1,3,1,2,1,0,0,0,0,0,0
2023,1074747,549,Besiktas,50176,Tayfur Bingöl,45,75,D,6.2,False,True,0,0,0,0,0,0,0,27,0,22,1,0,1,5,3,0,0,0,0,1,1,0,0,0,0,0,0
2023,1074747,549,Besiktas,386,Vincent Aboubakar,26,10,F,6.5,False,True,0,0,0,0,0,0,0,4,0,3,0,0,0,2,1,1,0,0,1,0,0,0,0,0,0,0,0
2023,1074747,549,Besiktas,18780,Rachid Ghezzal,10,18,M,6.2,False,True,0,0,0,0,0,0,0,14,0,9,1,0,0,4,1,2,0,1,0,0,0,0,0,0,0,0,0
2023,1074747,549,Besiktas,53533,Bakhtiyar Zaynutdinov,10,22,M,6.5,False,True,0,0,0,0,0,0,0,7,0,5,0,0,0,4,2,0,0,0,0,1,0,0,0,0,0,0,0
2023,1074747,549,Besiktas,1971,Ersin Destanoğlu,0,1,G,,False,True,0,0,0,0,0,0,0,0,0,,0,0,0,0,0,0,0,0,0,0,0,0,0,0,0,0,0
2023,1074747,549,Besiktas,50006,Amir Hadžiahmetović,0,19,M,,False,True,0,0,0,0,0,0,0,0,0,,0,0,0,0,0,0,0,0,0,0,0,0,0,0,0,0,0
2023,1074747,549,Besiktas,41748,Jean Onana,0,71,M,,False,True,0,0,0,0,0,0,0,0,0,,0,0,0,0,0,0,0,0,0,0,0,0,0,0,0,0,0
2023,1074747,549,Besiktas,336570,Demir Ege Tıknaz,0,21,M,,False,True,0,0,0,0,0,0,0,0,0,,0,0,0,0,0,0,0,0,0,0,0,0,0,0,0,0,0
2023,1074747,549,Besiktas,336567,Semih Kilicsoy,0,90,F,,False,True,0,0,0,0,0,0,0,0,0,,0,0,0,0,0,0,0,0,0,0,0,0,0,0,0,0,0
2023,1074747,611,Fenerbahce,1305,Dominik Livaković,90,40,G,6.5,False,False,0,0,0,0,1,0,0,22,0,13,0,0,0,0,0,0,0,0,0,0,0,0,0,0,0,0,0
2023,1074747,611,Fenerbahce,19588,Bright Osayi-Samuel,89,21,D,7.2,False,False,1,0,0,0,0,0,0,23,0,18,4,2,1,8,6,0,0,0,1,0,0,0,0,0,0,0,0
2023,1074747,611,Fenerbahce,62490,Samet Akaydin,90,3,D,6.6,False,False,0,0,0,0,0,0,0,59,0,53,1,0,3,11,7,2,2,0,0,3,1,0,0,1,0,0,0
2023,1074747,611,Fenerbahce,21633,Alexander Djiku,84,6,D,6.7,False,False,0,1,0,0,0,0,0,42,0,35,1,0,0,11,4,0,0,0,2,3,0,0,0,0,0,0,0
2023,1074747,611,Fenerbahce,1361,Ferdi Kadıoğlu,90,7,D,7.3,False,False,0,0,0,0,0,0,0,47,1,39,4,0,2,16,10,6,4,2,2,1,0,0,0,0,0,0,0
2023,1074747,611,Fenerbahce,41973,Miguel Crespo,90,27,M,7.2,False,False,0,0,0,0,0,0,0,57,2,44,5,0,3,15,9,1,0,3,4,1,0,0,0,0,0,0,0
2023,1074747,611,Fenerbahce,905,Fred,89,35,M,6.9,False,False,0,4,1,0,0,0,0,37,0,33,1,0,2,5,2,1,1,0,0,2,1,0,0,0,0,0,0
2023,1074747,611,Fenerbahce,49857,İrfan Can Kahveci,84,17,M,7.3,False,False,0,3,2,0,0,0,0,34,3,28,1,0,1,9,3,2,1,1,1,1,1,0,0,0,0,0,0
2023,1074747,611,Fenerbahce,40403,Sebastian Szymański,90,53,M,8.5,False,False,0,1,1,1,0,0,0,22,5,17,1,0,1,9,6,0,0,3,4,0,0,0,1,0,0,0,0
2023,1074747,611,Fenerbahce,554,Dušan Tadić,90,10,M,7.7,False,False,0,3,2,1,0,1,0,38,1,24,1,0,0,5,2,1,0,0,1,0,0,0,0,0,1,1,0
2023,1074747,611,Fenerbahce,790,Edin Džeko,89,9,F,7.9,True,False,2,5,2,1,0,0,0,36,1,28,0,0,0,17,6,6,3,1,1,2,1,0,0,0,0,0,0
2023,1074747,611,Fenerbahce,272721,Jayden Oosterwolde,18,24,D,6.3,False,True,0,0,0,0,0,0,0,2,0,2,0,0,0,0,0,0,0,0,0,0,0,0,0,0,0,0,0
2023,1074747,611,Fenerbahce,785,Cengiz Ünder,18,20,F,6.5,False,True,0,1,0,0,0,0,0,4,0,2,0,0,0,3,0,1,0,1,0,1,0,0,0,0,0,0,0
2023,1074747,611,Fenerbahce,1719,Mert Müldür,1,16,D,,False,True,0,0,0,0,0,0,0,2,0,2,0,0,1,0,0,0,0,0,0,0,0,0,0,0,0,0,0
2023,1074747,611,Fenerbahce,214463,İsmail Yüksek,9,5,M,7.3,False,True,0,0,0,0,0,1,0,10,2,8,0,0,0,0,0,0,0,0,0,0,0,0,0,0,0,0,0
2023,1074747,611,Fenerbahce,2927,Michy Batshuayi,9,23,F,6.9,False,True,0,1,1,0,0,0,0,2,0,2,0,0,0,0,0,0,0,0,0,0,0,0,0,0,0,0,0
2023,1074747,611,Fenerbahce,62137,İrfan Can Eğribayat,0,70,G,,False,True,0,0,0,0,0,0,0,0,0,,0,0,0,0,0,0,0,0,0,0,0,0,0,0,0,0,0
2023,1074747,611,Fenerbahce,50097,Mert Hakan Yandaş,0,8,M,,False,True,0,0,0,0,0,0,0,0,0,,0,0,0,0,0,0,0,0,0,0,0,0,0,0,0,0,0
2023,1074747,611,Fenerbahce,162004,Bartuğ Elmaz,0,28,M,,False,True,0,0,0,0,0,0,0,0,0,,0,0,0,0,0,0,0,0,0,0,0,0,0,0,0,0,0
2023,1074747,611,Fenerbahce,47446,Emre Mor,0,99,M,,False,True,0,0,0,0,0,0,0,0,0,,0,0,0,0,0,0,0,0,0,0,0,0,0,0,0,0,0
2023,1074747,611,Fenerbahce,18881,Joshua King,0,15,F,,False,True,0,0,0,0,0,0,0,0,0,,0,0,0,0,0,0,0,0,0,0,0,0,0,0,0,0,0
2023,1074817,564,Istanbul Basaksehir,49835,Volkan Babacan,90,1,G,8.2,True,False,0,0,0,0,1,0,6,37,0,19,0,0,0,0,0,0,0,0,0,0,0,0,0,0,0,0,0
2023,1074817,564,Istanbul Basaksehir,650,Léo Dubois,90,15,D,6.3,False,False,0,0,0,0,0,0,0,33,0,18,0,0,0,8,4,2,1,0,3,1,1,0,0,0,0,0,0
2023,1074817,564,Istanbul Basaksehir,10160,Léo Duarte,90,5,D,6.9,False,False,0,0,0,0,0,0,0,26,0,21,1,1,5,5,1,1,0,0,0,0,0,0,0,0,0,0,0
2023,1074817,564,Istanbul Basaksehir,20968,Ousseynou Ba,90,27,D,7.5,False,False,0,0,0,0,0,0,0,28,0,21,2,4,2,9,5,0,0,0,2,2,1,0,0,0,0,0,0
2023,1074817,564,Istanbul Basaksehir,21082,Lucas Lima,90,6,D,6.9,False,False,0,0,0,0,0,0,0,24,1,15,1,1,2,7,4,0,0,1,2,2,1,0,0,0,0,0,0
2023,1074817,564,Istanbul Basaksehir,62114,Onur Ergün,90,4,M,6.6,False,False,0,1,0,0,0,0,0,33,0,28,2,1,4,7,3,1,1,2,0,2,1,0,0,1,0,0,0
2023,1074817,564,Istanbul Basaksehir,50126,Deniz Türüç,90,23,M,6.6,False,False,0,0,0,0,0,0,0,31,0,20,0,0,1,10,4,3,2,0,1,1,1,0,0,0,0,0,0
2023,1074817,564,Istanbul Basaksehir,50018,Ömer Ali Şahiner,33,42,M,6.7,False,False,1,0,0,0,0,0,0,3,0,3,0,0,0,1,1,0,0,0,1,0,0,0,0,0,0,0,0
2023,1074817,564,Istanbul Basaksehir,24885,Berkay Özcan,90,10,M,6.7,False,False,0,1,0,0,0,0,0,22,0,17,2,0,1,7,3,0,0,0,1,1,0,0,0,0,0,0,0
2023,1074817,564,Istanbul Basaksehir,69942,João Figueiredo,47,25,M,5.5,False,False,0,0,0,0,0,0,0,15,0,8,0,0,0,8,3,3,1,0,2,3,2,1,0,0,0,0,0
2023,1074817,564,Istanbul Basaksehir,1651,Krzysztof Piątek,60,9,F,6.3,False,False,3,1,1,0,0,0,0,17,0,11,0,0,0,10,3,0,0,0,1,2,0,0,0,0,0,0,0
2023,1074817,564,Istanbul Basaksehir,336573,Emirhan İlkhan,57,26,M,6.2,False,True,0,0,0,0,0,0,0,20,0,11,0,0,1,6,0,0,0,1,0,2,0,0,0,0,0,0,0
2023,1074817,564,Istanbul Basaksehir,21270,Philippe Keny,33,17,F,6.3,False,True,0,1,0,0,0,0,0,10,1,4,0,0,0,9,6,2,1,0,1,0,2,1,0,0,0,0,0
2023,1074817,564,Istanbul Basaksehir,278162,Deniz Dilmen,0,98,G,,False,True,0,0,0,0,0,0,0,0,0,,0,0,0,0,0,0,0,0,0,0,0,0,0,0,0,0,0
2023,1074817,564,Istanbul Basaksehir,443739,Hamza Güreler,0,65,D,,False,True,0,0,0,0,0,0,0,0,0,,0,0,0,0,0,0,0,0,0,0,0,0,0,0,0,0,0
2023,1074817,564,Istanbul Basaksehir,365255,Berkay Aydogmus,0,80,M,,False,True,0,0,0,0,0,0,0,0,0,,0,0,0,0,0,0,0,0,0,0,0,0,0,0,0,0,0
2023,1074817,564,Istanbul Basaksehir,50180,Serdar Gürler,0,7,M,,False,True,0,0,0,0,0,0,0,0,0,,0,0,0,0,0,0,0,0,0,0,0,0,0,0,0,0,0
2023,1074817,564,Istanbul Basaksehir,44436,Souza,0,89,M,,False,True,0,0,0,0,0,0,0,0,0,,0,0,0,0,0,0,0,0,0,0,0,0,0,0,0,0,0
2023,1074817,564,Istanbul Basaksehir,49858,Mahmut Tekdemir,0,21,M,,False,True,0,0,0,0,0,0,0,0,0,,0,0,0,0,0,0,0,0,0,0,0,0,0,0,0,0,0
2023,1074817,564,Istanbul Basaksehir,49919,Danijel Aleksić,0,8,M,,False,True,0,0,0,0,0,0,0,0,0,,0,0,0,0,0,0,0,0,0,0,0,0,0,0,0,0,0
2023,1074817,564,Istanbul Basaksehir,339886,Batuhan Celik,0,91,F,,False,True,0,0,0,0,0,0,0,0,0,,0,0,0,0,0,0,0,0,0,0,0,0,0,0,0,0,0
2023,1074817,611,Fenerbahce,1305,Dominik Livaković,90,40,G,7.2,False,False,0,0,0,0,0,0,1,17,0,14,0,0,0,0,0,0,0,0,0,0,0,0,0,0,0,0,0
2023,1074817,611,Fenerbahce,1719,Mert Müldür,90,16,D,7.6,False,False,0,0,0,0,0,0,0,58,2,49,2,0,0,8,5,1,1,1,2,2,0,0,0,0,0,0,0
2023,1074817,611,Fenerbahce,1341,Serdar Aziz,90,4,D,7.3,False,False,0,1,1,0,0,0,0,84,0,74,1,0,1,13,9,0,0,0,2,0,0,0,0,0,0,0,0
2023,1074817,611,Fenerbahce,272721,Jayden Oosterwolde,90,24,D,7.2,False,False,0,0,0,0,0,0,0,74,1,65,1,0,4,8,4,0,0,0,1,2,1,0,0,0,0,0,0
2023,1074817,611,Fenerbahce,1361,Ferdi Kadıoğlu,90,7,D,8.2,False,False,0,0,0,0,0,0,0,68,2,61,1,0,2,10,7,2,2,0,3,2,0,0,0,0,0,0,0
2023,1074817,611,Fenerbahce,214463,İsmail Yüksek,58,5,M,6.9,False,False,0,0,0,0,0,0,0,39,2,32,0,0,0,3,1,1,1,1,0,1,1,0,0,0,0,0,0
2023,1074817,611,Fenerbahce,31054,Rade Krunić,90,33,M,7.3,False,False,0,1,1,0,0,0,0,55,2,48,1,0,2,6,4,0,0,1,0,0,0,0,0,0,0,0,0
2023,1074817,611,Fenerbahce,49857,İrfan Can Kahveci,58,17,M,7.2,False,False,0,0,0,0,0,0,0,35,0,28,1,0,0,8,5,0,0,1,2,1,0,0,0,0,0,0,0
2023,1074817,611,Fenerbahce,40403,Sebastian Szymański,90,53,M,7.7,False,False,0,4,1,0,0,0,0,48,2,42,5,0,1,15,7,0,0,2,0,2,0,0,0,0,0,0,0
2023,1074817,611,Fenerbahce,554,Dušan Tadić,86,10,M,7.5,False,False,0,2,0,0,0,0,0,55,2,44,1,0,1,8,3,0,0,0,2,2,0,0,0,0,0,0,0
2023,1074817,611,Fenerbahce,790,Edin Džeko,90,9,F,8.2,True,False,0,6,3,0,0,0,0,34,4,25,0,0,0,4,4,0,0,0,2,0,0,0,0,0,0,0,0
2023,1074817,611,Fenerbahce,785,Cengiz Ünder,32,20,F,7,False,True,0,2,0,0,0,0,0,18,2,15,0,0,0,1,0,0,0,0,0,0,0,0,0,0,0,0,0
2023,1074817,611,Fenerbahce,2927,Michy Batshuayi,32,23,F,7.2,False,True,0,4,1,1,0,0,0,8,1,5,0,0,0,2,1,0,0,0,0,1,1,0,0,0,1,0,0
2023,1074817,611,Fenerbahce,47446,Emre Mor,12,99,M,6.7,False,True,0,0,0,0,0,0,0,4,1,4,0,0,0,1,0,0,0,0,0,1,1,0,0,0,0,0,0
2023,1074817,611,Fenerbahce,62137,İrfan Can Eğribayat,0,70,G,,False,True,0,0,0,0,0,0,0,0,0,,0,0,0,0,0,0,0,0,0,0,0,0,0,0,0,0,0
2023,1074817,611,Fenerbahce,368141,Furkan Onur Akyüz,0,97,G,,False,True,0,0,0,0,0,0,0,0,0,,0,0,0,0,0,0,0,0,0,0,0,0,0,0,0,0,0
2023,1074817,611,Fenerbahce,21633,Alexander Djiku,0,6,D,,False,True,0,0,0,0,0,0,0,0,0,,0,0,0,0,0,0,0,0,0,0,0,0,0,0,0,0,0
2023,1074817,611,Fenerbahce,10497,Lincoln,0,18,M,,False,True,0,0,0,0,0,0,0,0,0,,0,0,0,0,0,0,0,0,0,0,0,0,0,0,0,0,0
2023,1074817,611,Fenerbahce,50097,Mert Hakan Yandaş,0,8,M,,False,True,0,0,0,0,0,0,0,0,0,,0,0,0,0,0,0,0,0,0,0,0,0,0,0,0,0,0
2023,1074817,611,Fenerbahce,162004,Bartuğ Elmaz,0,28,M,,False,True,0,0,0,0,0,0,0,0,0,,0,0,0,0,0,0,0,0,0,0,0,0,0,0,0,0,0
2023,1074817,611,Fenerbahce,18881,Joshua King,0,15,F,,False,True,0,0,0,0,0,0,0,0,0,,0,0,0,0,0,0,0,0,0,0,0,0,0,0,0,0,0
2023,1074967,645,Galatasaray,429,Fernando Muslera,90,1,G,6.7,True,False,0,0,0,0,1,0,0,28,0,23,0,0,0,0,0,0,0,0,0,0,0,0,0,0,0,0,0
2023,1074967,645,Galatasaray,25448,Kaan Ayhan,90,23,D,7.5,False,False,0,0,0,0,0,0,0,51,0,43,3,0,4,11,8,0,0,0,0,2,0,0,0,0,0,0,0
2023,1074967,645,Galatasaray,15912,Victor Nelsson,80,25,D,6.9,False,False,0,0,0,0,0,0,0,48,0,43,0,1,0,6,3,0,0,0,0,1,0,0,0,0,0,0,0
2023,1074967,645,Galatasaray,168,Davinson Sánchez,90,6,D,7.2,False,False,0,0,0,0,0,0,0,78,0,70,2,0,1,6,5,0,0,0,1,0,0,0,0,0,0,0,0
2023,1074967,645,Galatasaray,128853,Derrick Köhn,73,17,D,6.7,False,False,0,1,0,0,0,0,0,34,1,25,2,0,2,11,3,3,1,0,0,5,0,0,0,0,0,0,0
2023,1074967,645,Galatasaray,1462,Lucas Torreira,90,34,M,7.3,False,False,0,1,0,0,0,0,0,76,2,67,1,0,1,9,5,1,1,2,2,1,0,0,0,0,0,0,0
2023,1074967,645,Galatasaray,717,Kerem Demirbay,74,8,M,6.9,False,False,0,0,0,0,0,0,0,42,1,35,2,0,0,4,3,0,0,0,0,1,0,0,0,0,0,0,0
2023,1074967,645,Galatasaray,548,Hakim Ziyech,84,22,M,6.9,False,False,0,1,0,0,0,0,0,25,1,19,3,1,0,11,5,3,0,1,2,2,1,0,0,0,0,0,0
2023,1074967,645,Galatasaray,332,Dries Mertens,84,10,M,6.5,False,False,0,1,0,0,0,0,0,29,0,24,2,0,0,8,5,2,0,0,2,1,1,0,0,0,0,0,0
2023,1074967,645,Galatasaray,63274,Barış Alper Yılmaz,90,53,M,6,False,False,1,1,0,0,0,0,0,25,0,17,2,0,0,13,7,2,2,0,1,4,1,0,0,0,0,0,0
2023,1074967,645,Galatasaray,216,Mauro Icardi,90,9,F,6.7,False,False,0,0,0,0,0,0,0,7,0,5,0,0,0,4,2,0,0,0,1,0,0,0,0,0,0,0,0
2023,1074967,645,Galatasaray,142959,Kerem Aktürkoğlu,17,7,F,6.3,False,True,0,0,0,0,0,0,0,5,0,3,0,0,0,0,0,0,0,0,0,0,0,0,0,0,0,0,0
2023,1074967,645,Galatasaray,264627,Berkan Kutlu,16,18,M,6.9,False,True,0,0,0,0,0,0,0,15,1,12,0,0,0,2,1,0,0,0,0,1,1,0,0,0,0,0,0
2023,1074967,645,Galatasaray,3247,Wilfried Zaha,10,14,F,6.6,False,True,0,0,0,0,0,0,0,8,1,6,1,0,0,3,1,1,0,0,0,0,0,0,0,0,0,0,0
2023,1074967,645,Galatasaray,691,Tetê,14,20,F,6.3,False,True,0,0,0,0,0,0,0,3,0,1,0,0,0,1,0,0,0,0,0,0,0,0,0,0,0,0,0
2023,1074967,645,Galatasaray,104,Carlos Vinícius,14,95,F,6.6,False,True,0,0,0,0,0,0,0,1,1,1,0,0,0,3,1,1,1,1,0,0,0,0,0,0,0,0,0
2023,1074967,645,Galatasaray,61950,Günay Güvenç,0,19,G,,False,True,0,0,0,0,0,0,0,0,0,,0,0,0,0,0,0,0,0,0,0,0,0,0,0,0,0,0
2023,1074967,645,Galatasaray,163,Serge Aurier,0,92,D,,False,True,0,0,0,0,0,0,0,0,0,,0,0,0,0,0,0,0,0,0,0,0,0,0,0,0,0,0
2023,1074967,645,Galatasaray,61837,Abdülkerim Bardakcı,0,42,D,,False,True,0,0,0,0,0,0,0,0,0,,0,0,0,0,0,0,0,0,0,0,0,0,0,0,0,0,0
2023,1074967,645,Galatasaray,2375,Sérgio Oliveira,0,27,M,,False,True,0,0,0,0,0,0,0,0,0,,0,0,0,0,0,0,0,0,0,0,0,0,0,0,0,0,0
2023,1074967,645,Galatasaray,322506,Eyüp Aydın,0,5,M,,False,True,0,0,0,0,0,0,0,0,0,,0,0,0,0,0,0,0,0,0,0,0,0,0,0,0,0,0
2023,1074967,611,Fenerbahce,1305,Dominik Livaković,90,40,G,6.6,False,False,0,0,0,0,0,0,0,25,0,10,0,0,0,0,0,0,0,0,0,0,1,0,0,0,0,0,0
2023,1074967,611,Fenerbahce,19588,Bright Osayi-Samuel,90,21,D,6.3,False,False,0,0,0,0,0,0,0,13,0,10,1,0,0,13,5,1,1,1,3,1,1,0,0,0,0,0,0
2023,1074967,611,Fenerbahce,18776,Çağlar Söyüncü,90,2,D,7.6,False,False,0,1,1,1,0,0,0,11,0,5,0,2,2,3,1,1,0,1,0,0,0,0,0,0,0,0,0
2023,1074967,611,Fenerbahce,272721,Jayden Oosterwolde,90,24,D,7.2,False,False,0,0,0,0,0,0,0,20,0,14,2,2,1,7,3,0,0,0,0,3,0,0,0,0,0,0,0
2023,1074967,611,Fenerbahce,1361,Ferdi Kadıoğlu,90,7,D,7.2,False,False,0,1,0,0,0,0,0,18,0,15,3,0,1,9,6,3,1,0,1,1,0,0,0,0,0,0,0
2023,1074967,611,Fenerbahce,21633,Alexander Djiku,21,6,M,3.9,False,False,0,0,0,0,0,0,0,5,0,3,1,0,1,2,1,0,0,0,0,1,2,1,0,0,0,0,0
2023,1074967,611,Fenerbahce,905,Fred,90,35,M,6.6,False,False,0,3,0,0,0,0,0,31,1,19,1,0,0,6,3,1,0,1,2,1,1,0,0,0,0,0,0
2023,1074967,611,Fenerbahce,40403,Sebastian Szymański,90,53,M,7.5,False,False,1,3,0,0,0,0,0,28,1,20,3,1,1,16,9,1,1,2,5,1,0,0,0,0,0,0,0
2023,1074967,611,Fenerbahce,50097,Mert Hakan Yandaş,65,8,M,7.2,False,False,0,0,0,0,0,0,0,18,3,12,1,0,0,6,4,0,0,0,3,1,1,0,0,0,0,0,0
2023,1074967,611,Fenerbahce,554,Dušan Tadić,89,10,M,6.2,True,False,0,0,0,0,0,0,0,17,0,10,0,0,0,9,2,1,1,0,1,0,0,0,0,0,0,0,0
2023,1074967,611,Fenerbahce,2927,Michy Batshuayi,83,23,F,6.3,False,False,1,0,0,0,0,0,0,9,0,6,0,0,0,15,5,0,0,0,2,1,1,0,0,0,0,0,0
2023,1074967,611,Fenerbahce,18881,Joshua King,25,15,F,6.3,False,True,0,1,0,0,0,0,0,8,0,7,0,1,0,6,4,0,0,0,1,0,0,0,0,0,0,0,0
2023,1074967,611,Fenerbahce,790,Edin Džeko,15,9,F,6.3,False,True,1,0,0,0,0,0,0,3,0,2,0,0,0,0,0,0,0,0,0,0,0,0,0,0,0,0,0
2023,1074967,611,Fenerbahce,853,Leonardo Bonucci,9,19,D,6.7,False,True,0,0,0,0,0,0,0,1,0,1,0,0,0,0,0,0,0,0,0,0,0,0,0,0,0,0,0
2023,1074967,611,Fenerbahce,62137,İrfan Can Eğribayat,0,70,G,,False,True,0,0,0,0,0,0,0,0,0,,0,0,0,0,0,0,0,0,0,0,0,0,0,0,0,0,0
2023,1074967,611,Fenerbahce,412703,Yusuf Akcicek,0,95,D,,False,True,0,0,0,0,0,0,0,0,0,,0,0,0,0,0,0,0,0,0,0,0,0,0,0,0,0,0
2023,1074967,611,Fenerbahce,1719,Mert Müldür,0,16,D,,False,True,0,0,0,0,0,0,0,0,0,,0,0,0,0,0,0,0,0,0,0,0,0,0,0,0,0,0
2023,1074967,611,Fenerbahce,460825,Muhammet Zeki Dursun,0,88,M,,False,True,0,0,0,0,0,0,0,0,0,,0,0,0,0,0,0,0,0,0,0,0,0,0,0,0,0,0
2023,1074967,611,Fenerbahce,1369,Miha Zajc,0,26,M,,False,True,0,0,0,0,0,0,0,0,0,,0,0,0,0,0,0,0,0,0,0,0,0,0,0,0,0,0
2023,1074967,611,Fenerbahce,413019,Efekan Karayazi,0,92,M,,False,True,0,0,0,0,0,0,0,0,0,,0,0,0,0,0,0,0,0,0,0,0,0,0,0,0,0,0
2023,1074967,611,Fenerbahce,25053,Serdar Dursun,0,91,F,,False,True,0,0,0,0,0,0,0,0,0,,0,0,0,0,0,0,0,0,0,0,0,0,0,0,0,0,0
2023,1074927,1002,Sivasspor,50078,Ali Şaşal Vural,90,35,G,6.9,False,False,0,0,0,0,2,0,4,39,0,19,0,0,0,0,0,0,0,0,0,0,0,0,0,0,0,0,0
2023,1074927,1002,Sivasspor,61870,Murat Paluli,85,99,D,6.9,False,False,0,0,0,0,0,1,0,22,1,20,0,0,1,2,0,1,0,0,0,1,0,0,0,0,0,0,0
2023,1074927,1002,Sivasspor,26741,Achilleas Poungouras,90,44,D,6.5,False,False,0,0,0,0,0,0,0,34,0,30,1,0,2,5,2,0,0,2,0,1,0,0,0,0,0,0,0
2023,1074927,1002,Sivasspor,62018,Aaron Appindangoyé,90,4,D,6.9,False,False,0,0,0,0,0,0,0,26,0,19,0,3,1,3,1,1,1,1,0,0,0,0,0,0,0,0,0
2023,1074927,1002,Sivasspor,20686,Samba Camara,90,14,D,7.2,False,False,0,0,0,0,0,0,0,34,1,32,1,0,1,2,2,0,0,0,0,0,0,0,0,0,0,0,0
2023,1074927,1002,Sivasspor,50082,Uğur Çiftçi,90,3,D,6.2,True,False,0,2,1,0,0,0,0,39,0,31,1,0,0,12,4,4,1,1,2,2,1,0,0,0,0,0,0
2023,1074927,1002,Sivasspor,50074,Bengali-Fodé Koita,89,55,M,7.2,False,False,0,2,2,1,0,0,0,30,1,21,4,0,0,17,9,3,1,0,2,0,1,0,0,0,0,0,0
2023,1074927,1002,Sivasspor,162004,Bartuğ Elmaz,89,33,M,6.6,False,False,0,1,0,0,0,0,0,44,0,32,1,1,1,4,2,0,0,1,0,0,0,0,0,0,0,0,0
2023,1074927,1002,Sivasspor,50200,İbrahim Akdağ,73,12,M,6.3,False,False,0,1,0,0,0,0,0,33,2,24,0,1,0,6,3,2,1,1,1,0,1,0,0,0,0,0,0
2023,1074927,1002,Sivasspor,87818,Queensy Menig,73,95,M,6.7,False,False,0,0,0,0,0,0,0,19,2,16,0,0,0,1,0,1,0,0,0,0,0,0,0,0,0,0,0
2023,1074927,1002,Sivasspor,46725,Rey Manaj,90,9,F,7.5,False,False,1,1,1,1,0,0,0,18,0,13,0,0,0,18,8,3,2,0,6,2,1,0,1,0,1,0,0
2023,1074927,1002,Sivasspor,14338,Mijo Caktaš,17,30,M,6.5,False,True,0,0,0,0,0,0,0,8,0,6,2,0,0,3,2,1,0,0,0,0,0,0,0,0,0,0,0
2023,1074927,1002,Sivasspor,1919,Clinton N'Jie,17,10,F,6.3,False,True,0,0,0,0,0,0,0,5,0,4,0,0,0,1,0,0,0,1,0,0,0,0,0,0,0,0,0
2023,1074927,1002,Sivasspor,62033,Alaaddin Okumuş,20,23,D,6.6,False,True,0,0,0,0,0,0,0,5,0,5,0,0,0,0,0,0,0,0,0,0,0,0,0,0,0,0,0
2023,1074927,1002,Sivasspor,66175,Roman Kvet,16,19,M,6.3,False,True,0,0,0,0,0,0,0,2,0,2,0,0,0,1,0,0,0,1,0,0,0,0,0,0,0,0,0
2023,1074927,1002,Sivasspor,50204,Emrah Başsan,16,17,M,6.3,False,True,0,0,0,0,0,0,0,3,0,3,0,0,0,0,0,0,0,0,0,0,0,0,0,0,0,0,0
2023,1074927,1002,Sivasspor,48653,Đorđe Nikolić,0,13,G,,False,True,0,0,0,0,0,0,0,0,0,,0,0,0,0,0,0,0,0,0,0,0,0,0,0,0,0,0
2023,1074927,1002,Sivasspor,2137,Caner Osmanpaşa,0,88,D,,False,True,0,0,0,0,0,0,0,0,0,,0,0,0,0,0,0,0,0,0,0,0,0,0,0,0,0,0
2023,1074927,1002,Sivasspor,50083,Ziya Erdal,0,58,D,,False,True,0,0,0,0,0,0,0,0,0,,0,0,0,0,0,0,0,0,0,0,0,0,0,0,0,0,0
2023,1074927,1002,Sivasspor,334063,Mehmet Albayrak,0,69,D,,False,True,0,0,0,0,0,0,0,0,0,,0,0,0,0,0,0,0,0,0,0,0,0,0,0,0,0,0
2023,1074927,1002,Sivasspor,50221,Burak Kapacak,0,16,M,,False,True,0,0,0,0,0,0,0,0,0,,0,0,0,0,0,0,0,0,0,0,0,0,0,0,0,0,0
2023,1074927,611,Fenerbahce,1305,Dominik Livaković,90,40,G,6.7,False,False,0,0,0,0,2,0,2,16,0,16,0,0,0,0,0,0,0,0,0,0,0,0,0,0,0,0,0
2023,1074927,611,Fenerbahce,19588,Bright Osayi-Samuel,64,21,D,6.9,False,False,0,0,0,0,0,0,0,31,0,29,3,0,0,3,3,0,0,0,0,0,0,0,0,0,0,0,0
2023,1074927,611,Fenerbahce,829,Rodrigo Becão,90,50,D,6.6,False,False,0,0,0,0,0,0,0,46,0,43,3,1,0,12,7,0,0,2,0,3,0,0,0,0,0,0,0
2023,1074927,611,Fenerbahce,21633,Alexander Djiku,90,6,D,6.5,False,False,0,0,0,0,0,0,0,73,0,59,0,0,2,7,3,0,0,0,2,2,0,0,0,1,0,0,0
2023,1074927,611,Fenerbahce,1361,Ferdi Kadıoğlu,90,7,D,7.2,False,False,0,0,0,0,0,1,0,62,3,57,5,0,0,7,5,0,0,0,0,1,0,0,0,0,0,0,0
2023,1074927,611,Fenerbahce,214463,İsmail Yüksek,90,5,M,7.3,False,False,0,1,0,0,0,1,0,114,1,106,2,0,0,6,3,0,0,0,0,2,1,0,0,0,0,0,0
2023,1074927,611,Fenerbahce,905,Fred,90,35,M,8,False,False,0,1,1,1,0,0,0,116,0,102,4,1,1,13,6,2,2,3,0,0,0,0,0,0,0,0,0
2023,1074927,611,Fenerbahce,49857,İrfan Can Kahveci,89,17,M,8.5,False,False,1,1,1,1,0,0,0,66,3,50,0,0,0,9,6,5,5,0,1,2,0,0,0,0,0,0,0
2023,1074927,611,Fenerbahce,40403,Sebastian Szymański,71,53,M,7,False,False,1,2,1,0,0,0,0,30,0,28,1,0,0,2,2,0,0,0,1,0,0,0,0,0,0,0,0
2023,1074927,611,Fenerbahce,554,Dušan Tadić,64,10,M,6.9,False,False,0,1,0,0,0,0,0,31,1,25,0,0,0,0,0,0,0,0,0,0,0,0,0,0,0,0,0
2023,1074927,611,Fenerbahce,790,Edin Džeko,71,9,F,7,True,False,1,3,3,0,0,0,0,25,0,19,0,0,0,5,1,0,0,1,0,1,0,0,0,0,0,0,0
2023,1074927,611,Fenerbahce,1719,Mert Müldür,26,16,D,6.7,False,True,0,0,0,0,0,0,0,13,1,9,1,0,1,3,2,0,0,0,0,0,0,0,0,0,0,0,0
2023,1074927,611,Fenerbahce,785,Cengiz Ünder,26,20,F,6.7,False,True,0,0,0,0,0,0,0,10,0,8,0,0,0,4,2,1,1,0,0,0,0,0,0,0,0,0,0
2023,1074927,611,Fenerbahce,2927,Michy Batshuayi,19,23,F,6.6,False,True,1,0,0,0,0,0,0,9,1,7,0,0,0,0,0,0,0,0,0,0,0,0,0,0,0,0,0
2023,1074927,611,Fenerbahce,25053,Serdar Dursun,19,91,F,6.6,False,True,0,1,0,0,0,0,0,11,0,9,0,0,0,4,2,0,0,0,1,0,0,0,0,0,0,0,0
2023,1074927,611,Fenerbahce,18881,Joshua King,1,15,F,,False,True,0,0,0,0,0,0,0,2,0,1,0,0,0,0,0,0,0,0,0,0,0,0,0,0,0,0,0
2023,1074927,611,Fenerbahce,62137,İrfan Can Eğribayat,0,70,G,,False,True,0,0,0,0,0,0,0,0,0,,0,0,0,0,0,0,0,0,0,0,0,0,0,0,0,0,0
2023,1074927,611,Fenerbahce,18776,Çağlar Söyüncü,0,2,D,,False,True,0,0,0,0,0,0,0,0,0,,0,0,0,0,0,0,0,0,0,0,0,0,0,0,0,0,0
2023,1074927,611,Fenerbahce,50097,Mert Hakan Yandaş,0,8,M,,False,True,0,0,0,0,0,0,0,0,0,,0,0,0,0,0,0,0,0,0,0,0,0,0,0,0,0,0
2023,1074927,611,Fenerbahce,413019,Efekan Karayazi,0,92,M,,False,True,0,0,0,0,0,0,0,0,0,,0,0,0,0,0,0,0,0,0,0,0,0,0,0,0,0,0
2023,1074927,611,Fenerbahce,31054,Rade Krunić,0,33,M,,False,True,0,0,0,0,0,0,0,0,0,,0,0,0,0,0,0,0,0,0,0,0,0,0,0,0,0,0
2023,1074857,1007,Rizespor,62401,Tarik Çetin,90,1,G,5.9,True,False,0,0,0,0,3,0,2,22,0,14,1,0,0,1,1,0,0,0,0,0,0,0,0,0,0,0,0
2023,1074857,1007,Rizespor,151971,Muhammet Taha Şahin,90,37,D,6.5,False,False,0,0,0,0,0,0,0,49,0,34,2,0,2,4,3,0,0,0,1,0,0,0,0,0,0,0,0
2023,1074857,1007,Rizespor,2335,Attila Mocsi,90,4,D,6.6,False,False,0,0,0,0,0,0,0,47,0,39,1,1,0,14,7,3,2,0,1,0,0,0,0,0,0,0,0
2023,1074857,1007,Rizespor,50046,Emirhan Topçu,90,53,D,6.9,False,False,0,1,1,0,0,0,0,35,0,23,4,0,1,13,8,2,2,0,2,1,1,0,0,0,0,0,0
2023,1074857,1007,Rizespor,15579,Casper Højer,90,5,D,6.2,False,False,0,0,0,0,0,0,0,33,1,20,1,0,1,6,2,1,1,0,0,2,0,0,0,0,0,0,0
2023,1074857,1007,Rizespor,62696,Muammer Sarıkaya,69,24,M,6.3,False,False,0,1,0,0,0,0,0,24,0,14,1,0,0,10,6,1,0,1,3,1,1,0,0,0,0,0,0
2023,1074857,1007,Rizespor,18904,Jonjo Shelvey,90,6,M,7,False,False,0,0,0,0,0,0,0,63,2,40,2,0,3,12,8,1,1,0,1,4,1,0,0,0,0,0,0
2023,1074857,1007,Rizespor,1186,Babajide David Akintola,69,28,M,6.7,False,False,0,1,0,0,0,1,0,15,1,11,1,0,0,15,4,2,2,0,1,4,1,0,0,0,0,0,0
2023,1074857,1007,Rizespor,180644,Ibrahim Olawoyin,90,10,M,7.3,False,False,0,2,2,0,0,0,0,39,0,27,0,0,2,25,14,9,6,1,4,0,0,0,0,0,0,0,0
2023,1074857,1007,Rizespor,62510,Benhur Keser,28,7,M,6.7,False,False,1,0,0,0,0,0,0,4,0,4,0,0,1,2,1,0,0,0,1,0,0,0,0,0,0,0,0
2023,1074857,1007,Rizespor,11116,Martin Minchev,77,89,F,6.9,False,False,1,1,1,1,0,0,0,9,0,7,0,0,0,8,1,1,0,0,1,3,0,0,0,0,0,0,0
2023,1074857,1007,Rizespor,127164,Altin Zeqiri,62,77,M,6.7,False,True,0,0,0,0,0,0,0,20,0,17,2,0,0,6,4,3,2,1,0,0,0,0,0,0,0,0,0
2023,1074857,1007,Rizespor,138833,Dal Varešanović,21,8,M,6.2,False,True,0,0,0,0,0,0,0,5,0,5,0,1,0,4,0,1,0,1,0,0,0,0,0,0,0,0,0
2023,1074857,1007,Rizespor,6629,Adolfo Gaich,21,9,F,6.7,False,True,0,0,0,0,0,0,0,5,0,1,0,0,1,3,2,0,0,0,1,0,0,0,0,0,0,0,0
2023,1074857,1007,Rizespor,151943,Mithat Pala,13,54,M,6.5,False,True,0,0,0,0,0,0,0,10,0,8,0,0,1,5,2,0,0,1,1,1,0,0,0,0,0,0,0
2023,1074857,1007,Rizespor,134755,Canberk Yurdakul,0,40,G,,False,True,0,0,0,0,0,0,0,0,0,,0,0,0,0,0,0,0,0,0,0,0,0,0,0,0,0,0
2023,1074857,1007,Rizespor,61812,Halil Ibrahim Pehlivan,0,3,D,,False,True,0,0,0,0,0,0,0,0,0,,0,0,0,0,0,0,0,0,0,0,0,0,0,0,0,0,0
2023,1074857,1007,Rizespor,73509,Husniddin Alikulov,0,2,D,,False,True,0,0,0,0,0,0,0,0,0,,0,0,0,0,0,0,0,0,0,0,0,0,0,0,0,0,0
2023,1074857,1007,Rizespor,137430,Seyfettin Anil Yasar,0,16,D,,False,True,0,0,0,0,0,0,0,0,0,,0,0,0,0,0,0,0,0,0,0,0,0,0,0,0,0,0
2023,1074857,1007,Rizespor,338502,Eray Korkmaz,0,27,D,,False,True,0,0,0,0,0,0,0,0,0,,0,0,0,0,0,0,0,0,0,0,0,0,0,0,0,0,0
2023,1074857,1007,Rizespor,41311,Gustavo Sauer,0,11,F,,False,True,0,0,0,0,0,0,0,0,0,,0,0,0,0,0,0,0,0,0,0,0,0,0,0,0,0,0
2023,1074857,611,Fenerbahce,1305,Dominik Livaković,90,40,G,6.9,False,False,0,0,0,0,1,0,3,14,0,6,0,0,0,1,0,0,0,0,0,0,0,0,0,0,0,0,0
2023,1074857,611,Fenerbahce,1361,Ferdi Kadıoğlu,89,7,D,6.9,False,False,0,2,0,0,0,0,0,29,1,12,3,0,2,8,6,0,0,1,2,0,0,0,0,0,0,0,0
2023,1074857,611,Fenerbahce,18776,Çağlar Söyüncü,90,2,D,7.2,False,False,1,1,0,0,0,0,0,34,0,25,1,0,0,11,8,0,0,1,2,0,0,0,0,0,0,0,0
2023,1074857,611,Fenerbahce,21633,Alexander Djiku,90,6,D,7.2,False,False,0,0,0,0,0,0,0,31,1,25,3,0,1,8,7,0,0,0,1,1,0,0,0,0,0,0,0
2023,1074857,611,Fenerbahce,272721,Jayden Oosterwolde,90,24,D,6.9,False,False,0,0,0,0,0,0,0,31,0,18,5,0,0,13,9,0,0,0,2,2,0,0,0,0,0,0,0
2023,1074857,611,Fenerbahce,31054,Rade Krunić,45,33,M,6.3,False,False,0,0,0,0,0,0,0,20,0,17,0,0,0,3,1,0,0,1,0,1,0,0,0,0,0,0,0
2023,1074857,611,Fenerbahce,214463,İsmail Yüksek,90,5,M,6.7,False,False,0,0,0,0,0,0,0,35,0,24,4,0,1,22,9,0,0,5,3,3,0,0,0,0,0,0,0
2023,1074857,611,Fenerbahce,785,Cengiz Ünder,45,20,M,6.5,False,False,0,0,0,0,0,0,0,14,2,10,0,0,1,5,0,1,0,2,0,2,1,0,0,0,0,0,0
2023,1074857,611,Fenerbahce,40403,Sebastian Szymański,45,53,M,6.7,False,False,0,0,0,0,0,0,0,15,2,11,1,0,1,5,3,1,0,0,1,0,0,0,0,0,0,0,0
2023,1074857,611,Fenerbahce,554,Dušan Tadić,90,10,M,6.9,False,False,0,0,0,0,0,1,0,33,2,18,1,0,1,9,1,2,0,3,0,2,0,0,0,0,0,0,0
2023,1074857,611,Fenerbahce,790,Edin Džeko,80,9,F,6.7,True,False,0,3,2,1,0,0,0,22,0,14,0,0,0,13,3,3,0,2,0,1,0,0,0,0,0,0,0
2023,1074857,611,Fenerbahce,50097,Mert Hakan Yandaş,45,8,M,7.5,False,True,0,2,0,0,0,1,0,17,2,10,2,0,0,6,5,1,1,0,1,1,1,0,0,0,0,0,0
2023,1074857,611,Fenerbahce,49857,İrfan Can Kahveci,45,17,M,8.5,False,True,0,1,1,1,0,1,0,6,2,4,1,0,0,9,6,5,4,1,1,0,0,0,0,0,0,0,0
2023,1074857,611,Fenerbahce,25053,Serdar Dursun,45,91,F,7.7,False,True,0,2,2,1,0,0,0,9,0,7,1,0,0,13,6,0,0,0,3,4,0,0,0,0,0,0,0
2023,1074857,611,Fenerbahce,853,Leonardo Bonucci,10,19,D,6.6,False,True,0,0,0,0,0,0,0,2,0,1,1,0,0,1,1,0,0,0,0,0,0,0,0,0,0,0,0
2023,1074857,611,Fenerbahce,1719,Mert Müldür,1,16,D,,False,True,0,0,0,0,0,0,0,0,0,,0,0,0,1,0,0,0,0,0,1,0,0,0,0,0,0,0
2023,1074857,611,Fenerbahce,62137,İrfan Can Eğribayat,0,70,G,,False,True,0,0,0,0,0,0,0,0,0,,0,0,0,0,0,0,0,0,0,0,0,0,0,0,0,0,0
2023,1074857,611,Fenerbahce,1341,Serdar Aziz,0,4,D,,False,True,0,0,0,0,0,0,0,0,0,,0,0,0,0,0,0,0,0,0,0,0,0,0,0,0,0,0
2023,1074857,611,Fenerbahce,413019,Efekan Karayazi,0,92,M,,False,True,0,0,0,0,0,0,0,0,0,,0,0,0,0,0,0,0,0,0,0,0,0,0,0,0,0,0
2023,1074857,611,Fenerbahce,1369,Miha Zajc,0,26,M,,False,True,0,0,0,0,0,0,0,0,0,,0,0,0,0,0,0,0,0,0,0,0,0,0,0,0,0,0
2023,1074857,611,Fenerbahce,2927,Michy Batshuayi,0,23,F,,False,True,0,0,0,0,0,0,0,0,0,,0,0,0,0,0,0,0,0,0,0,0,0,0,0,0,0,0
2023,1074672,1004,Kasimpasa,1588,Andreas Gianniotis,90,1,G,7.9,False,False,0,0,0,0,2,0,5,39,0,13,0,0,0,0,0,0,0,0,0,0,0,0,0,0,0,0,0
2023,1074672,1004,Kasimpasa,10563,Cláudio Winck,90,2,D,6.3,False,False,0,0,0,0,0,0,0,41,0,27,1,0,3,7,1,1,0,1,0,3,0,0,0,0,0,0,0
2023,1074672,1004,Kasimpasa,2772,Kenneth Omeruo,90,4,D,6.9,False,False,0,0,0,0,0,0,0,39,0,26,4,2,1,8,5,0,0,0,0,2,1,0,0,0,0,0,0
2023,1074672,1004,Kasimpasa,1343,Sadık Çiftpınar,90,5,D,6.6,False,False,0,1,0,0,0,0,0,26,0,24,1,1,2,6,2,0,0,1,1,2,1,0,0,0,0,0,0
2023,1074672,1004,Kasimpasa,376039,Yasin Özcan,62,58,D,5.9,False,False,0,0,0,0,0,0,0,20,0,13,3,0,1,8,3,1,0,2,0,1,0,0,0,1,0,0,0
2023,1074672,1004,Kasimpasa,25522,Gökhan Gül,90,6,M,6.6,False,False,0,1,1,0,0,0,0,36,0,27,0,0,0,5,3,0,0,1,1,0,0,0,0,0,0,0,0
2023,1074672,1004,Kasimpasa,50067,Haris Hajradinović,81,10,M,7.2,True,False,0,1,0,0,0,0,0,42,2,31,3,0,1,8,8,0,0,0,3,0,0,0,0,0,0,0,0
2023,1074672,1004,Kasimpasa,2109,Samuel Bastien,62,28,M,6.3,False,False,0,0,0,0,0,0,0,19,1,16,0,0,0,5,2,0,0,1,1,0,0,0,0,0,0,0,0
2023,1074672,1004,Kasimpasa,50235,Aytaç Kara,90,35,M,6.6,False,False,0,0,0,0,0,0,0,29,2,19,2,0,0,10,6,1,1,0,1,2,0,0,0,0,0,0,0
2023,1074672,1004,Kasimpasa,49469,Mortadha Ben Ouanes,88,12,M,6.3,False,False,0,0,0,0,0,0,0,37,0,25,2,0,1,8,4,1,0,1,1,0,0,0,0,0,0,0,0
2023,1074672,1004,Kasimpasa,48590,Julien Ngoy,90,9,F,6.2,False,False,0,0,0,0,0,0,0,7,0,5,0,0,0,8,2,2,0,0,0,2,1,0,0,0,0,0,0
2023,1074672,1004,Kasimpasa,62107,Tuncer Duhan Aksu,28,3,D,6.3,False,True,0,0,0,0,0,0,0,3,0,2,0,0,0,2,0,0,0,0,0,1,0,0,0,0,0,0,0
2023,1074672,1004,Kasimpasa,22265,Nuno Da Costa,28,18,F,6.6,False,True,0,0,0,0,0,0,0,8,0,3,0,0,0,9,5,1,1,0,4,0,0,0,0,0,0,0,0
2023,1074672,1004,Kasimpasa,21386,Iron Gomis,9,97,M,6.5,False,True,0,0,0,0,0,0,0,4,0,3,1,0,0,2,1,1,0,0,0,0,0,0,0,0,0,0,0
2023,1074672,1004,Kasimpasa,144693,Erdem Çetinkaya,8,11,F,6.2,False,True,0,0,0,0,0,0,0,5,0,4,0,0,1,2,0,1,0,0,0,0,0,0,0,0,0,0,0
2023,1074672,1004,Kasimpasa,63222,Ali Emre Yanar,0,25,G,,False,True,0,0,0,0,0,0,0,0,0,,0,0,0,0,0,0,0,0,0,0,0,0,0,0,0,0,0
2023,1074672,1004,Kasimpasa,416100,Taylan Utku Aydin,0,29,D,,False,True,0,0,0,0,0,0,0,0,0,,0,0,0,0,0,0,0,0,0,0,0,0,0,0,0,0,0
2023,1074672,1004,Kasimpasa,138980,Selim Dilli,0,20,M,,False,True,0,0,0,0,0,0,0,0,0,,0,0,0,0,0,0,0,0,0,0,0,0,0,0,0,0,0
2023,1074672,1004,Kasimpasa,36793,Dries Saddiki,0,17,M,,False,True,0,0,0,0,0,0,0,0,0,,0,0,0,0,0,0,0,0,0,0,0,0,0,0,0,0,0
2023,1074672,1004,Kasimpasa,351316,Sarp Yavrucu,0,19,F,,False,True,0,0,0,0,0,0,0,0,0,,0,0,0,0,0,0,0,0,0,0,0,0,0,0,0,0,0
2023,1074672,1004,Kasimpasa,292592,Hasan Yesilyurt,0,80,M,,False,True,0,0,0,0,0,0,0,0,0,,0,0,0,0,0,0,0,0,0,0,0,0,0,0,0,0,0
2023,1074672,611,Fenerbahce,1305,Dominik Livaković,90,40,G,6.9,False,False,0,0,0,0,0,0,1,21,0,12,0,0,0,0,0,0,0,0,0,0,0,0,0,0,0,0,0
2023,1074672,611,Fenerbahce,1361,Ferdi Kadıoğlu,90,7,D,7.6,False,False,0,1,1,0,0,0,0,68,4,63,1,0,0,10,3,5,2,1,0,1,0,0,0,0,0,0,0
2023,1074672,611,Fenerbahce,829,Rodrigo Becão,90,50,D,7.2,False,False,0,1,0,0,0,0,0,58,0,50,1,2,0,6,5,0,0,0,0,1,0,0,0,0,0,0,0
2023,1074672,611,Fenerbahce,21633,Alexander Djiku,90,6,D,7.3,False,False,0,0,0,0,0,0,0,69,0,61,2,0,4,7,4,0,0,0,0,1,0,0,0,0,0,0,0
2023,1074672,611,Fenerbahce,272721,Jayden Oosterwolde,74,24,D,6.3,False,False,0,0,0,0,0,0,0,26,0,16,1,0,0,10,4,5,2,0,0,2,0,0,0,0,0,0,0
2023,1074672,611,Fenerbahce,214463,İsmail Yüksek,90,5,M,7.9,False,False,0,1,0,0,0,0,0,69,1,60,3,0,5,9,5,0,0,0,1,3,0,0,0,0,0,0,0
2023,1074672,611,Fenerbahce,905,Fred,90,35,M,7.9,False,False,0,2,0,0,0,0,0,70,2,64,2,0,3,7,4,1,0,0,2,1,0,0,0,0,0,0,0
2023,1074672,611,Fenerbahce,49857,İrfan Can Kahveci,74,17,M,7.2,False,False,0,2,1,0,0,0,0,49,2,41,0,0,1,9,4,4,1,1,2,1,0,0,0,0,0,0,0
2023,1074672,611,Fenerbahce,40403,Sebastian Szymański,84,53,M,7.3,False,False,0,0,0,0,0,0,0,38,2,28,1,0,0,7,4,0,0,0,1,0,0,0,0,0,0,0,0
2023,1074672,611,Fenerbahce,554,Dušan Tadić,90,10,M,7.6,False,False,0,3,1,1,0,0,0,48,1,37,1,0,0,9,4,0,0,0,3,1,0,0,0,0,1,0,0
2023,1074672,611,Fenerbahce,790,Edin Džeko,74,9,F,8.2,True,False,2,5,3,1,0,0,0,33,2,23,1,0,0,9,5,2,1,0,1,1,0,0,1,0,0,0,0
2023,1074672,611,Fenerbahce,1719,Mert Müldür,16,16,D,6.3,False,True,0,0,0,0,0,0,0,11,0,8,0,0,0,0,0,0,0,0,0,0,0,0,0,0,0,0,0
2023,1074672,611,Fenerbahce,1756,Ryan Kent,16,11,F,7.2,False,True,0,0,0,0,0,0,0,8,1,8,1,0,1,3,3,1,1,0,1,0,0,0,0,0,0,0,0
2023,1074672,611,Fenerbahce,2927,Michy Batshuayi,16,23,F,5.9,False,True,0,3,1,0,0,0,0,2,0,,0,0,0,1,0,0,0,0,0,0,0,0,0,0,0,0,0
2023,1074672,611,Fenerbahce,1369,Miha Zajc,12,26,M,6.9,False,True,0,1,0,0,0,0,0,6,0,5,0,0,1,1,1,0,0,0,1,0,0,0,0,0,0,0,0
2023,1074672,611,Fenerbahce,62137,İrfan Can Eğribayat,0,70,G,,False,True,0,0,0,0,0,0,0,0,0,,0,0,0,0,0,0,0,0,0,0,0,0,0,0,0,0,0
2023,1074672,611,Fenerbahce,62490,Samet Akaydin,0,3,D,,False,True,0,0,0,0,0,0,0,0,0,,0,0,0,0,0,0,0,0,0,0,0,0,0,0,0,0,0
2023,1074672,611,Fenerbahce,1341,Serdar Aziz,0,4,D,,False,True,0,0,0,0,0,0,0,0,0,,0,0,0,0,0,0,0,0,0,0,0,0,0,0,0,0,0
2023,1074672,611,Fenerbahce,162004,Bartuğ Elmaz,0,28,M,,False,True,0,0,0,0,0,0,0,0,0,,0,0,0,0,0,0,0,0,0,0,0,0,0,0,0,0,0
2023,1074672,611,Fenerbahce,50097,Mert Hakan Yandaş,0,8,M,,False,True,0,0,0,0,0,0,0,0,0,,0,0,0,0,0,0,0,0,0,0,0,0,0,0,0,0,0
2023,1074672,611,Fenerbahce,50246,Mehmet Umut Nayir,0,22,F,,False,True,0,0,0,0,0,0,0,0,0,,0,0,0,0,0,0,0,0,0,0,0,0,0,0,0,0,0
2023,1074627,611,Fenerbahce,1305,Dominik Livaković,90,40,G,6.7,False,False,0,0,0,0,0,0,0,38,0,27,0,0,0,0,0,0,0,0,0,0,0,0,0,0,0,0,0
2023,1074627,611,Fenerbahce,1361,Ferdi Kadıoğlu,90,7,D,7.3,False,False,0,0,0,0,0,0,0,56,1,48,2,1,2,9,5,2,2,0,1,2,0,0,0,0,0,0,0
2023,1074627,611,Fenerbahce,21633,Alexander Djiku,73,6,D,7.6,False,False,0,1,1,1,0,0,0,43,0,38,2,0,2,8,4,0,0,0,1,2,1,0,0,0,0,0,0
2023,1074627,611,Fenerbahce,829,Rodrigo Becão,90,50,D,7.3,False,False,0,0,0,0,0,0,0,52,0,51,0,0,3,8,3,1,1,0,1,4,0,0,0,0,0,0,0
2023,1074627,611,Fenerbahce,272721,Jayden Oosterwolde,90,24,D,7.2,False,False,0,0,0,0,0,0,0,38,1,31,3,0,0,16,7,4,3,1,0,5,1,0,0,0,0,0,0
2023,1074627,611,Fenerbahce,905,Fred,63,35,M,7,False,False,0,0,0,0,0,0,0,48,1,39,0,0,0,2,1,1,0,0,1,0,0,0,0,0,0,0,0
2023,1074627,611,Fenerbahce,214463,İsmail Yüksek,84,5,M,7.2,False,False,0,1,0,0,0,0,0,49,0,45,2,0,3,7,4,0,0,1,1,1,0,0,0,0,0,0,0
2023,1074627,611,Fenerbahce,49857,İrfan Can Kahveci,73,17,M,6.9,False,False,0,2,1,0,0,0,0,26,0,20,2,0,0,9,4,1,0,0,2,1,1,0,0,0,0,0,0
2023,1074627,611,Fenerbahce,40403,Sebastian Szymański,90,53,M,8.9,False,False,0,3,3,2,0,0,0,31,2,26,6,0,0,16,7,2,0,2,1,4,1,0,0,0,0,0,0
2023,1074627,611,Fenerbahce,554,Dušan Tadić,90,10,M,7.6,False,False,0,1,1,0,0,0,0,38,4,28,0,0,1,2,1,0,0,0,0,0,0,0,0,0,0,0,0
2023,1074627,611,Fenerbahce,790,Edin Džeko,64,9,F,6.5,True,False,1,2,0,0,0,0,0,21,0,15,1,0,0,8,1,0,0,0,0,2,0,0,0,0,0,0,0
2023,1074627,611,Fenerbahce,50097,Mert Hakan Yandaş,27,8,M,6.9,False,True,0,0,0,0,0,0,0,22,2,20,0,0,1,3,1,2,1,0,0,1,0,0,0,0,0,0,0
2023,1074627,611,Fenerbahce,2927,Michy Batshuayi,26,23,F,7.2,False,True,1,0,0,0,0,1,0,7,1,6,0,0,0,1,0,0,0,0,0,0,0,0,0,0,0,0,0
2023,1074627,611,Fenerbahce,1341,Serdar Aziz,17,4,D,6.6,False,True,0,0,0,0,0,0,0,13,0,12,2,0,1,4,3,0,0,0,0,0,0,0,0,0,0,0,0
2023,1074627,611,Fenerbahce,18881,Joshua King,17,15,F,6.9,False,True,0,1,1,0,0,0,0,6,0,5,0,0,0,1,0,0,0,0,0,0,0,0,0,0,0,0,0
2023,1074627,611,Fenerbahce,162004,Bartuğ Elmaz,11,28,M,6.3,False,True,0,0,0,0,0,0,0,16,0,14,0,0,0,0,0,0,0,0,0,0,0,0,0,0,0,0,0
2023,1074627,611,Fenerbahce,62137,İrfan Can Eğribayat,0,70,G,,False,True,0,0,0,0,0,0,0,0,0,,0,0,0,0,0,0,0,0,0,0,0,0,0,0,0,0,0
2023,1074627,611,Fenerbahce,1719,Mert Müldür,0,16,D,,False,True,0,0,0,0,0,0,0,0,0,,0,0,0,0,0,0,0,0,0,0,0,0,0,0,0,0,0
2023,1074627,611,Fenerbahce,62490,Samet Akaydin,0,3,D,,False,True,0,0,0,0,0,0,0,0,0,,0,0,0,0,0,0,0,0,0,0,0,0,0,0,0,0,0
2023,1074627,611,Fenerbahce,1756,Ryan Kent,0,11,F,,False,True,0,0,0,0,0,0,0,0,0,,0,0,0,0,0,0,0,0,0,0,0,0,0,0,0,0,0
2023,1074627,611,Fenerbahce,50246,Mehmet Umut Nayir,0,22,F,,False,True,0,0,0,0,0,0,0,0,0,,0,0,0,0,0,0,0,0,0,0,0,0,0,0,0,0,0
2023,1074627,564,Istanbul Basaksehir,49835,Volkan Babacan,90,1,G,6.3,False,False,0,0,0,0,4,0,4,38,0,30,0,0,0,0,0,0,0,0,0,0,0,0,0,0,0,0,0
2023,1074627,564,Istanbul Basaksehir,106823,Eden Karzev,90,90,D,6.2,False,False,0,0,0,0,0,0,0,38,0,29,1,0,3,6,4,1,1,1,0,0,0,0,0,0,0,0,0
2023,1074627,564,Istanbul Basaksehir,10160,Léo Duarte,90,5,D,6.9,False,False,0,0,0,0,0,0,0,48,1,42,0,2,2,6,4,0,0,0,1,0,0,0,0,0,0,0,0
2023,1074627,564,Istanbul Basaksehir,62195,Cemali Sertel,90,88,D,6.2,False,False,0,1,0,0,0,0,0,70,1,55,0,1,0,7,4,0,0,1,1,1,0,0,0,0,0,0,0
2023,1074627,564,Istanbul Basaksehir,21082,Lucas Lima,90,6,D,5.9,False,False,0,0,0,0,0,0,0,39,0,24,1,1,0,6,3,1,0,0,0,1,0,0,0,0,0,0,0
2023,1074627,564,Istanbul Basaksehir,50126,Deniz Türüç,90,23,M,6.3,False,False,0,0,0,0,0,0,0,20,1,15,3,0,0,10,7,0,0,1,3,0,0,0,0,0,0,0,0
2023,1074627,564,Istanbul Basaksehir,24885,Berkay Özcan,81,10,M,5.6,False,False,0,0,0,0,0,0,0,25,0,22,0,0,2,7,3,0,0,1,3,1,0,0,0,0,0,0,0
2023,1074627,564,Istanbul Basaksehir,49919,Danijel Aleksić,69,8,M,6.3,True,False,0,2,0,0,0,0,0,22,0,20,2,0,1,7,3,1,1,1,0,1,0,0,0,0,0,0,0
2023,1074627,564,Istanbul Basaksehir,50180,Serdar Gürler,90,7,M,6.6,False,False,0,1,0,0,0,0,0,30,0,22,1,0,1,8,7,1,1,0,2,0,0,0,0,0,0,0,0
2023,1074627,564,Istanbul Basaksehir,1651,Krzysztof Piątek,31,9,F,6.3,False,False,0,0,0,0,0,0,0,6,0,5,0,0,0,4,3,0,0,0,2,0,0,0,0,0,0,0,0
2023,1074627,564,Istanbul Basaksehir,2374,Dimitrios Pelkas,31,14,F,6.5,False,False,0,0,0,0,0,0,0,5,0,4,1,0,0,4,1,0,0,0,0,2,0,0,0,0,0,0,0
2023,1074627,564,Istanbul Basaksehir,21270,Philippe Keny,59,17,F,6.2,False,True,1,1,0,0,0,0,0,9,0,5,0,0,0,14,4,3,0,0,3,1,0,0,0,0,0,0,0
2023,1074627,564,Istanbul Basaksehir,69942,João Figueiredo,59,25,F,6.3,False,True,1,1,0,0,0,0,0,13,1,8,1,0,0,11,6,2,0,2,3,2,1,0,0,0,0,0,0
2023,1074627,564,Istanbul Basaksehir,21704,Mehdi Abeid,21,19,M,6.9,False,True,0,0,0,0,0,0,0,10,0,7,1,1,0,3,3,1,1,0,1,0,0,0,0,0,0,0,0
2023,1074627,564,Istanbul Basaksehir,49858,Mahmut Tekdemir,9,21,M,6.3,False,True,0,0,0,0,0,0,0,5,0,4,1,0,0,1,1,0,0,0,0,0,0,0,0,0,0,0,0
2023,1074627,564,Istanbul Basaksehir,278162,Deniz Dilmen,0,98,G,,False,True,0,0,0,0,0,0,0,0,0,,0,0,0,0,0,0,0,0,0,0,0,0,0,0,0,0,0
2023,1074627,564,Istanbul Basaksehir,441549,Burak Kavraz,0,70,D,,False,True,0,0,0,0,0,0,0,0,0,,0,0,0,0,0,0,0,0,0,0,0,0,0,0,0,0,0
2023,1074627,564,Istanbul Basaksehir,62114,Onur Ergun,0,4,M,,False,True,0,0,0,0,0,0,0,0,0,,0,0,0,0,0,0,0,0,0,0,0,0,0,0,0,0,0
2023,1074627,564,Istanbul Basaksehir,365255,Berkay Aydogmus,0,80,M,,False,True,0,0,0,0,0,0,0,0,0,,0,0,0,0,0,0,0,0,0,0,0,0,0,0,0,0,0
2023,1074627,564,Istanbul Basaksehir,339886,Batuhan Celik,0,91,F,,False,True,0,0,0,0,0,0,0,0,0,,0,0,0,0,0,0,0,0,0,0,0,0,0,0,0,0,0
2023,1074627,564,Istanbul Basaksehir,143730,Efecan Barlik,0,29,F,,False,True,0,0,0,0,0,0,0,0,0,,0,0,0,0,0,0,0,0,0,0,0,0,0,0,0,0,0
2023,1074757,611,Fenerbahce,1305,Dominik Livaković,90,40,G,6.3,False,False,0,0,0,0,1,0,0,22,0,22,0,0,0,1,1,0,0,0,0,0,0,0,0,0,0,0,0
2023,1074757,611,Fenerbahce,1719,Mert Müldür,90,16,D,7.2,False,False,0,1,1,1,0,0,0,55,1,43,2,0,4,12,5,3,0,2,1,1,0,0,0,0,0,0,0
2023,1074757,611,Fenerbahce,1341,Serdar Aziz,90,4,D,7,False,False,0,0,0,0,0,0,0,74,0,70,1,1,1,6,5,0,0,0,0,1,1,0,0,0,0,0,0
2023,1074757,611,Fenerbahce,272721,Jayden Oosterwolde,90,24,D,6.6,False,False,0,0,0,0,0,0,0,73,0,67,1,1,1,3,1,1,0,0,0,0,0,0,0,0,0,0,0
2023,1074757,611,Fenerbahce,1361,Ferdi Kadıoğlu,90,7,D,6.9,False,False,0,1,1,0,0,0,0,50,0,45,2,1,0,5,2,3,0,0,0,0,0,0,0,0,0,0,0
2023,1074757,611,Fenerbahce,214463,İsmail Yüksek,81,5,M,7.2,False,False,0,1,0,0,0,0,0,55,0,53,2,0,3,6,4,0,0,0,0,2,0,0,0,0,0,0,0
2023,1074757,611,Fenerbahce,905,Fred,90,35,M,8.3,False,False,0,2,1,0,0,0,0,70,3,59,5,0,1,12,8,0,0,0,3,2,0,0,0,0,0,0,0
2023,1074757,611,Fenerbahce,49857,İrfan Can Kahveci,65,17,M,8.3,False,False,1,1,0,0,0,2,0,37,4,31,2,0,1,7,3,1,1,1,0,2,0,0,0,0,0,0,0
2023,1074757,611,Fenerbahce,40403,Sebastian Szymański,45,53,M,8.7,False,False,0,1,1,1,0,2,0,23,2,18,1,0,0,5,2,2,1,1,0,0,0,0,0,0,0,0,0
2023,1074757,611,Fenerbahce,18881,Joshua King,66,15,M,7.3,False,False,0,3,1,0,0,1,0,28,2,23,3,0,0,11,6,2,1,0,1,3,0,0,0,0,0,0,0
2023,1074757,611,Fenerbahce,790,Edin Džeko,45,9,F,9.6,True,False,1,3,3,3,0,0,0,12,1,6,0,0,0,4,4,0,0,0,2,0,0,0,1,0,1,0,0
2023,1074757,611,Fenerbahce,2927,Michy Batshuayi,45,23,F,7,False,True,1,2,1,1,0,0,0,16,0,14,0,0,0,4,2,3,2,0,0,0,0,0,0,0,0,0,0
2023,1074757,611,Fenerbahce,50246,Mehmet Umut Nayir,45,22,F,6.3,False,True,0,0,0,0,0,0,0,7,0,6,0,0,0,4,1,0,0,0,1,2,0,0,0,0,0,0,0
2023,1074757,611,Fenerbahce,785,Cengiz Ünder,25,20,F,7.2,False,True,0,2,2,0,0,0,0,24,0,19,0,0,0,1,0,1,0,0,0,0,0,0,0,0,0,0,0
2023,1074757,611,Fenerbahce,554,Dušan Tadić,24,10,F,6.3,False,True,0,0,0,0,0,0,0,9,0,7,0,0,0,2,0,0,0,0,0,1,0,0,0,0,0,0,0
2023,1074757,611,Fenerbahce,162004,Bartuğ Elmaz,9,28,M,6.7,False,True,0,0,0,0,0,0,0,17,0,15,0,0,1,0,0,0,0,0,0,0,0,0,0,0,0,0,0
2023,1074757,611,Fenerbahce,62137,İrfan Can Eğribayat,0,70,G,,False,True,0,0,0,0,0,0,0,0,0,,0,0,0,0,0,0,0,0,0,0,0,0,0,0,0,0,0
2023,1074757,611,Fenerbahce,62490,Samet Akaydin,0,3,D,,False,True,0,0,0,0,0,0,0,0,0,,0,0,0,0,0,0,0,0,0,0,0,0,0,0,0,0,0
2023,1074757,611,Fenerbahce,50097,Mert Hakan Yandaş,0,8,M,,False,True,0,0,0,0,0,0,0,0,0,,0,0,0,0,0,0,0,0,0,0,0,0,0,0,0,0,0
2023,1074757,611,Fenerbahce,47446,Emre Mor,0,99,M,,False,True,0,0,0,0,0,0,0,0,0,,0,0,0,0,0,0,0,0,0,0,0,0,0,0,0,0,0
2023,1074757,607,Konyaspor,402493,Deniz Ertaş,90,1,G,6,False,False,0,0,0,0,7,0,5,37,0,12,0,0,0,1,0,0,0,1,0,0,0,0,0,0,0,0,0
2023,1074757,607,Konyaspor,61810,Ahmet Oğuz,90,22,D,5.6,False,False,0,0,0,0,0,0,0,26,0,23,6,0,1,18,10,3,0,1,3,1,1,0,0,0,0,0,0
2023,1074757,607,Konyaspor,61986,Adil Demirbağ,67,4,D,5.3,False,False,0,0,0,0,0,0,0,23,0,19,0,0,2,3,1,0,0,0,1,2,1,0,0,1,0,0,0
2023,1074757,607,Konyaspor,63225,Kahraman Demirtaş,45,20,D,5.6,False,False,0,0,0,0,0,0,0,20,0,15,0,0,1,1,0,0,0,0,0,1,0,0,0,0,0,0,0
2023,1074757,607,Konyaspor,40472,Guilherme Haubert Sityá,90,12,D,6.5,True,False,0,1,1,1,0,0,0,27,1,18,2,0,1,5,4,1,1,0,1,0,0,0,0,0,0,0,0
2023,1074757,607,Konyaspor,50063,Uğurcan Yazğılı,90,5,M,5.7,False,False,0,0,0,0,0,0,0,18,1,10,1,0,4,6,3,0,0,2,1,0,0,0,0,0,0,0,0
2023,1074757,607,Konyaspor,62915,Soner Dikmen,90,6,M,6.2,False,False,0,0,0,0,0,0,0,22,0,12,3,0,1,9,4,0,0,0,1,2,0,0,0,0,0,0,0
2023,1074757,607,Konyaspor,15650,Louka Prip,45,11,M,6.5,False,False,0,0,0,0,0,0,0,11,0,7,3,0,0,6,4,2,0,0,1,0,0,0,0,0,0,0,0
2023,1074757,607,Konyaspor,43050,Alexandru Cicâldău,60,8,M,6.2,False,False,0,0,0,0,0,0,0,23,0,19,0,0,1,4,1,0,0,0,1,1,0,0,0,0,0,0,0
2023,1074757,607,Konyaspor,35794,Marlos Moreno,82,70,M,6.2,False,False,0,0,0,0,0,0,0,13,0,9,1,0,1,19,8,8,3,0,4,1,0,0,0,0,0,0,0
2023,1074757,607,Konyaspor,161980,Emrehan Gedikli,90,90,F,6.2,False,False,1,0,0,0,0,0,0,17,0,13,0,0,0,5,1,0,0,0,0,0,0,0,0,0,0,0,0
2023,1074757,607,Konyaspor,14296,Robert Murić,45,7,M,6.5,False,True,0,0,0,0,0,0,0,7,0,6,0,0,1,0,0,0,0,0,0,0,0,0,0,0,0,0,0
2023,1074757,607,Konyaspor,61939,Oğulcan Ülgün,45,35,M,6.2,False,True,0,0,0,0,0,0,0,8,0,6,1,0,1,3,1,0,0,0,0,0,0,0,0,0,0,0,0
2023,1074757,607,Konyaspor,270163,Niko Rak,30,21,M,6.3,False,True,0,0,0,0,0,0,0,9,0,8,1,0,1,3,2,0,0,1,1,0,0,0,0,0,0,0,0
2023,1074757,607,Konyaspor,780,Steven​ N'Zonzi,23,37,M,6.7,False,True,0,0,0,0,0,0,0,19,0,16,0,0,0,0,0,0,0,0,0,0,0,0,0,0,0,0,0
2023,1074757,607,Konyaspor,62023,Yasir Subaşı,8,3,D,6.3,False,True,0,0,0,0,0,0,0,3,0,1,0,0,0,0,0,0,0,0,0,0,0,0,0,0,0,0,0
2023,1074757,607,Konyaspor,351785,Mehmet Erdogan,0,13,G,,False,True,0,0,0,0,0,0,0,0,0,,0,0,0,0,0,0,0,0,0,0,0,0,0,0,0,0,0
2023,1074757,607,Konyaspor,50141,Cebrail Karayel,0,19,D,,False,True,0,0,0,0,0,0,0,0,0,,0,0,0,0,0,0,0,0,0,0,0,0,0,0,0,0,0
2023,1074757,607,Konyaspor,25412,Yunus Malli,0,10,M,,False,True,0,0,0,0,0,0,0,0,0,,0,0,0,0,0,0,0,0,0,0,0,0,0,0,0,0,0
2023,1074757,607,Konyaspor,301582,Mehmet Ali Buyuksayar,0,42,M,,False,True,0,0,0,0,0,0,0,0,0,,0,0,0,0,0,0,0,0,0,0,0,0,0,0,0,0,0
2023,1074757,607,Konyaspor,19624,Nélson Oliveira,0,16,F,,False,True,0,0,0,0,0,0,0,0,0,,0,0,0,0,0,0,0,0,0,0,0,0,0,0,0,0,0
2023,1074667,611,Fenerbahce,1305,Dominik Livaković,90,40,G,7,False,False,0,0,0,0,0,0,1,22,0,21,0,0,0,0,0,0,0,0,0,0,0,0,0,0,0,0,0
2023,1074667,611,Fenerbahce,19588,Bright Osayi-Samuel,83,21,D,7.2,False,False,0,0,0,0,0,0,0,41,0,36,3,0,1,16,8,5,3,1,1,2,0,0,0,0,0,0,0
2023,1074667,611,Fenerbahce,829,Rodrigo Becão,68,50,D,6.9,False,False,0,0,0,0,0,0,0,61,0,58,0,0,0,3,2,0,0,0,2,1,0,0,0,0,0,0,0
2023,1074667,611,Fenerbahce,21633,Alexander Djiku,90,6,D,7.5,False,False,0,0,0,0,0,0,0,82,0,74,1,0,3,9,5,0,0,0,2,1,0,0,0,0,0,0,0
2023,1074667,611,Fenerbahce,1361,Ferdi Kadıoğlu,90,7,D,8,False,False,1,1,0,0,0,0,0,67,2,58,5,0,1,15,9,5,2,1,2,1,0,0,0,0,0,0,0
2023,1074667,611,Fenerbahce,905,Fred,90,35,M,7.3,False,False,0,3,0,0,0,0,0,68,0,60,2,0,3,5,3,1,0,1,1,0,0,0,0,0,0,0,0
2023,1074667,611,Fenerbahce,214463,İsmail Yüksek,90,5,M,7.7,False,False,0,1,0,0,0,0,0,102,2,95,4,1,0,10,5,1,0,1,0,1,0,0,0,0,0,0,0
2023,1074667,611,Fenerbahce,49857,İrfan Can Kahveci,68,17,M,8.7,False,False,0,1,1,1,0,1,0,41,2,37,1,0,1,9,4,1,1,0,1,2,0,0,0,0,0,0,0
2023,1074667,611,Fenerbahce,40403,Sebastian Szymański,77,53,M,8.5,False,False,0,3,3,1,0,0,0,33,5,29,3,0,2,8,4,2,0,0,1,1,0,0,0,0,0,0,0
2023,1074667,611,Fenerbahce,554,Dušan Tadić,90,10,M,8.9,False,False,0,2,2,1,0,1,0,44,1,35,0,0,0,3,2,2,2,0,0,0,0,0,0,0,0,0,0
2023,1074667,611,Fenerbahce,790,Edin Džeko,77,9,F,7.6,True,False,0,5,2,1,0,0,0,21,2,15,2,0,0,9,4,2,0,0,2,0,0,0,0,0,0,0,0
2023,1074667,611,Fenerbahce,62490,Samet Akaydin,22,3,D,6.7,False,True,0,0,0,0,0,0,0,14,0,13,0,0,0,2,1,0,0,0,1,1,0,0,0,0,0,0,0
2023,1074667,611,Fenerbahce,18881,Joshua King,22,15,F,7.6,False,True,0,1,1,1,0,0,0,7,1,5,0,0,0,4,3,2,2,0,1,0,1,0,0,0,0,0,0
2023,1074667,611,Fenerbahce,50097,Mert Hakan Yandaş,13,8,M,7.6,False,True,0,0,0,0,0,1,0,10,3,9,0,0,0,1,1,0,0,0,1,0,0,0,0,0,0,0,0
2023,1074667,611,Fenerbahce,50246,Mehmet Umut Nayir,13,22,F,6.3,False,True,0,1,1,0,0,0,0,3,0,3,0,0,0,0,0,0,0,0,0,0,0,0,0,0,0,0,0
2023,1074667,611,Fenerbahce,1719,Mert Müldür,11,16,D,6.6,False,True,0,1,1,0,0,0,0,4,0,3,0,0,1,2,0,0,0,1,0,0,0,0,0,0,0,0,0
2023,1074667,611,Fenerbahce,62137,İrfan Can Eğribayat,0,70,G,,False,True,0,0,0,0,0,0,0,0,0,,0,0,0,0,0,0,0,0,0,0,0,0,0,0,0,0,0
2023,1074667,611,Fenerbahce,272721,Jayden Oosterwolde,0,24,D,,False,True,0,0,0,0,0,0,0,0,0,,0,0,0,0,0,0,0,0,0,0,0,0,0,0,0,0,0
2023,1074667,611,Fenerbahce,41973,Miguel Crespo,0,27,M,,False,True,0,0,0,0,0,0,0,0,0,,0,0,0,0,0,0,0,0,0,0,0,0,0,0,0,0,0
2023,1074667,611,Fenerbahce,162004,Bartuğ Elmaz,0,28,M,,False,True,0,0,0,0,0,0,0,0,0,,0,0,0,0,0,0,0,0,0,0,0,0,0,0,0,0,0
2023,1074667,611,Fenerbahce,1756,Ryan Kent,0,11,F,,False,True,0,0,0,0,0,0,0,0,0,,0,0,0,0,0,0,0,0,0,0,0,0,0,0,0,0,0
2023,1074667,1007,Rizespor,50020,Gökhan Akkan,90,23,G,7.3,True,False,0,0,0,0,5,0,6,37,0,30,0,0,0,0,0,0,0,0,0,0,0,0,0,0,0,0,0
2023,1074667,1007,Rizespor,151971,Muhammet Taha Şahin,75,37,D,6.2,False,False,0,0,0,0,0,0,0,23,0,16,1,0,4,6,2,1,0,1,1,1,1,0,0,0,0,0,0
2023,1074667,1007,Rizespor,2335,Attila Mocsi,90,4,D,6.3,False,False,0,0,0,0,0,0,0,40,0,34,0,2,5,2,0,0,0,1,0,1,0,0,0,0,0,0,0
2023,1074667,1007,Rizespor,50046,Emirhan Topçu,90,53,D,7,False,False,0,1,0,0,0,0,0,43,0,36,2,2,6,7,5,0,0,0,1,1,0,0,0,0,0,0,0
2023,1074667,1007,Rizespor,15579,Casper Højer,45,5,D,6.7,False,False,0,0,0,0,0,0,0,14,0,10,2,0,0,2,2,0,0,0,0,0,0,0,0,0,0,0,0
2023,1074667,1007,Rizespor,151943,Mithat Pala,90,54,M,6.3,False,False,0,1,0,0,0,0,0,26,0,20,5,0,3,18,8,3,2,4,1,1,0,0,0,0,0,0,0
2023,1074667,1007,Rizespor,18904,Jonjo Shelvey,90,6,M,6.3,False,False,0,1,0,0,0,0,0,50,0,44,1,0,0,4,1,0,0,1,0,2,1,0,0,0,0,0,0
2023,1074667,1007,Rizespor,41311,Gustavo Sauer,45,11,M,6.5,False,False,0,0,0,0,0,0,0,12,1,10,3,0,1,10,4,2,0,1,1,1,0,0,0,0,0,0,0
2023,1074667,1007,Rizespor,138833,Dal Varešanović,45,8,M,6.6,False,False,0,1,1,0,0,0,0,8,0,5,2,0,1,5,3,0,0,0,1,0,0,0,0,0,0,0,0
2023,1074667,1007,Rizespor,62510,Benhur Keser,90,7,M,6.5,False,False,1,0,0,0,0,0,0,19,0,11,4,0,1,17,10,2,1,2,2,1,0,0,0,0,0,0,0
2023,1074667,1007,Rizespor,11116,Martin Minchev,67,89,F,6.7,False,False,0,0,0,0,0,0,0,15,1,11,0,0,0,9,4,0,0,0,1,4,0,0,0,0,0,0,0
2023,1074667,1007,Rizespor,61812,Halil Ibrahim Pehlivan,45,3,D,6.3,False,True,0,0,0,0,0,0,0,11,2,11,1,0,1,3,2,0,0,0,1,0,0,0,0,0,0,0,0
2023,1074667,1007,Rizespor,180644,Ibrahim Olawoyin,45,10,F,6.2,False,True,0,0,0,0,0,0,0,7,0,4,1,0,0,5,1,1,0,0,0,1,0,0,0,0,0,0,0
2023,1074667,1007,Rizespor,127164,Altin Zeqiri,45,77,M,6.2,False,True,0,0,0,0,0,0,0,10,0,7,0,0,0,3,1,3,1,0,0,0,0,0,0,0,0,0,0
2023,1074667,1007,Rizespor,6629,Adolfo Gaich,23,9,F,6.6,False,True,0,0,0,0,0,0,0,3,0,3,1,0,1,4,2,1,1,0,0,2,1,0,0,0,0,0,0
2023,1074667,1007,Rizespor,55315,Janne-Pekka Laine,15,17,M,6.3,False,True,0,0,0,0,0,0,0,1,0,1,0,0,0,1,0,1,0,0,0,0,0,0,0,0,0,0,0
2023,1074667,1007,Rizespor,62401,Tarik Çetin,0,1,G,,False,True,0,0,0,0,0,0,0,0,0,,0,0,0,0,0,0,0,0,0,0,0,0,0,0,0,0,0
2023,1074667,1007,Rizespor,137430,Seyfettin Anil Yasar,0,16,D,,False,True,0,0,0,0,0,0,0,0,0,,0,0,0,0,0,0,0,0,0,0,0,0,0,0,0,0,0
2023,1074667,1007,Rizespor,73509,Husniddin Alikulov,0,2,D,,False,True,0,0,0,0,0,0,0,0,0,,0,0,0,0,0,0,0,0,0,0,0,0,0,0,0,0,0
2023,1074667,1007,Rizespor,338502,Eray Korkmaz,0,27,D,,False,True,0,0,0,0,0,0,0,0,0,,0,0,0,0,0,0,0,0,0,0,0,0,0,0,0,0,0
2023,1074667,1007,Rizespor,408200,Mame Mor Faye,0,20,F,,False,True,0,0,0,0,0,0,0,0,0,,0,0,0,0,0,0,0,0,0,0,0,0,0,0,0,0,0
2023,1074904,611,Fenerbahce,62137,İrfan Can Eğribayat,90,70,G,6.3,False,False,0,0,0,0,2,0,4,32,1,25,0,0,0,0,0,0,0,0,0,0,0,0,0,0,0,0,0
2023,1074904,611,Fenerbahce,1719,Mert Müldür,90,16,D,7,False,False,1,1,0,0,0,1,0,37,2,26,2,0,0,7,5,0,0,1,1,0,0,0,0,0,0,0,0
2023,1074904,611,Fenerbahce,21633,Alexander Djiku,90,6,D,7.5,False,False,1,1,1,1,0,0,0,70,0,60,2,0,2,9,4,0,0,1,0,3,0,0,0,0,0,0,0
2023,1074904,611,Fenerbahce,272721,Jayden Oosterwolde,90,24,D,6.6,False,False,0,1,0,0,0,0,0,52,0,44,2,1,1,8,5,0,0,0,0,1,1,0,0,0,0,0,0
2023,1074904,611,Fenerbahce,1361,Ferdi Kadıoğlu,90,7,D,6.3,False,False,0,0,0,0,0,0,0,38,2,30,1,1,0,5,1,1,0,2,0,1,0,0,0,0,0,0,0
2023,1074904,611,Fenerbahce,31054,Rade Krunić,90,33,M,6.9,False,False,0,0,0,0,0,0,0,55,2,48,3,0,1,9,6,0,0,2,1,1,0,0,0,0,0,0,0
2023,1074904,611,Fenerbahce,1369,Miha Zajc,90,26,M,6.9,False,False,0,1,0,0,0,0,0,37,3,32,3,1,2,11,5,1,0,1,0,4,0,0,0,0,0,0,0
2023,1074904,611,Fenerbahce,49857,İrfan Can Kahveci,81,17,M,7.3,False,False,0,2,0,0,0,1,0,21,3,19,3,0,0,14,9,3,2,1,2,3,0,0,0,0,0,0,0
2023,1074904,611,Fenerbahce,40403,Sebastian Szymański,90,53,M,7.2,False,False,1,3,0,0,0,1,0,24,2,14,2,0,0,12,4,2,0,2,2,1,1,0,0,0,0,0,0
2023,1074904,611,Fenerbahce,554,Dušan Tadić,90,10,M,7.9,False,False,0,2,1,1,0,0,0,32,3,23,2,1,0,12,6,4,3,1,1,1,0,0,0,0,0,0,0
2023,1074904,611,Fenerbahce,790,Edin Džeko,89,9,F,8.5,True,False,0,6,1,1,0,0,0,30,1,25,1,0,0,10,6,3,3,0,0,1,0,0,0,0,0,0,0
2023,1074904,611,Fenerbahce,25053,Serdar Dursun,9,91,F,7.7,False,True,0,1,1,1,0,0,0,7,0,5,0,0,0,3,2,0,0,0,1,1,0,0,0,0,0,0,0
2023,1074904,611,Fenerbahce,18776,Çağlar Söyüncü,1,2,D,,False,True,0,0,0,0,0,0,0,5,0,5,0,0,0,0,0,0,0,0,0,0,0,0,0,0,0,0,0
2023,1074904,611,Fenerbahce,1305,Dominik Livaković,0,40,G,,False,True,0,0,0,0,0,0,0,0,0,,0,0,0,0,0,0,0,0,0,0,0,0,0,0,0,0,0
2023,1074904,611,Fenerbahce,368141,Furkan Onur Akyüz,0,97,G,,False,True,0,0,0,0,0,0,0,0,0,,0,0,0,0,0,0,0,0,0,0,0,0,0,0,0,0,0
2023,1074904,611,Fenerbahce,412703,Yusuf Akcicek,0,95,D,,False,True,0,0,0,0,0,0,0,0,0,,0,0,0,0,0,0,0,0,0,0,0,0,0,0,0,0,0
2023,1074904,611,Fenerbahce,829,Rodrigo Becão,0,50,D,,False,True,0,0,0,0,0,0,0,0,0,,0,0,0,0,0,0,0,0,0,0,0,0,0,0,0,0,0
2023,1074904,611,Fenerbahce,853,Leonardo Bonucci,0,19,D,,False,True,0,0,0,0,0,0,0,0,0,,0,0,0,0,0,0,0,0,0,0,0,0,0,0,0,0,0
2023,1074904,611,Fenerbahce,413019,Efekan Karayazi,0,92,M,,False,True,0,0,0,0,0,0,0,0,0,,0,0,0,0,0,0,0,0,0,0,0,0,0,0,0,0,0
2023,1074904,611,Fenerbahce,460825,Muhammet Zeki Dursun,0,88,M,,False,True,0,0,0,0,0,0,0,0,0,,0,0,0,0,0,0,0,0,0,0,0,0,0,0,0,0,0
2023,1074904,611,Fenerbahce,413016,Cagri Fedai,0,94,F,,False,True,0,0,0,0,0,0,0,0,0,,0,0,0,0,0,0,0,0,0,0,0,0,0,0,0,0,0
2023,1074904,3563,Adana Demirspor,1532,Şahrudin Mahammadaliyev,45,71,G,6.7,False,False,0,0,0,0,1,0,0,21,0,5,0,0,0,2,1,0,0,0,0,0,0,0,0,0,0,0,0
2023,1074904,3563,Adana Demirspor,2688,Milad Mohammadi,90,13,D,6.5,False,False,0,0,0,0,0,0,0,32,2,25,4,0,1,14,8,3,2,0,0,1,0,0,0,0,0,0,0
2023,1074904,3563,Adana Demirspor,31483,Andreaw Gravillon,90,5,D,6.2,False,False,0,0,0,0,0,0,0,44,0,38,2,0,0,6,4,0,0,2,1,0,0,0,0,0,0,0,0
2023,1074904,3563,Adana Demirspor,61987,Semih Güler,90,4,D,6.9,True,False,1,0,0,0,0,0,0,44,0,31,1,3,1,5,2,1,1,0,0,0,0,0,0,0,0,0,0
2023,1074904,3563,Adana Demirspor,50234,Yusuf Erdoğan,56,32,D,5.9,False,False,0,0,0,0,0,0,0,19,0,15,0,0,1,10,2,3,1,3,1,3,0,0,0,0,0,0,0
2023,1074904,3563,Adana Demirspor,268572,Édouard Michut,90,20,M,6.9,False,False,0,1,0,0,0,0,0,26,0,24,2,0,0,12,8,1,1,2,5,0,0,0,0,0,0,0,0
2023,1074904,3563,Adana Demirspor,237120,Maestro,90,58,M,6.2,False,False,0,0,0,0,0,0,0,33,0,25,3,0,1,12,7,4,3,1,1,1,0,0,0,0,0,0,0
2023,1074904,3563,Adana Demirspor,443,Emre Akbaba,90,8,M,6.5,False,False,1,0,0,0,0,0,0,24,1,17,0,0,0,6,0,0,0,0,0,1,0,0,0,0,0,0,0
2023,1074904,3563,Adana Demirspor,1921,Yusuf Sarı,90,7,F,7.3,False,False,0,2,2,0,0,0,0,23,1,17,0,0,0,5,3,1,1,0,2,0,0,0,0,0,0,0,0
2023,1074904,3563,Adana Demirspor,1917,Mario Balotelli,81,9,F,7.5,False,False,0,2,2,1,0,0,0,18,1,12,1,0,2,15,8,2,1,0,5,2,0,0,0,0,0,0,0
2023,1074904,3563,Adana Demirspor,21394,Steven Mendoza,56,11,F,6.3,False,False,0,0,0,0,0,0,0,12,0,8,0,0,0,2,1,2,1,0,0,0,0,0,0,0,0,0,0
2023,1074904,3563,Adana Demirspor,50105,Vedat Karakuş,45,39,G,5.9,False,True,0,0,0,0,3,0,0,10,0,7,0,0,0,0,0,0,0,0,0,0,0,0,0,0,0,0,0
2023,1074904,3563,Adana Demirspor,50940,Nani,34,30,F,6.3,False,True,0,1,1,0,0,0,0,12,0,10,0,1,0,7,1,0,0,0,1,2,1,0,0,0,0,0,0
2023,1074904,3563,Adana Demirspor,36906,Yusuf Barasi,34,56,F,7.3,False,True,0,1,1,1,0,0,0,7,0,6,0,0,0,3,2,0,0,0,1,0,0,0,0,0,0,0,0
2023,1074904,3563,Adana Demirspor,70346,Abat Aimbetov,9,17,F,6.3,False,True,0,0,0,0,0,0,0,5,0,2,0,0,0,1,0,0,0,0,0,1,0,0,0,0,0,0,0
2023,1074904,3563,Adana Demirspor,216247,Jovan Manev,0,15,D,,False,True,0,0,0,0,0,0,0,0,0,,0,0,0,0,0,0,0,0,0,0,0,0,0,0,0,0,0
2023,1074904,3563,Adana Demirspor,1592,Pape Abou Cissé,0,66,D,,False,True,0,0,0,0,0,0,0,0,0,,0,0,0,0,0,0,0,0,0,0,0,0,0,0,0,0,0
2023,1074904,3563,Adana Demirspor,70526,İsmail Çokçalış,0,2,D,,False,True,0,0,0,0,0,0,0,0,0,,0,0,0,0,0,0,0,0,0,0,0,0,0,0,0,0,0
2023,1074904,3563,Adana Demirspor,143268,Abdulsamet Burak,0,21,D,,False,True,0,0,0,0,0,0,0,0,0,,0,0,0,0,0,0,0,0,0,0,0,0,0,0,0,0,0
2023,1074904,3563,Adana Demirspor,62384,Tayfun Aydoğan,0,6,M,,False,True,0,0,0,0,0,0,0,0,0,,0,0,0,0,0,0,0,0,0,0,0,0,0,0,0,0,0
2023,1074904,3563,Adana Demirspor,37019,José Rodríguez,0,14,M,,False,True,0,0,0,0,0,0,0,0,0,,0,0,0,0,0,0,0,0,0,0,0,0,0,0,0,0,0
2023,1074760,1001,Kayserispor,37111,Bilal Bayazit,90,25,G,6.2,False,False,0,0,0,0,4,0,2,26,0,17,0,0,0,0,0,0,0,0,0,0,0,0,0,0,0,0,0
2023,1074760,1001,Kayserispor,62158,Gökhan Sazdağı,90,11,D,6.7,False,False,0,2,0,0,0,0,0,47,1,36,6,0,2,10,7,0,0,0,0,4,0,0,0,1,0,0,0
2023,1074760,1001,Kayserispor,2686,Majid Hosseini,90,5,D,6.7,False,False,0,2,1,0,0,0,0,37,0,27,2,0,5,11,4,0,0,0,0,3,1,0,0,0,0,0,0
2023,1074760,1001,Kayserispor,49838,Joseph Attamah,90,3,D,6.3,False,False,0,0,0,0,0,0,0,47,0,39,1,0,1,2,2,0,0,0,0,0,0,0,0,0,0,0,0
2023,1074760,1001,Kayserispor,1345,Hasan Ali Kaldırım,90,33,D,5.9,False,False,1,0,0,0,0,0,0,34,0,25,0,0,1,5,1,0,0,2,0,1,0,0,0,0,0,0,0
2023,1074760,1001,Kayserispor,1998,Kartal Kayra Yılmaz,90,8,M,5.9,False,False,0,1,1,0,0,0,0,50,0,36,2,0,1,8,3,1,1,2,0,1,0,0,0,0,0,0,0
2023,1074760,1001,Kayserispor,29770,Ali Karimi,80,6,M,6.3,False,False,0,0,0,0,0,0,0,38,0,29,1,1,0,10,5,2,2,0,0,3,1,0,0,0,0,0,0
2023,1074760,1001,Kayserispor,41370,Aylton Boa Morte,79,70,M,5.9,False,False,0,0,0,0,0,0,0,20,2,11,2,0,0,14,3,5,1,1,0,2,0,0,0,0,0,0,0
2023,1074760,1001,Kayserispor,85205,Olivier Kemen,90,10,M,7.2,False,False,0,1,1,1,0,0,0,25,1,17,2,0,0,14,5,1,1,0,2,5,0,0,0,0,0,0,0
2023,1074760,1001,Kayserispor,53659,Miguel Cardoso,79,7,M,6.6,False,False,1,2,2,1,0,0,0,17,0,10,2,0,0,7,3,0,0,2,0,1,0,0,0,0,0,0,0
2023,1074760,1001,Kayserispor,50464,Mame Thiam,90,9,F,8.2,True,False,0,1,1,1,0,1,0,27,1,19,0,0,1,17,7,1,1,0,3,2,0,0,0,0,1,0,0
2023,1074760,1001,Kayserispor,24860,Carlos Mané,11,20,M,6.3,False,True,0,0,0,0,0,0,0,4,0,3,0,1,0,1,0,1,0,0,0,0,0,0,0,0,0,0,0
2023,1074760,1001,Kayserispor,3407,Stéphane Bahoken,11,13,F,6.9,False,True,0,0,0,0,0,0,0,3,1,1,1,0,0,3,2,0,0,0,1,0,0,0,0,0,0,0,0
2023,1074760,1001,Kayserispor,62419,Ramazan Civelek,10,28,M,7.3,False,True,0,1,0,0,0,0,0,3,0,3,0,0,0,3,3,2,2,0,1,0,0,0,0,0,0,0,0
2023,1074760,1001,Kayserispor,134492,Onurcan Piri,0,1,G,,False,True,0,0,0,0,0,0,0,0,0,,0,0,0,0,0,0,0,0,0,0,0,0,0,0,0,0,0
2023,1074760,1001,Kayserispor,26737,Dimitris Kolovetsios,0,4,D,,False,True,0,0,0,0,0,0,0,0,0,,0,0,0,0,0,0,0,0,0,0,0,0,0,0,0,0,0
2023,1074760,1001,Kayserispor,313071,Arif Kocaman,0,54,D,,False,True,0,0,0,0,0,0,0,0,0,,0,0,0,0,0,0,0,0,0,0,0,0,0,0,0,0,0
2023,1074760,1001,Kayserispor,182275,Mehmet Eray Özbek,0,16,M,,False,True,0,0,0,0,0,0,0,0,0,,0,0,0,0,0,0,0,0,0,0,0,0,0,0,0,0,0
2023,1074760,1001,Kayserispor,371932,Baran Ali Gezek,0,26,M,,False,True,0,0,0,0,0,0,0,0,0,,0,0,0,0,0,0,0,0,0,0,0,0,0,0,0,0,0
2023,1074760,1001,Kayserispor,64261,Yaw Ackah,0,89,M,,False,True,0,0,0,0,0,0,0,0,0,,0,0,0,0,0,0,0,0,0,0,0,0,0,0,0,0,0
2023,1074760,1001,Kayserispor,180756,Talha Sariarslan,0,99,F,,False,True,0,0,0,0,0,0,0,0,0,,0,0,0,0,0,0,0,0,0,0,0,0,0,0,0,0,0
2023,1074760,611,Fenerbahce,1305,Dominik Livaković,90,40,G,6.3,False,False,0,0,0,0,3,0,3,25,0,12,0,0,0,1,1,0,0,0,1,0,0,0,0,0,0,0,0
2023,1074760,611,Fenerbahce,19588,Bright Osayi-Samuel,90,21,D,6.2,False,False,0,0,0,0,0,0,0,23,1,20,0,0,3,7,2,2,0,1,2,1,0,0,0,0,0,0,0
2023,1074760,611,Fenerbahce,1341,Serdar Aziz,81,4,D,6.3,False,False,0,0,0,0,0,0,0,42,0,33,0,2,0,7,4,0,0,0,2,1,0,0,0,0,0,0,0
2023,1074760,611,Fenerbahce,21633,Alexander Djiku,90,6,D,6.2,False,False,0,0,0,0,0,0,0,50,0,36,0,0,2,11,7,0,0,1,3,3,1,0,0,1,0,0,0
2023,1074760,611,Fenerbahce,1361,Ferdi Kadıoğlu,90,7,D,6.9,False,False,0,2,1,0,0,0,0,45,1,32,1,0,4,8,6,3,2,1,1,0,0,0,0,0,0,0,0
2023,1074760,611,Fenerbahce,214463,İsmail Yüksek,90,5,M,7.3,False,False,0,1,0,0,0,0,0,43,0,37,4,0,2,17,12,4,3,2,2,2,0,0,0,0,0,0,0
2023,1074760,611,Fenerbahce,905,Fred,90,35,M,7.2,False,False,0,1,0,0,0,1,0,40,3,35,3,1,1,10,5,1,0,2,2,0,1,1,0,0,0,0,0
2023,1074760,611,Fenerbahce,785,Cengiz Ünder,72,20,M,8,False,False,0,1,1,1,0,1,0,23,1,15,1,0,0,3,2,0,0,0,0,0,0,0,0,0,0,0,0
2023,1074760,611,Fenerbahce,40403,Sebastian Szymański,89,53,M,7,False,False,0,0,0,0,0,0,0,21,3,16,3,0,0,7,5,1,1,1,1,0,0,0,0,0,0,0,0
2023,1074760,611,Fenerbahce,554,Dušan Tadić,73,10,M,6.3,True,False,1,0,0,0,0,0,0,17,0,10,2,0,0,13,4,2,0,0,2,1,0,0,0,0,0,0,0
2023,1074760,611,Fenerbahce,2927,Michy Batshuayi,89,23,F,8.9,False,False,0,4,3,3,0,0,0,17,0,13,1,1,0,9,5,0,0,0,1,0,0,0,0,0,1,0,0
2023,1074760,611,Fenerbahce,49857,İrfan Can Kahveci,18,17,M,6.5,False,True,0,0,0,0,0,0,0,4,0,2,0,0,0,0,0,0,0,0,0,0,0,0,0,0,0,0,0
2023,1074760,611,Fenerbahce,18881,Joshua King,17,15,F,6.9,False,True,0,1,1,0,0,0,0,6,0,5,0,0,1,3,3,0,0,0,3,0,0,0,0,0,0,0,0
2023,1074760,611,Fenerbahce,272721,Jayden Oosterwolde,9,24,D,6.3,False,True,0,0,0,0,0,0,0,2,0,1,0,0,0,4,1,0,0,0,0,2,1,0,0,0,0,0,0
2023,1074760,611,Fenerbahce,50097,Mert Hakan Yandaş,12,8,M,5.7,False,True,0,0,0,0,0,0,0,3,0,2,0,0,0,2,0,1,0,0,0,1,2,1,0,0,0,0,0
2023,1074760,611,Fenerbahce,50246,Mehmet Umut Nayir,13,22,F,6.6,False,True,0,0,0,0,0,0,0,5,0,2,0,0,0,3,3,1,1,0,0,0,0,0,0,0,0,0,0
2023,1074760,611,Fenerbahce,62137,İrfan Can Eğribayat,0,70,G,,False,True,0,0,0,0,0,0,0,0,0,,0,0,0,0,0,0,0,0,0,0,0,0,0,0,0,0,0
2023,1074760,611,Fenerbahce,1719,Mert Müldür,0,16,D,,False,True,0,0,0,0,0,0,0,0,0,,0,0,0,0,0,0,0,0,0,0,0,0,0,0,0,0,0
2023,1074760,611,Fenerbahce,41973,Miguel Crespo,0,27,M,,False,True,0,0,0,0,0,0,0,0,0,,0,0,0,0,0,0,0,0,0,0,0,0,0,0,0,0,0
2023,1074760,611,Fenerbahce,162004,Bartuğ Elmaz,0,28,M,,False,True,0,0,0,0,0,0,0,0,0,,0,0,0,0,0,0,0,0,0,0,0,0,0,0,0,0,0
2023,1074760,611,Fenerbahce,47446,Emre Mor,0,99,M,,False,True,0,0,0,0,0,0,0,0,0,,0,0,0,0,0,0,0,0,0,0,0,0,0,0,0,0,0
2023,1074803,611,Fenerbahce,1305,Dominik Livaković,90,40,G,6.9,False,False,0,0,0,0,1,0,3,29,0,25,0,0,0,1,1,0,0,0,0,0,0,0,0,0,0,0,0
2023,1074803,611,Fenerbahce,1719,Mert Müldür,90,16,D,7.2,False,False,0,0,0,0,0,0,0,37,1,31,2,0,2,5,2,2,0,0,0,1,1,0,0,0,0,0,0
2023,1074803,611,Fenerbahce,853,Leonardo Bonucci,90,19,D,6.9,False,False,0,0,0,0,0,0,0,75,0,62,0,0,0,4,3,1,1,0,0,0,0,0,0,0,0,0,0
2023,1074803,611,Fenerbahce,272721,Jayden Oosterwolde,90,24,D,7.2,False,False,0,1,1,0,0,0,0,67,2,58,1,1,0,9,5,3,1,0,3,0,0,0,0,0,0,0,0
2023,1074803,611,Fenerbahce,1361,Ferdi Kadıoğlu,90,7,D,7.6,False,False,0,1,1,0,0,0,0,65,0,59,1,0,2,11,8,4,4,0,2,1,0,0,0,0,0,0,0
2023,1074803,611,Fenerbahce,214463,İsmail Yüksek,90,5,M,7.2,False,False,0,0,0,0,0,0,0,74,1,60,6,1,2,19,12,2,1,0,2,2,0,0,0,0,0,0,0
2023,1074803,611,Fenerbahce,905,Fred,87,35,M,7,False,False,0,1,0,0,0,0,0,54,1,44,1,0,1,10,5,3,1,1,3,0,0,0,0,0,0,0,0
2023,1074803,611,Fenerbahce,49857,İrfan Can Kahveci,70,17,M,7.9,False,False,0,3,1,1,0,0,0,27,1,21,1,0,1,3,2,0,0,0,1,0,0,0,0,0,0,0,0
2023,1074803,611,Fenerbahce,40403,Sebastian Szymański,80,53,M,7.7,False,False,0,2,1,0,0,0,0,27,3,21,5,0,0,10,6,1,0,0,1,2,0,0,0,0,0,0,0
2023,1074803,611,Fenerbahce,554,Dušan Tadić,70,10,M,7.9,False,False,0,2,0,0,0,1,0,35,4,24,1,0,1,7,4,1,0,0,1,1,0,0,0,0,0,0,0
2023,1074803,611,Fenerbahce,790,Edin Džeko,70,9,F,6.7,True,False,2,4,2,0,0,0,0,26,1,18,0,0,0,9,4,1,0,0,1,0,0,0,0,0,0,0,0
2023,1074803,611,Fenerbahce,785,Cengiz Ünder,20,20,F,6.3,False,True,0,1,0,0,0,0,0,7,0,6,0,0,0,2,0,2,0,0,0,0,0,0,0,0,0,0,0
2023,1074803,611,Fenerbahce,18881,Joshua King,20,15,F,7,False,True,0,1,0,0,0,0,0,6,1,5,0,0,0,5,3,1,0,0,0,0,0,0,0,0,0,0,0
2023,1074803,611,Fenerbahce,2927,Michy Batshuayi,20,23,F,6.7,False,True,1,2,1,0,0,0,0,2,0,1,0,0,0,2,0,1,0,0,0,0,0,0,0,0,0,0,0
2023,1074803,611,Fenerbahce,47446,Emre Mor,10,99,M,6.7,False,True,0,0,0,0,0,0,0,12,1,9,0,0,0,1,0,0,0,0,0,0,0,0,0,0,0,0,0
2023,1074803,611,Fenerbahce,31054,Rade Krunić,10,33,M,6.9,False,True,0,1,0,0,0,0,0,6,1,6,0,0,0,0,0,0,0,0,0,0,0,0,0,0,0,0,0
2023,1074803,611,Fenerbahce,62137,İrfan Can Eğribayat,0,70,G,,False,True,0,0,0,0,0,0,0,0,0,,0,0,0,0,0,0,0,0,0,0,0,0,0,0,0,0,0
2023,1074803,611,Fenerbahce,1341,Serdar Aziz,0,4,D,,False,True,0,0,0,0,0,0,0,0,0,,0,0,0,0,0,0,0,0,0,0,0,0,0,0,0,0,0
2023,1074803,611,Fenerbahce,10497,Lincoln,0,18,M,,False,True,0,0,0,0,0,0,0,0,0,,0,0,0,0,0,0,0,0,0,0,0,0,0,0,0,0,0
2023,1074803,611,Fenerbahce,50097,Mert Hakan Yandaş,0,8,M,,False,True,0,0,0,0,0,0,0,0,0,,0,0,0,0,0,0,0,0,0,0,0,0,0,0,0,0,0
2023,1074803,611,Fenerbahce,162004,Bartuğ Elmaz,0,28,M,,False,True,0,0,0,0,0,0,0,0,0,,0,0,0,0,0,0,0,0,0,0,0,0,0,0,0,0,0
2023,1074803,3603,Samsunspor,50217,Okan Kocuk,90,1,G,7.9,False,False,0,0,0,0,1,0,6,32,0,15,0,0,0,0,0,0,0,0,0,0,1,0,0,0,0,0,0
2023,1074803,3603,Samsunspor,2139,Zeki Yavru,89,18,D,6.3,True,False,0,0,0,0,0,0,0,34,0,23,4,0,2,13,6,1,0,3,1,1,0,0,0,0,0,0,0
2023,1074803,3603,Samsunspor,55949,Ľubomír Šatka,90,37,D,6.5,False,False,0,0,0,0,0,0,0,19,0,12,0,1,1,4,0,0,0,0,0,2,0,0,0,0,0,0,0
2023,1074803,3603,Samsunspor,19896,Alim Öztürk,90,5,D,7,False,False,0,0,0,0,0,0,0,26,0,18,2,1,3,5,3,0,0,0,0,0,0,0,0,0,0,0,0
2023,1074803,3603,Samsunspor,20044,Marc Bola,90,16,D,6.6,False,False,0,0,0,0,0,0,0,20,0,13,1,1,2,5,2,2,0,0,0,1,0,0,0,0,0,0,0
2023,1074803,3603,Samsunspor,2709,Youssef Aït Bennasser,90,6,M,6.6,False,False,0,0,0,0,0,0,0,36,0,28,1,0,1,6,3,0,0,0,1,2,0,0,0,0,0,0,0
2023,1074803,3603,Samsunspor,15837,Carlo Holse,90,21,M,7.2,False,False,0,2,1,0,0,0,0,29,1,23,6,0,1,12,7,0,0,2,1,0,1,0,0,0,0,0,0
2023,1074803,3603,Samsunspor,50202,Taylan Antalyalı,89,48,M,6.6,False,False,0,1,1,0,0,0,0,25,2,20,3,0,0,10,4,4,1,0,0,2,0,0,0,0,0,0,0
2023,1074803,3603,Samsunspor,21154,Flavien Tait,80,13,M,6.7,False,False,0,1,1,0,0,0,0,23,0,16,0,0,1,9,4,2,0,0,3,1,0,0,0,0,0,0,0
2023,1074803,3603,Samsunspor,50091,Emre Kılınç,80,11,M,7.5,False,False,0,1,1,1,0,0,0,18,1,12,4,0,0,9,6,0,0,0,1,0,0,0,0,0,0,0,0
2023,1074803,3603,Samsunspor,394,Marius Mouandilmadji,45,9,F,6.2,False,False,0,0,0,0,0,0,0,14,0,6,0,0,0,9,3,0,0,1,0,2,1,0,0,0,0,0,0
2023,1074803,3603,Samsunspor,119139,Ercan Kara,45,99,F,6.7,False,True,0,0,0,0,0,0,0,18,1,11,0,1,0,12,3,1,0,1,0,3,0,0,0,0,0,0,0
2023,1074803,3603,Samsunspor,49971,Osman Çelik,10,88,M,6.3,False,True,0,0,0,0,0,0,0,2,0,1,0,0,0,0,0,0,0,0,0,0,0,0,0,0,0,0,0
2023,1074803,3603,Samsunspor,50015,Moryke Fofana,10,7,F,6.7,False,True,0,0,0,0,0,0,0,1,0,1,1,0,0,2,1,0,0,0,0,0,0,0,0,0,0,0,0
2023,1074803,3603,Samsunspor,451828,Haluk Mustafa Tan,1,72,D,,False,True,0,0,0,0,0,0,0,1,0,1,1,0,0,2,1,0,0,1,0,0,0,0,0,0,0,0,0
2023,1074803,3603,Samsunspor,273762,Yunus Emre Çift,1,22,D,,False,True,0,0,0,0,0,0,0,0,0,,0,0,0,0,0,0,0,0,0,0,0,0,0,0,0,0,0
2023,1074803,3603,Samsunspor,40600,Jakub Szumski,0,29,G,,False,True,0,0,0,0,0,0,0,0,0,,0,0,0,0,0,0,0,0,0,0,0,0,0,0,0,0,0
2023,1074803,3603,Samsunspor,1360,Muhammed Gümüşkaya,0,23,M,,False,True,0,0,0,0,0,0,0,0,0,,0,0,0,0,0,0,0,0,0,0,0,0,0,0,0,0,0
2023,1074803,3603,Samsunspor,62681,Soner Gönül,0,28,D,,False,True,0,0,0,0,0,0,0,0,0,,0,0,0,0,0,0,0,0,0,0,0,0,0,0,0,0,0
2023,1074803,3603,Samsunspor,451827,Berhan Deniz,0,53,M,,False,True,0,0,0,0,0,0,0,0,0,,0,0,0,0,0,0,0,0,0,0,0,0,0,0,0,0,0
2023,1074803,3603,Samsunspor,49848,Soner Aydoğdu,0,8,M,,False,True,0,0,0,0,0,0,0,0,0,,0,0,0,0,0,0,0,0,0,0,0,0,0,0,0,0,0
2023,1074727,611,Fenerbahce,1305,Dominik Livaković,90,40,G,6.3,False,False,0,0,0,0,1,0,1,30,0,22,0,0,0,1,0,0,0,1,0,0,0,0,0,0,0,0,0
2023,1074727,611,Fenerbahce,1719,Mert Müldür,90,16,D,6.7,False,False,0,1,0,0,0,0,0,39,1,29,2,0,2,15,6,4,3,2,0,3,0,0,0,0,0,0,0
2023,1074727,611,Fenerbahce,62490,Samet Akaydin,90,3,D,6.9,False,False,0,0,0,0,0,0,0,78,0,71,0,1,3,6,3,0,0,2,0,0,1,0,0,0,0,0,0
2023,1074727,611,Fenerbahce,272721,Jayden Oosterwolde,90,24,D,6.7,False,False,0,0,0,0,0,0,0,61,0,49,1,1,1,5,2,0,0,0,0,2,0,0,0,0,0,0,0
2023,1074727,611,Fenerbahce,1361,Ferdi Kadıoğlu,90,7,D,7.2,False,False,0,0,0,0,0,0,0,48,0,39,1,0,0,11,8,3,3,1,3,0,0,0,0,0,0,0,0
2023,1074727,611,Fenerbahce,41973,Miguel Crespo,90,27,M,7,False,False,0,0,0,0,0,0,0,50,0,45,1,0,2,13,7,3,3,2,2,4,1,0,0,0,0,0,0
2023,1074727,611,Fenerbahce,214463,İsmail Yüksek,90,5,M,7.3,False,False,0,1,1,0,0,0,0,58,1,48,5,0,1,19,12,6,4,1,1,2,0,0,0,0,0,0,0
2023,1074727,611,Fenerbahce,49857,İrfan Can Kahveci,74,17,M,7.2,False,False,0,0,0,0,0,0,0,35,1,30,1,0,1,9,4,1,0,2,3,2,0,0,1,0,0,0,0
2023,1074727,611,Fenerbahce,40403,Sebastian Szymański,90,53,M,8,False,False,0,4,0,0,0,1,0,19,1,12,2,0,0,16,9,4,3,1,4,2,1,0,0,0,0,0,0
2023,1074727,611,Fenerbahce,554,Dušan Tadić,88,10,M,8.5,False,False,0,2,2,2,0,0,0,37,0,28,3,0,1,6,3,0,0,0,0,1,1,0,0,0,1,0,0
2023,1074727,611,Fenerbahce,790,Edin Džeko,74,9,F,6.9,True,False,2,0,0,0,0,0,0,17,1,15,1,0,1,7,3,0,0,0,1,1,0,0,0,0,0,0,0
2023,1074727,611,Fenerbahce,785,Cengiz Ünder,16,20,F,6.9,False,True,0,0,0,0,0,0,0,9,0,6,2,0,0,6,5,0,0,0,2,1,1,0,0,0,0,0,0
2023,1074727,611,Fenerbahce,2927,Michy Batshuayi,16,23,F,6.5,False,True,0,0,0,0,0,0,0,5,0,4,1,0,0,7,2,0,0,1,0,2,0,0,0,0,0,0,0
2023,1074727,611,Fenerbahce,18881,Joshua King,9,15,F,6.7,False,True,0,0,0,0,0,0,0,0,0,,0,0,0,0,0,0,0,0,0,0,0,0,0,0,0,0,0
2023,1074727,611,Fenerbahce,62137,İrfan Can Eğribayat,0,70,G,,False,True,0,0,0,0,0,0,0,0,0,,0,0,0,0,0,0,0,0,0,0,0,0,0,0,0,0,0
2023,1074727,611,Fenerbahce,412674,Ahmet Aydin,0,29,D,,False,True,0,0,0,0,0,0,0,0,0,,0,0,0,0,0,0,0,0,0,0,0,0,0,0,0,0,0
2023,1074727,611,Fenerbahce,412703,Yusuf Akcicek,0,95,D,,False,True,0,0,0,0,0,0,0,0,0,,0,0,0,0,0,0,0,0,0,0,0,0,0,0,0,0,0
2023,1074727,611,Fenerbahce,47446,Emre Mor,0,99,M,,False,True,0,0,0,0,0,0,0,0,0,,0,0,0,0,0,0,0,0,0,0,0,0,0,0,0,0,0
2023,1074727,611,Fenerbahce,162004,Bartuğ Elmaz,0,28,M,,False,True,0,0,0,0,0,0,0,0,0,,0,0,0,0,0,0,0,0,0,0,0,0,0,0,0,0,0
2023,1074727,611,Fenerbahce,1756,Ryan Kent,0,11,F,,False,True,0,0,0,0,0,0,0,0,0,,0,0,0,0,0,0,0,0,0,0,0,0,0,0,0,0,0
2023,1074727,611,Fenerbahce,50246,Mehmet Umut Nayir,0,22,F,,False,True,0,0,0,0,0,0,0,0,0,,0,0,0,0,0,0,0,0,0,0,0,0,0,0,0,0,0
2023,1074727,3589,Fatih Karagümrük,11346,Matías Dituro,90,1,G,6.3,False,False,0,0,0,0,2,0,1,33,0,24,0,0,0,1,0,0,0,0,0,1,1,0,0,1,0,0,0
2023,1074727,3589,Fatih Karagümrük,30769,Davide Biraschi,77,4,D,6,False,False,0,0,0,0,0,0,0,19,0,14,1,0,2,6,2,2,0,1,1,0,0,0,0,0,0,0,0
2023,1074727,3589,Fatih Karagümrük,36969,Ibrahim Drešević,90,5,D,6.5,False,False,1,0,0,0,0,0,0,52,0,50,1,0,2,13,3,0,0,3,1,4,1,0,0,0,0,0,0
2023,1074727,3589,Fatih Karagümrük,30397,Federico Ceccherini,90,26,D,6.2,False,False,0,0,0,0,0,0,0,57,0,44,2,0,0,10,6,1,0,1,2,1,1,0,0,0,0,0,0
2023,1074727,3589,Fatih Karagümrük,127609,Münir Levent Mercan,90,18,D,7,True,False,0,1,0,0,0,0,0,51,1,37,3,0,3,14,9,4,4,0,2,2,1,0,0,0,0,0,0
2023,1074727,3589,Fatih Karagümrük,447,Sofiane Feghouli,69,8,M,6.5,False,False,0,0,0,0,0,0,0,26,0,25,0,1,1,5,1,2,1,2,0,0,0,0,0,0,0,0,0
2023,1074727,3589,Fatih Karagümrük,50270,Ryan Mendes,90,20,M,6.2,False,False,0,0,0,0,0,1,0,22,2,18,0,0,0,11,2,3,0,2,2,2,0,0,0,0,0,0,0
2023,1074727,3589,Fatih Karagümrük,30996,Marcus Rohdén,78,6,M,6.5,False,False,0,1,0,0,0,0,0,26,0,20,1,0,0,8,3,1,1,2,1,2,0,0,0,0,0,0,0
2023,1074727,3589,Fatih Karagümrük,21096,Valentin Eysseric,90,9,M,7.3,False,False,0,2,0,0,0,0,0,52,3,40,2,0,0,12,8,1,1,1,4,0,0,0,0,0,0,0,0
2023,1074727,3589,Fatih Karagümrük,128955,Can Keleş,78,7,M,7.3,False,False,0,1,1,1,0,0,0,12,0,8,2,0,0,9,6,2,2,1,2,0,0,0,0,0,0,0,0
2023,1074727,3589,Fatih Karagümrük,2005,Güven Yalçın,90,10,F,7.3,False,False,0,1,1,0,0,0,0,25,1,16,3,0,0,20,11,6,4,3,2,2,0,0,0,0,0,0,0
2023,1074727,3589,Fatih Karagümrük,30786,Stefano Sturaro,21,27,M,6.6,False,True,0,0,0,0,0,0,0,24,0,19,1,0,0,6,4,0,0,0,1,1,0,0,0,0,0,0,0
2023,1074727,3589,Fatih Karagümrük,49964,Nazım Sangaré,13,30,D,6.3,False,True,0,1,0,0,0,0,0,6,0,5,0,0,0,1,0,0,0,0,0,0,0,0,0,0,0,0,0
2023,1074727,3589,Fatih Karagümrük,25053,Serdar Dursun,12,19,F,6.3,False,True,0,0,0,0,0,0,0,3,0,3,0,0,0,0,0,0,0,0,0,0,0,0,0,0,0,0,0
2023,1074727,3589,Fatih Karagümrük,30815,Kevin Lasagna,12,15,F,6.7,False,True,0,0,0,0,0,0,0,4,0,2,0,0,0,5,2,0,0,0,1,1,0,0,0,0,0,0,0
2023,1074727,3589,Fatih Karagümrük,275090,Emre Bilgin,0,23,G,,False,True,0,0,0,0,0,0,0,0,0,,0,0,0,0,0,0,0,0,0,0,0,0,0,0,0,0,0
2023,1074727,3589,Fatih Karagümrük,364377,Emir Tintis,0,22,D,,False,True,0,0,0,0,0,0,0,0,0,,0,0,0,0,0,0,0,0,0,0,0,0,0,0,0,0,0
2023,1074727,3589,Fatih Karagümrük,31050,Frédéric Veseli,0,3,D,,False,True,0,0,0,0,0,0,0,0,0,,0,0,0,0,0,0,0,0,0,0,0,0,0,0,0,0,0
2023,1074727,3589,Fatih Karagümrük,126849,Adnan Ugur,0,77,M,,False,True,0,0,0,0,0,0,0,0,0,,0,0,0,0,0,0,0,0,0,0,0,0,0,0,0,0,0
2023,1074727,3589,Fatih Karagümrük,50272,Otabek Shukurov,0,29,M,,False,True,0,0,0,0,0,0,0,0,0,,0,0,0,0,0,0,0,0,0,0,0,0,0,0,0,0,0
2023,1074727,3589,Fatih Karagümrük,341840,Flavio Paoletti,0,97,M,,False,True,0,0,0,0,0,0,0,0,0,,0,0,0,0,0,0,0,0,0,0,0,0,0,0,0,0,0
2023,1074843,611,Fenerbahce,1305,Dominik Livaković,90,40,G,6,False,False,0,0,0,0,2,0,1,17,0,13,0,0,0,0,0,0,0,0,0,0,0,0,0,0,0,0,0
2023,1074843,611,Fenerbahce,1719,Mert Müldür,90,16,D,7.2,False,False,0,1,0,0,0,1,0,50,3,44,2,0,0,7,3,0,0,1,1,1,0,0,0,0,0,0,0
2023,1074843,611,Fenerbahce,18776,Çağlar Söyüncü,90,2,D,6.6,False,False,0,1,0,0,0,0,0,89,1,78,1,0,2,10,4,0,0,0,1,3,0,0,0,0,0,0,0
2023,1074843,611,Fenerbahce,21633,Alexander Djiku,90,6,D,7.7,False,False,0,1,0,0,0,0,0,90,2,81,1,0,2,13,10,0,0,1,2,0,0,0,1,0,0,0,0
2023,1074843,611,Fenerbahce,1361,Ferdi Kadıoğlu,90,7,D,7.5,False,False,0,0,0,0,0,0,0,69,1,58,1,0,3,5,3,2,1,0,1,1,0,0,0,0,0,0,0
2023,1074843,611,Fenerbahce,31054,Rade Krunić,90,33,M,7.3,False,False,0,1,1,0,0,0,0,51,1,40,1,0,1,8,7,0,0,0,3,1,0,0,0,0,0,0,0
2023,1074843,611,Fenerbahce,214463,İsmail Yüksek,72,5,M,6.9,False,False,0,0,0,0,0,0,0,37,1,28,1,0,0,8,4,1,1,1,0,1,0,0,0,0,0,0,0
2023,1074843,611,Fenerbahce,785,Cengiz Ünder,45,20,M,7,False,False,0,2,1,0,0,0,0,20,3,17,0,0,0,7,4,1,1,1,3,0,1,0,0,0,0,0,0
2023,1074843,611,Fenerbahce,40403,Sebastian Szymański,90,53,M,7.2,False,False,1,2,1,0,0,0,0,35,1,26,1,0,3,8,4,0,0,0,3,1,1,0,0,0,0,0,0
2023,1074843,611,Fenerbahce,554,Dušan Tadić,90,10,M,8.2,False,False,1,3,2,1,0,0,0,50,2,38,1,0,0,12,6,0,0,1,4,1,1,0,0,0,1,0,0
2023,1074843,611,Fenerbahce,790,Edin Džeko,85,9,F,7.9,True,False,0,3,2,1,0,0,0,30,3,21,0,0,0,9,4,2,2,0,0,1,0,0,0,0,0,0,0
2023,1074843,611,Fenerbahce,49857,İrfan Can Kahveci,45,17,M,7.2,False,True,0,1,1,0,0,0,0,24,4,19,0,0,0,6,2,3,2,1,0,1,0,0,0,0,0,0,0
2023,1074843,611,Fenerbahce,2927,Michy Batshuayi,18,23,F,6.7,False,True,1,0,0,0,0,0,0,2,0,1,0,0,0,2,1,0,0,0,1,0,0,0,0,0,0,0,0
2023,1074843,611,Fenerbahce,1756,Ryan Kent,13,11,F,6.5,False,True,0,0,0,0,0,0,0,9,0,7,0,0,0,5,2,3,1,0,0,0,0,0,0,0,0,0,0
2023,1074843,611,Fenerbahce,62137,İrfan Can Eğribayat,0,70,G,,False,True,0,0,0,0,0,0,0,0,0,,0,0,0,0,0,0,0,0,0,0,0,0,0,0,0,0,0
2023,1074843,611,Fenerbahce,853,Leonardo Bonucci,0,19,D,,False,True,0,0,0,0,0,0,0,0,0,,0,0,0,0,0,0,0,0,0,0,0,0,0,0,0,0,0
2023,1074843,611,Fenerbahce,1341,Serdar Aziz,0,4,D,,False,True,0,0,0,0,0,0,0,0,0,,0,0,0,0,0,0,0,0,0,0,0,0,0,0,0,0,0
2023,1074843,611,Fenerbahce,272721,Jayden Oosterwolde,0,24,D,,False,True,0,0,0,0,0,0,0,0,0,,0,0,0,0,0,0,0,0,0,0,0,0,0,0,0,0,0
2023,1074843,611,Fenerbahce,413015,Muhammet Imre,0,49,M,,False,True,0,0,0,0,0,0,0,0,0,,0,0,0,0,0,0,0,0,0,0,0,0,0,0,0,0,0
2023,1074843,611,Fenerbahce,1369,Miha Zajc,0,26,M,,False,True,0,0,0,0,0,0,0,0,0,,0,0,0,0,0,0,0,0,0,0,0,0,0,0,0,0,0
2023,1074843,611,Fenerbahce,50097,Mert Hakan Yandaş,0,8,M,,False,True,0,0,0,0,0,0,0,0,0,,0,0,0,0,0,0,0,0,0,0,0,0,0,0,0,0,0
2023,1074843,996,Alanyaspor,49991,Ertuğrul Taşkıran,90,1,G,8.2,False,False,0,0,0,0,2,0,6,41,0,25,0,0,0,0,0,0,0,0,0,0,0,0,0,0,0,0,0
2023,1074843,996,Alanyaspor,19042,Florent Hadergjonaj,80,94,D,6.7,False,False,1,0,0,0,0,1,0,24,1,20,0,1,1,8,3,1,1,1,0,2,0,0,0,0,0,0,0
2023,1074843,996,Alanyaspor,50079,Fatih Aksoy,57,20,D,6.9,True,False,0,0,0,0,0,0,0,26,0,16,1,1,1,4,3,0,0,0,1,1,0,0,0,0,0,0,0
2023,1074843,996,Alanyaspor,48211,Fidan Aliti,90,5,D,6.7,False,False,0,1,0,0,0,0,0,37,0,28,0,1,0,4,3,0,0,0,2,1,0,0,0,0,0,0,0
2023,1074843,996,Alanyaspor,30918,Jure Balkovec,90,29,D,6.6,False,False,0,0,0,0,0,0,0,30,1,21,3,1,0,10,5,1,0,1,1,2,0,0,0,0,0,0,0
2023,1074843,996,Alanyaspor,10240,Richard Cândido,90,25,M,6.6,False,False,0,1,0,0,0,0,0,35,0,27,1,0,2,8,5,0,0,0,1,1,1,0,0,0,0,0,0
2023,1074843,996,Alanyaspor,19326,Leroy Fer,90,8,M,6.6,False,False,0,0,0,0,0,0,0,28,0,17,2,1,2,9,5,0,0,0,1,3,1,0,0,0,0,0,0
2023,1074843,996,Alanyaspor,134590,Oğuz Aydın,90,11,M,6.3,False,False,0,0,0,0,0,0,0,21,2,15,1,0,1,10,3,1,0,1,1,0,1,0,0,0,0,0,0
2023,1074843,996,Alanyaspor,47447,Pione Sisto,87,18,M,6.5,False,False,0,1,1,0,0,0,0,25,0,22,1,1,0,7,3,1,1,1,1,2,0,0,0,0,0,0,0
2023,1074843,996,Alanyaspor,289306,Loide Augusto,90,27,M,8.5,False,False,1,2,2,2,0,0,0,22,0,15,2,4,3,12,6,1,1,1,2,4,1,0,0,1,0,0,0
2023,1074843,996,Alanyaspor,9935,Carlos Eduardo,86,28,F,6.3,False,False,1,0,0,0,0,0,0,12,0,8,1,0,0,17,5,3,1,1,1,2,1,0,0,0,0,0,0
2023,1074843,996,Alanyaspor,62378,Furkan Bayır,33,4,D,6.2,False,True,0,0,0,0,0,0,0,18,0,14,1,0,0,2,1,0,0,0,0,1,0,0,0,0,0,0,0
2023,1074843,996,Alanyaspor,286825,Yusuf Özdemir,10,88,M,6.7,False,True,0,0,0,0,0,0,0,8,0,6,0,0,0,3,1,1,1,1,0,0,0,0,0,0,0,0,0
2023,1074843,996,Alanyaspor,49941,Efecan Karaca,12,7,M,6.7,False,True,0,0,0,0,0,0,0,1,0,1,2,0,0,3,2,0,0,1,0,0,0,0,0,0,0,0,0
2023,1074843,996,Alanyaspor,2211,Nicolas Janvier,11,17,M,6.7,False,True,0,0,0,0,0,0,0,3,0,2,0,0,0,3,1,1,1,0,0,0,0,0,0,0,0,0,0
2023,1074843,996,Alanyaspor,105259,Yavuz Aygun,0,35,G,,False,True,0,0,0,0,0,0,0,0,0,,0,0,0,0,0,0,0,0,0,0,0,0,0,0,0,0,0
2023,1074843,996,Alanyaspor,49927,Yusuf Karagöz,0,99,G,,False,True,0,0,0,0,0,0,0,0,0,,0,0,0,0,0,0,0,0,0,0,0,0,0,0,0,0,0
2023,1074843,996,Alanyaspor,162093,Yunus Bahadir,0,42,D,,False,True,0,0,0,0,0,0,0,0,0,,0,0,0,0,0,0,0,0,0,0,0,0,0,0,0,0,0
2023,1074843,996,Alanyaspor,41101,João Novais,0,10,M,,False,True,0,0,0,0,0,0,0,0,0,,0,0,0,0,0,0,0,0,0,0,0,0,0,0,0,0,0
2023,1074843,996,Alanyaspor,332964,Eren Altintas,0,26,M,,False,True,0,0,0,0,0,0,0,0,0,,0,0,0,0,0,0,0,0,0,0,0,0,0,0,0,0,0
2023,1074843,996,Alanyaspor,1617,Ahmed Hassan,0,22,F,,False,True,0,0,0,0,0,0,0,0,0,,0,0,0,0,0,0,0,0,0,0,0,0,0,0,0,0,0
2023,1074950,611,Fenerbahce,1305,Dominik Livaković,90,40,G,7.3,False,False,0,0,0,0,0,0,3,26,1,11,0,0,0,0,0,0,0,0,0,0,0,0,0,0,0,0,0
2023,1074950,611,Fenerbahce,1361,Ferdi Kadıoğlu,90,7,D,7.5,False,False,1,2,1,0,0,0,0,43,2,32,2,0,0,5,3,0,0,2,1,0,0,0,0,0,0,0,0
2023,1074950,611,Fenerbahce,829,Rodrigo Becão,90,50,D,7.3,False,False,0,0,0,0,0,0,0,41,1,34,1,0,0,6,4,1,1,0,1,1,1,0,0,0,0,0,0
2023,1074950,611,Fenerbahce,18776,Çağlar Söyüncü,78,2,D,7.6,False,False,0,1,1,1,0,0,0,38,0,30,2,0,1,6,6,0,0,0,0,0,0,0,0,0,0,0,0
2023,1074950,611,Fenerbahce,272721,Jayden Oosterwolde,66,24,D,7.2,False,False,0,1,1,0,0,0,0,22,0,17,2,1,1,10,8,3,3,0,1,1,0,0,0,0,0,0,0
2023,1074950,611,Fenerbahce,21633,Alexander Djiku,90,6,M,8,False,False,0,1,1,1,0,0,0,45,1,33,4,0,4,12,8,1,1,0,1,2,0,0,0,0,0,0,0
2023,1074950,611,Fenerbahce,905,Fred,90,35,M,7.5,False,False,0,4,3,0,0,0,0,50,1,34,2,0,2,12,8,6,4,1,2,1,0,0,0,0,0,0,0
2023,1074950,611,Fenerbahce,785,Cengiz Ünder,82,20,M,6.9,False,False,0,1,1,0,0,0,0,27,1,23,0,0,0,3,2,1,1,0,0,1,0,0,0,0,0,0,0
2023,1074950,611,Fenerbahce,40403,Sebastian Szymański,90,53,M,7.2,False,False,0,1,0,0,0,1,0,32,3,26,0,0,0,8,0,1,0,2,0,2,0,0,0,0,0,0,0
2023,1074950,611,Fenerbahce,554,Dušan Tadić,66,10,M,7.2,True,False,1,3,3,0,0,1,0,25,3,13,3,0,0,16,5,5,1,1,1,2,0,0,0,0,0,0,0
2023,1074950,611,Fenerbahce,2927,Michy Batshuayi,78,23,F,7.6,False,False,1,3,2,1,0,0,0,26,2,18,0,0,0,5,1,2,1,0,0,0,0,0,0,0,0,0,0
2023,1074950,611,Fenerbahce,19588,Bright Osayi-Samuel,24,21,D,6.6,False,True,0,0,0,0,0,0,0,9,0,9,0,0,0,1,1,1,1,0,0,0,0,0,0,0,0,0,0
2023,1074950,611,Fenerbahce,18881,Joshua King,24,15,F,6.7,False,True,0,2,0,0,0,0,0,6,1,5,0,0,0,6,1,1,0,1,1,2,0,0,0,0,0,0,0
2023,1074950,611,Fenerbahce,50097,Mert Hakan Yandaş,12,8,M,7.5,False,True,0,2,2,0,0,0,0,7,2,6,0,0,0,0,0,0,0,0,0,0,0,0,0,0,0,0,0
2023,1074950,611,Fenerbahce,25053,Serdar Dursun,12,91,F,6.9,False,True,0,0,0,0,0,0,0,7,1,6,0,0,0,2,1,0,0,1,0,0,0,0,0,0,0,0,0
2023,1074950,611,Fenerbahce,853,Leonardo Bonucci,8,19,D,6.7,False,True,0,0,0,0,0,0,0,7,0,6,1,0,0,3,2,0,0,0,1,0,0,0,0,0,0,0,0
2023,1074950,611,Fenerbahce,62137,İrfan Can Eğribayat,0,70,G,,False,True,0,0,0,0,0,0,0,0,0,,0,0,0,0,0,0,0,0,0,0,0,0,0,0,0,0,0
2023,1074950,611,Fenerbahce,368141,Furkan Onur Akyüz,0,97,G,,False,True,0,0,0,0,0,0,0,0,0,,0,0,0,0,0,0,0,0,0,0,0,0,0,0,0,0,0
2023,1074950,611,Fenerbahce,1369,Miha Zajc,0,26,M,,False,True,0,0,0,0,0,0,0,0,0,,0,0,0,0,0,0,0,0,0,0,0,0,0,0,0,0,0
2023,1074950,611,Fenerbahce,413019,Efekan Karayazi,0,92,M,,False,True,0,0,0,0,0,0,0,0,0,,0,0,0,0,0,0,0,0,0,0,0,0,0,0,0,0,0
2023,1074950,611,Fenerbahce,790,Edin Džeko,0,9,F,,False,True,0,0,0,0,0,0,0,0,0,,0,0,0,0,0,0,0,0,0,0,0,0,0,0,0,0,0
2023,1074950,1001,Kayserispor,37111,Bilal Bayazit,90,25,G,8.6,False,False,0,0,0,0,3,0,12,47,0,32,0,0,0,0,0,0,0,0,0,0,0,0,0,0,0,0,0
2023,1074950,1001,Kayserispor,62158,Gökhan Sazdağı,81,11,D,6.2,False,False,0,1,1,0,0,0,0,46,0,26,7,0,1,19,12,4,2,1,1,2,1,0,0,0,0,0,0
2023,1074950,1001,Kayserispor,26737,Dimitris Kolovetsios,90,4,D,6.5,True,False,0,1,0,0,0,0,0,42,0,32,2,1,1,6,3,0,0,1,0,0,0,0,0,0,0,0,0
2023,1074950,1001,Kayserispor,313071,Arif Kocaman,67,54,D,6.2,False,False,0,0,0,0,0,0,0,29,0,25,0,1,0,3,1,0,0,1,1,1,0,0,0,0,0,0,0
2023,1074950,1001,Kayserispor,22245,Lionel Carole,90,23,D,6.5,False,False,0,0,0,0,0,0,0,35,1,26,0,0,0,6,3,1,0,1,1,0,0,0,0,0,0,0,0
2023,1074950,1001,Kayserispor,1998,Kartal Kayra Yılmaz,90,8,M,6.9,False,False,0,0,0,0,0,0,0,62,0,51,2,0,2,7,4,0,0,2,2,1,1,0,0,0,0,0,0
2023,1074950,1001,Kayserispor,50272,Otabek Shukurov,45,29,M,6.3,False,False,0,1,1,0,0,0,0,22,0,20,0,0,1,4,1,1,0,1,1,1,1,0,0,0,0,0,0
2023,1074950,1001,Kayserispor,53659,Miguel Cardoso,90,7,M,6.3,False,False,0,2,1,0,0,0,0,21,3,18,0,0,0,7,0,1,0,2,0,0,0,0,0,0,0,0,0
2023,1074950,1001,Kayserispor,2711,Mehdi Bourabia,81,10,M,6.7,False,False,1,0,0,0,0,0,0,37,1,32,0,1,1,8,3,4,3,0,0,1,0,0,0,0,0,0,0
2023,1074950,1001,Kayserispor,24860,Carlos Mané,62,20,M,6.3,False,False,0,0,0,0,0,0,0,10,0,7,1,0,2,7,2,1,0,1,1,1,0,0,0,0,0,0,0
2023,1074950,1001,Kayserispor,41370,Aylton Boa Morte,90,70,F,6.6,False,False,2,2,0,0,0,0,0,14,1,8,2,0,0,15,8,6,2,1,3,2,1,0,0,0,0,0,0
2023,1074950,1001,Kayserispor,45020,Duckens Nazon,45,9,F,6.7,False,True,0,1,0,0,0,0,0,9,1,6,0,0,0,5,2,1,0,0,0,1,0,0,0,0,0,0,0
2023,1074950,1001,Kayserispor,62419,Ramazan Civelek,28,28,M,6.6,False,True,0,0,0,0,0,0,0,20,0,15,1,0,0,1,1,0,0,0,0,1,0,0,0,0,0,0,0
2023,1074950,1001,Kayserispor,49838,Joseph Attamah,23,3,D,6.9,False,True,0,0,0,0,0,0,0,24,0,21,0,1,0,2,2,0,0,0,1,0,0,0,0,0,0,0,0
2023,1074950,1001,Kayserispor,64261,Yaw Ackah,9,89,M,6.6,False,True,0,0,0,0,0,0,0,6,0,6,1,0,0,3,2,1,1,1,0,0,0,0,0,0,0,0,0
2023,1074950,1001,Kayserispor,182275,Mehmet Eray Özbek,9,16,M,6.3,False,True,0,1,0,0,0,0,0,3,0,2,1,0,0,2,1,0,0,1,0,0,0,0,0,0,0,0,0
2023,1074950,1001,Kayserispor,134492,Onurcan Piri,0,1,G,,False,True,0,0,0,0,0,0,0,0,0,,0,0,0,0,0,0,0,0,0,0,0,0,0,0,0,0,0
2023,1074950,1001,Kayserispor,19347,Julian Jeanvier,0,92,D,,False,True,0,0,0,0,0,0,0,0,0,,0,0,0,0,0,0,0,0,0,0,0,0,0,0,0,0,0
2023,1074950,1001,Kayserispor,371932,Baran Ali Gezek,0,26,M,,False,True,0,0,0,0,0,0,0,0,0,,0,0,0,0,0,0,0,0,0,0,0,0,0,0,0,0,0
2023,1074950,1001,Kayserispor,3407,Stéphane Bahoken,0,13,F,,False,True,0,0,0,0,0,0,0,0,0,,0,0,0,0,0,0,0,0,0,0,0,0,0,0,0,0,0
2023,1074950,1001,Kayserispor,128904,Yiğit Emre Çeltik,0,21,M,,False,True,0,0,0,0,0,0,0,0,0,,0,0,0,0,0,0,0,0,0,0,0,0,0,0,0,0,0
2023,1074917,3589,Fatih Karagümrük,30495,Salvatore Sirigu,90,31,G,7.2,False,False,0,0,0,0,2,0,5,37,0,25,0,0,0,0,0,0,0,0,0,0,0,0,0,0,0,0,0
2023,1074917,3589,Fatih Karagümrük,30769,Davide Biraschi,90,4,D,7,False,False,0,0,0,0,0,0,0,33,1,24,2,0,4,6,5,2,2,0,1,1,1,0,0,0,0,0,0
2023,1074917,3589,Fatih Karagümrük,30772,Koray Günter,82,25,D,6.9,False,False,0,1,1,0,0,0,0,44,0,40,1,0,2,5,3,0,0,0,0,0,0,0,0,0,0,0,0
2023,1074917,3589,Fatih Karagümrük,30397,Federico Ceccherini,90,26,D,6.7,False,False,0,0,0,0,0,0,0,70,1,55,1,0,1,8,6,0,0,1,2,0,1,0,0,0,0,0,0
2023,1074917,3589,Fatih Karagümrük,127609,Münir Levent Mercan,90,18,D,6.5,True,False,0,0,0,0,0,0,0,34,0,28,0,0,0,8,3,3,3,2,0,1,0,0,0,0,0,0,0
2023,1074917,3589,Fatih Karagümrük,30996,Marcus Rohdén,90,6,M,6.3,False,False,0,2,1,0,0,0,0,26,0,19,0,1,2,7,1,1,0,1,0,2,0,0,0,1,0,0,0
2023,1074917,3589,Fatih Karagümrük,1636,Andrea Bertolacci,68,91,M,6.7,False,False,0,0,0,0,0,0,0,36,2,29,1,0,0,6,3,0,0,1,2,0,0,0,0,0,0,0,0
2023,1074917,3589,Fatih Karagümrük,128955,Can Keleş,82,7,M,7.3,False,False,0,2,2,1,0,0,0,17,0,13,0,0,0,9,5,1,0,1,2,0,0,0,0,0,0,0,0
2023,1074917,3589,Fatih Karagümrük,21096,Valentin Eysseric,90,9,M,6.9,False,False,2,1,0,0,0,0,0,28,3,22,2,0,0,16,7,0,0,0,5,4,2,1,0,0,0,0,0
2023,1074917,3589,Fatih Karagümrük,50270,Ryan Mendes,76,20,M,6.7,False,False,0,2,1,0,0,1,0,28,1,20,1,0,0,7,2,1,0,1,1,2,0,1,0,0,0,0,0
2023,1074917,3589,Fatih Karagümrük,2005,Güven Yalçın,72,10,F,6.6,False,False,1,1,1,0,0,0,0,15,1,8,1,0,0,9,2,2,1,1,0,0,0,0,0,0,0,0,0
2023,1074917,3589,Fatih Karagümrük,13089,Marcão,22,70,F,6.3,False,True,0,1,1,0,0,0,0,2,0,,0,0,0,5,1,1,0,0,0,1,1,0,0,0,0,0,0
2023,1074917,3589,Fatih Karagümrük,126849,Adnan Ugur,18,77,M,6.7,False,True,0,0,0,0,0,0,0,7,0,7,1,0,0,2,1,0,0,1,0,0,0,0,0,0,0,0,0
2023,1074917,3589,Fatih Karagümrük,49964,Nazım Sangaré,8,30,D,6.7,False,True,0,0,0,0,0,0,0,1,0,,1,0,0,1,1,0,0,0,0,0,0,0,0,0,0,0,0
2023,1074917,3589,Fatih Karagümrük,30815,Kevin Lasagna,8,15,F,6.5,False,True,0,0,0,0,0,0,0,1,0,1,0,0,0,2,0,0,0,0,0,0,0,0,0,0,0,0,0
2023,1074917,3589,Fatih Karagümrük,275090,Emre Bilgin,0,23,G,,False,True,0,0,0,0,0,0,0,0,0,,0,0,0,0,0,0,0,0,0,0,0,0,0,0,0,0,0
2023,1074917,3589,Fatih Karagümrük,31050,Frédéric Veseli,0,3,D,,False,True,0,0,0,0,0,0,0,0,0,,0,0,0,0,0,0,0,0,0,0,0,0,0,0,0,0,0
2023,1074917,3589,Fatih Karagümrük,49960,Salih Dursun,0,54,D,,False,True,0,0,0,0,0,0,0,0,0,,0,0,0,0,0,0,0,0,0,0,0,0,0,0,0,0,0
2023,1074917,3589,Fatih Karagümrük,341840,Flavio Paoletti,0,97,M,,False,True,0,0,0,0,0,0,0,0,0,,0,0,0,0,0,0,0,0,0,0,0,0,0,0,0,0,0
2023,1074917,3589,Fatih Karagümrük,14346,Tonio Teklić,0,99,F,,False,True,0,0,0,0,0,0,0,0,0,,0,0,0,0,0,0,0,0,0,0,0,0,0,0,0,0,0
2023,1074917,3589,Fatih Karagümrük,447,Sofiane Feghouli,0,8,M,,False,True,0,0,0,0,0,0,0,0,0,,0,0,0,0,0,0,0,0,0,0,0,0,0,0,0,0,0
2023,1074917,611,Fenerbahce,1305,Dominik Livaković,90,40,G,8.2,False,False,0,0,0,0,1,0,6,41,0,29,1,0,0,2,2,0,0,0,0,0,0,0,0,0,0,0,0
2023,1074917,611,Fenerbahce,19588,Bright Osayi-Samuel,90,21,D,7.6,False,False,0,0,0,0,0,0,0,22,3,19,1,0,0,9,6,3,3,0,2,1,1,0,1,0,0,0,0
2023,1074917,611,Fenerbahce,1341,Serdar Aziz,72,4,D,6.6,False,False,0,1,0,0,0,0,0,39,0,33,1,0,1,4,3,0,0,0,1,1,1,0,0,0,0,0,0
2023,1074917,611,Fenerbahce,18776,Çağlar Söyüncü,90,2,D,7,False,False,0,1,0,0,0,0,0,48,0,40,1,0,1,10,8,0,0,0,1,0,0,0,0,0,0,0,0
2023,1074917,611,Fenerbahce,1361,Ferdi Kadıoğlu,90,7,D,7.3,False,False,0,0,0,0,0,0,0,61,2,50,3,0,0,12,6,2,2,2,0,2,0,0,0,0,0,0,0
2023,1074917,611,Fenerbahce,214463,İsmail Yüksek,90,5,M,7,False,False,0,0,0,0,0,0,0,45,0,36,2,0,2,14,8,1,0,2,2,2,0,0,0,0,0,0,0
2023,1074917,611,Fenerbahce,905,Fred,89,35,M,7.5,False,False,1,1,1,0,0,1,0,49,1,41,2,0,0,5,4,1,1,0,1,1,0,0,0,0,0,0,0
2023,1074917,611,Fenerbahce,49857,İrfan Can Kahveci,89,17,M,6.9,False,False,1,1,0,0,0,0,0,36,2,25,0,0,0,10,2,1,1,1,1,3,0,0,0,0,0,0,0
2023,1074917,611,Fenerbahce,31054,Rade Krunić,45,33,M,6.6,False,False,0,2,1,0,0,0,0,16,0,12,0,0,0,4,1,1,1,0,0,0,0,0,0,0,0,0,0
2023,1074917,611,Fenerbahce,554,Dušan Tadić,90,10,M,7.2,False,False,0,0,0,0,0,0,0,46,3,34,0,0,0,5,2,1,0,0,1,0,0,0,0,0,0,0,0
2023,1074917,611,Fenerbahce,790,Edin Džeko,89,9,F,8.3,True,False,0,4,2,1,0,0,0,30,3,19,2,0,0,9,6,0,0,0,0,2,0,0,0,0,0,0,0
2023,1074917,611,Fenerbahce,2927,Michy Batshuayi,45,23,F,7.2,False,True,2,5,3,1,0,0,0,12,0,8,0,0,0,0,0,0,0,0,0,0,0,0,0,0,1,0,0
2023,1074917,611,Fenerbahce,829,Rodrigo Becão,18,50,D,6.6,False,True,0,0,0,0,0,0,0,3,0,3,1,0,0,2,2,0,0,0,1,0,0,0,0,0,0,0,0
2023,1074917,611,Fenerbahce,1719,Mert Müldür,9,16,D,6.3,False,True,0,0,0,0,0,0,0,2,0,2,0,0,0,1,0,0,0,1,0,0,0,0,0,0,0,0,0
2023,1074917,611,Fenerbahce,1369,Miha Zajc,9,26,M,6.7,False,True,0,0,0,0,0,0,0,2,0,2,0,0,0,2,1,1,1,0,0,1,1,0,0,0,0,0,0
2023,1074917,611,Fenerbahce,25053,Serdar Dursun,1,91,F,,False,True,0,0,0,0,0,0,0,0,0,,0,0,0,2,0,0,0,0,0,1,0,0,0,0,0,0,0
2023,1074917,611,Fenerbahce,368141,Furkan Onur Akyüz,0,97,G,,False,True,0,0,0,0,0,0,0,0,0,,0,0,0,0,0,0,0,0,0,0,0,0,0,0,0,0,0
2023,1074917,611,Fenerbahce,401427,Muhammet Dogukan Demir,0,67,G,,False,True,0,0,0,0,0,0,0,0,0,,0,0,0,0,0,0,0,0,0,0,0,0,0,0,0,0,0
2023,1074917,611,Fenerbahce,853,Leonardo Bonucci,0,19,D,,False,True,0,0,0,0,0,0,0,0,0,,0,0,0,0,0,0,0,0,0,0,0,0,0,0,0,0,0
2023,1074917,611,Fenerbahce,412703,Yusuf Akcicek,0,95,D,,False,True,0,0,0,0,0,0,0,0,0,,0,0,0,0,0,0,0,0,0,0,0,0,0,0,0,0,0
2023,1074917,611,Fenerbahce,460825,Muhammet Zeki Dursun,0,88,M,,False,True,0,0,0,0,0,0,0,0,0,,0,0,0,0,0,0,0,0,0,0,0,0,0,0,0,0,0
2023,1074638,1010,Ankaragucu,24837,Rafał Gikiewicz,90,1,G,6.6,False,False,0,0,0,0,1,0,1,33,0,26,1,0,0,1,1,0,0,0,0,0,0,0,0,0,0,0,0
2023,1074638,1010,Ankaragucu,50142,Stelios Kitsiou,90,70,D,7.3,False,False,0,0,0,0,0,0,0,32,1,27,4,0,2,10,7,0,0,2,2,0,0,0,0,0,0,0,0
2023,1074638,1010,Ankaragucu,66013,Uroš Radaković,90,26,D,6.9,False,False,0,1,0,0,0,0,0,55,0,47,2,1,0,7,5,0,0,0,0,2,1,0,0,0,0,0,0
2023,1074638,1010,Ankaragucu,61808,Mert Çetin,90,45,D,6.9,False,False,0,0,0,0,0,0,0,56,0,46,4,2,1,10,4,0,0,0,0,3,1,0,0,0,0,0,0
2023,1074638,1010,Ankaragucu,76867,Nihad Mujakić,81,18,D,6.3,False,False,0,0,0,0,0,0,0,23,1,20,0,0,0,3,1,0,0,0,0,1,0,0,0,0,0,0,0
2023,1074638,1010,Ankaragucu,119112,Andrej Đokanović,61,16,M,6.7,False,False,0,1,0,0,0,0,0,19,0,15,1,0,0,6,4,1,1,0,1,0,0,0,0,0,0,0,0
2023,1074638,1010,Ankaragucu,1355,Tolga Ciğerci,90,30,M,7.5,True,False,0,0,0,0,0,0,0,66,2,54,2,0,2,10,6,3,3,2,1,1,0,0,0,0,0,0,0
2023,1074638,1010,Ankaragucu,43024,Olimpiu Moruțan,81,80,M,6,False,False,0,0,0,0,0,0,0,25,0,21,2,0,1,15,4,3,0,3,2,2,0,0,0,0,0,0,0
2023,1074638,1010,Ankaragucu,26128,Efkan Bekiroğlu,90,10,M,7.6,False,False,0,2,0,0,0,0,0,44,5,31,1,0,0,5,3,1,1,0,1,2,0,0,0,0,0,0,0
2023,1074638,1010,Ankaragucu,371383,Renaldo Cephas,71,29,M,6.7,False,False,0,1,1,0,0,0,0,8,0,4,1,1,1,8,3,1,0,1,1,1,0,0,0,0,0,0,0
2023,1074638,1010,Ankaragucu,11012,Ali Sowe,90,22,F,6.7,False,False,0,1,0,0,0,0,0,13,0,9,0,0,0,9,2,0,0,2,2,1,0,0,0,0,0,0,0
2023,1074638,1010,Ankaragucu,162070,Cem Türkmen,29,6,M,6.5,False,True,0,0,0,0,0,0,0,13,0,9,0,0,0,4,1,0,0,0,0,2,0,0,0,0,0,0,0
2023,1074638,1010,Ankaragucu,44612,Garry Rodrigues,19,11,F,7,False,True,0,0,0,0,0,0,0,9,0,6,0,0,0,5,4,3,3,0,1,0,0,0,0,0,0,0,0
2023,1074638,1010,Ankaragucu,66011,Matěj Hanousek,9,5,D,6.7,False,True,0,0,0,0,0,0,0,4,1,3,0,0,0,0,0,0,0,0,0,0,0,0,0,0,0,0,0
2023,1074638,1010,Ankaragucu,9084,Riad Bajić,9,9,F,6.9,False,True,0,1,1,0,0,0,0,2,0,1,0,0,0,4,2,0,0,0,1,0,0,0,0,0,0,0,0
2023,1074638,1010,Ankaragucu,194689,Bahadır Han Güngördü,0,99,G,,False,True,0,0,0,0,0,0,0,0,0,,0,0,0,0,0,0,0,0,0,0,0,0,0,0,0,0,0
2023,1074638,1010,Ankaragucu,62046,Hayrullah Bilazer,0,77,D,,False,True,0,0,0,0,0,0,0,0,0,,0,0,0,0,0,0,0,0,0,0,0,0,0,0,0,0,0
2023,1074638,1010,Ankaragucu,61908,Atakan Cankaya,0,4,M,,False,True,0,0,0,0,0,0,0,0,0,,0,0,0,0,0,0,0,0,0,0,0,0,0,0,0,0,0
2023,1074638,1010,Ankaragucu,41523,Pedrinho,0,8,M,,False,True,0,0,0,0,0,0,0,0,0,,0,0,0,0,0,0,0,0,0,0,0,0,0,0,0,0,0
2023,1074638,1010,Ankaragucu,26748,Anastasios Chatzigiovanis,0,7,M,,False,True,0,0,0,0,0,0,0,0,0,,0,0,0,0,0,0,0,0,0,0,0,0,0,0,0,0,0
2023,1074638,1010,Ankaragucu,2145,Ali Kaan Güneren,0,23,M,,False,True,0,0,0,0,0,0,0,0,0,,0,0,0,0,0,0,0,0,0,0,0,0,0,0,0,0,0
2023,1074638,611,Fenerbahce,62137,İrfan Can Eğribayat,90,70,G,7.5,False,False,0,0,0,0,0,0,2,31,0,25,0,0,0,0,0,0,0,0,0,0,0,0,0,0,0,0,0
2023,1074638,611,Fenerbahce,19588,Bright Osayi-Samuel,90,21,D,8,False,False,0,1,1,1,0,0,0,25,0,21,5,0,0,10,7,3,2,0,0,2,0,0,0,0,0,0,0
2023,1074638,611,Fenerbahce,829,Rodrigo Becão,90,50,D,7.3,False,False,0,0,0,0,0,0,0,50,0,43,0,4,0,4,3,0,0,0,1,1,0,0,0,0,0,0,0
2023,1074638,611,Fenerbahce,21633,Alexander Djiku,90,6,D,7.6,False,False,0,0,0,0,0,0,0,48,0,41,3,1,1,10,8,1,1,0,1,1,0,0,0,0,0,0,0
2023,1074638,611,Fenerbahce,272721,Jayden Oosterwolde,90,24,D,7.6,False,False,0,0,0,0,0,0,0,54,1,40,2,0,1,8,7,2,2,0,0,1,0,0,0,0,0,0,0
2023,1074638,611,Fenerbahce,214463,İsmail Yüksek,84,5,M,6,False,False,0,0,0,0,0,0,0,38,0,34,1,1,0,11,3,2,0,4,1,2,2,1,0,0,0,0,0
2023,1074638,611,Fenerbahce,905,Fred,90,35,M,6.9,False,False,0,1,0,0,0,0,0,50,2,41,0,0,1,17,5,7,3,4,2,1,1,0,0,0,0,0,0
2023,1074638,611,Fenerbahce,49857,İrfan Can Kahveci,68,17,M,7.2,False,False,0,0,0,0,0,0,0,22,4,19,0,0,0,6,3,1,0,0,3,1,0,0,0,0,0,0,0
2023,1074638,611,Fenerbahce,40403,Sebastian Szymański,83,53,M,7,False,False,0,2,0,0,0,0,0,10,0,7,2,0,1,5,4,0,0,0,2,0,0,0,0,0,0,0,0
2023,1074638,611,Fenerbahce,554,Dušan Tadić,89,10,M,6.6,False,False,0,2,0,0,0,0,0,26,2,22,1,0,1,6,2,1,0,0,1,1,0,0,0,0,0,0,0
2023,1074638,611,Fenerbahce,790,Edin Džeko,83,9,F,7.2,True,False,0,4,1,0,0,1,0,23,1,18,0,1,0,11,3,3,0,0,1,2,0,0,0,0,0,0,0
2023,1074638,611,Fenerbahce,785,Cengiz Ünder,22,20,F,6.2,False,True,0,0,0,0,0,0,0,5,0,4,0,0,0,2,0,2,0,0,0,0,0,0,0,0,0,0,0
2023,1074638,611,Fenerbahce,50097,Mert Hakan Yandaş,14,8,M,6.7,False,True,0,0,0,0,0,0,0,7,0,6,0,0,0,2,1,1,1,0,0,1,0,0,0,0,0,0,0
2023,1074638,611,Fenerbahce,50246,Mehmet Umut Nayir,14,22,F,6.3,False,True,0,0,0,0,0,0,0,4,0,2,0,0,0,1,1,0,0,0,1,0,0,0,0,0,0,0,0
2023,1074638,611,Fenerbahce,18881,Joshua King,1,15,F,,False,True,0,0,0,0,0,0,0,2,0,1,1,0,0,4,3,1,1,0,1,1,0,0,0,0,0,0,0
2023,1074638,611,Fenerbahce,1305,Dominik Livaković,0,40,G,,False,True,0,0,0,0,0,0,0,0,0,,0,0,0,0,0,0,0,0,0,0,0,0,0,0,0,0,0
2023,1074638,611,Fenerbahce,1341,Serdar Aziz,0,4,D,,False,True,0,0,0,0,0,0,0,0,0,,0,0,0,0,0,0,0,0,0,0,0,0,0,0,0,0,0
2023,1074638,611,Fenerbahce,1719,Mert Müldür,0,16,D,,False,True,0,0,0,0,0,0,0,0,0,,0,0,0,0,0,0,0,0,0,0,0,0,0,0,0,0,0
2023,1074638,611,Fenerbahce,162004,Bartuğ Elmaz,0,28,M,,False,True,0,0,0,0,0,0,0,0,0,,0,0,0,0,0,0,0,0,0,0,0,0,0,0,0,0,0
2023,1074638,611,Fenerbahce,41973,Miguel Crespo,0,27,M,,False,True,0,0,0,0,0,0,0,0,0,,0,0,0,0,0,0,0,0,0,0,0,0,0,0,0,0,0
2023,1074638,611,Fenerbahce,2927,Michy Batshuayi,0,23,F,,False,True,0,0,0,0,0,0,0,0,0,,0,0,0,0,0,0,0,0,0,0,0,0,0,0,0,0,0
2023,1074881,611,Fenerbahce,1305,Dominik Livaković,90,40,G,6.6,False,False,0,0,0,0,1,0,1,28,0,26,0,0,0,0,0,0,0,0,0,0,0,0,0,0,0,0,0
2023,1074881,611,Fenerbahce,1719,Mert Müldür,45,16,D,6.7,False,False,0,0,0,0,0,0,0,16,1,13,0,0,0,6,4,1,1,1,2,1,1,0,0,0,0,0,0
2023,1074881,611,Fenerbahce,1341,Serdar Aziz,90,4,D,6.9,False,False,0,2,0,0,0,0,0,56,0,49,1,0,5,11,3,0,0,1,1,2,0,0,0,0,0,0,0
2023,1074881,611,Fenerbahce,272721,Jayden Oosterwolde,45,24,D,6.2,False,False,0,0,0,0,0,0,0,37,0,30,1,0,1,7,3,0,0,0,0,2,1,0,0,0,0,0,0
2023,1074881,611,Fenerbahce,1361,Ferdi Kadıoğlu,90,7,D,8.5,False,False,0,1,1,1,0,1,0,61,1,47,1,0,0,15,9,4,2,0,6,2,1,0,0,0,0,0,0
2023,1074881,611,Fenerbahce,31054,Rade Krunić,90,33,M,7.2,False,False,0,1,0,0,0,0,0,44,1,40,1,0,0,10,5,2,2,0,0,1,0,0,0,0,0,0,0
2023,1074881,611,Fenerbahce,905,Fred,90,35,M,7.3,False,False,0,1,0,0,0,1,0,60,2,47,2,0,1,13,7,1,0,0,4,0,0,0,0,0,0,0,0
2023,1074881,611,Fenerbahce,785,Cengiz Ünder,61,20,M,6.3,False,False,0,1,0,0,0,0,0,13,1,7,1,0,0,8,2,1,0,1,1,1,0,0,0,0,0,0,0
2023,1074881,611,Fenerbahce,50097,Mert Hakan Yandaş,74,8,M,8.2,False,False,1,1,1,1,0,0,0,34,2,31,1,0,0,14,8,4,2,1,5,2,0,0,0,0,0,0,0
2023,1074881,611,Fenerbahce,554,Dušan Tadić,90,10,M,7.3,False,False,1,0,0,0,0,0,0,39,4,28,0,0,0,14,5,3,1,0,4,1,0,0,0,0,0,0,0
2023,1074881,611,Fenerbahce,790,Edin Džeko,89,9,F,6.9,True,False,0,5,1,0,0,0,0,20,0,12,1,0,0,18,8,3,0,0,3,2,1,0,0,0,0,0,0
2023,1074881,611,Fenerbahce,21633,Alexander Djiku,45,6,D,7.3,False,True,0,0,0,0,0,1,0,46,1,41,1,0,1,4,2,0,0,0,0,1,0,0,0,0,0,0,0
2023,1074881,611,Fenerbahce,19588,Bright Osayi-Samuel,45,21,D,7.3,False,True,1,0,0,0,0,0,0,20,0,19,2,0,1,7,5,2,2,0,1,1,1,0,0,0,0,0,0
2023,1074881,611,Fenerbahce,49857,İrfan Can Kahveci,29,17,M,8.2,False,True,0,1,1,1,0,0,0,11,2,11,0,0,1,7,3,1,1,0,2,1,0,0,1,0,0,0,0
2023,1074881,611,Fenerbahce,2927,Michy Batshuayi,16,23,F,6.9,False,True,0,2,2,1,0,0,0,10,0,9,0,0,0,3,0,0,0,0,0,0,0,0,0,0,1,0,0
2023,1074881,611,Fenerbahce,40403,Sebastian Szymański,9,53,M,6.3,False,True,0,0,0,0,0,0,0,2,0,2,0,0,0,0,0,0,0,0,0,0,0,0,0,0,0,0,0
2023,1074881,611,Fenerbahce,62137,İrfan Can Eğribayat,0,70,G,,False,True,0,0,0,0,0,0,0,0,0,,0,0,0,0,0,0,0,0,0,0,1,0,0,0,0,0,0
2023,1074881,611,Fenerbahce,412703,Yusuf Akcicek,0,95,D,,False,True,0,0,0,0,0,0,0,0,0,,0,0,0,0,0,0,0,0,0,0,0,0,0,0,0,0,0
2023,1074881,611,Fenerbahce,460825,Muhammet Zeki Dursun,0,88,M,,False,True,0,0,0,0,0,0,0,0,0,,0,0,0,0,0,0,0,0,0,0,0,0,0,0,0,0,0
2023,1074881,611,Fenerbahce,1369,Miha Zajc,0,26,M,,False,True,0,0,0,0,0,0,0,0,0,,0,0,0,0,0,0,0,0,0,0,0,0,0,0,0,0,0
2023,1074881,611,Fenerbahce,25053,Serdar Dursun,0,91,F,,False,True,0,0,0,0,0,0,0,0,0,,0,0,0,0,0,0,0,0,0,0,0,0,0,0,0,0,0
2023,1074881,3601,Pendikspor,163042,Erdem Canpolat,90,1,G,6.2,False,False,0,0,0,0,4,0,2,26,0,10,0,0,0,2,2,0,0,0,0,0,1,0,0,0,0,0,0
2023,1074881,3601,Pendikspor,119749,Serkan Asan,90,61,D,6.2,False,False,0,0,0,0,0,0,0,24,0,11,4,0,4,11,6,1,0,0,1,3,0,0,0,0,0,0,0
2023,1074881,3601,Pendikspor,49935,Welinton,71,23,D,5.6,False,False,0,0,0,0,0,0,0,25,0,11,3,0,1,11,5,0,0,1,2,4,2,1,0,0,0,0,0
2023,1074881,3601,Pendikspor,49896,Murat Akça,90,13,D,6.9,False,False,0,0,0,0,0,0,0,21,0,17,3,3,2,11,6,0,0,1,0,2,0,0,0,0,0,0,0
2023,1074881,3601,Pendikspor,41097,Nuno Sequeira,90,6,D,6.6,False,False,0,0,0,0,0,0,0,17,1,9,1,1,1,8,6,2,2,1,3,1,1,0,0,0,0,0,0
2023,1074881,3601,Pendikspor,451,Badou Ndiaye,90,5,M,6.5,False,False,0,0,0,0,0,0,0,27,0,21,5,0,1,15,10,1,0,0,4,3,1,0,0,1,0,0,0
2023,1074881,3601,Pendikspor,8678,Arnaud Lusamba,90,66,M,6.5,False,False,0,0,0,0,0,0,0,23,1,17,2,0,1,18,7,1,1,4,0,5,2,1,0,0,0,0,0
2023,1074881,3601,Pendikspor,50174,Halil Akbunar,74,11,M,6.9,True,False,0,2,1,1,0,0,0,14,0,9,2,0,0,11,4,2,0,1,1,3,1,0,0,0,0,0,0
2023,1074881,3601,Pendikspor,62474,Gökcan Kaya,63,58,M,7.2,False,False,0,1,0,0,0,0,0,17,1,13,3,0,1,4,3,0,0,0,0,1,0,0,0,0,0,0,0
2023,1074881,3601,Pendikspor,50464,Mame Thiam,81,27,M,7.7,False,False,0,1,1,0,0,1,0,21,1,16,4,3,1,22,10,3,1,1,2,5,0,0,0,0,0,0,0
2023,1074881,3601,Pendikspor,50246,Mehmet Umut Nayir,81,17,F,6.9,False,False,0,0,0,0,0,0,0,17,0,10,0,0,0,13,11,0,0,0,3,0,0,0,0,0,0,0,0
2023,1074881,3601,Pendikspor,79896,Endri Çekiçi,27,8,M,6.3,False,True,0,0,0,0,0,0,0,3,0,3,0,0,0,4,1,0,0,0,1,2,0,0,0,0,0,0,0
2023,1074881,3601,Pendikspor,48739,Berkay Sülüngöz,16,20,D,5.9,False,True,0,0,0,0,0,0,0,3,0,2,0,0,1,1,0,0,0,1,0,0,0,0,0,0,0,0,0
2023,1074881,3601,Pendikspor,62008,Joher Khadim Rassoul,9,14,D,5.6,False,True,0,0,0,0,0,0,0,2,0,,1,0,0,2,1,1,0,0,0,0,0,0,0,0,0,0,0
2023,1074881,3601,Pendikspor,128350,Erencan Yardımcı,9,99,F,6.2,False,True,0,0,0,0,0,0,0,7,0,5,0,0,0,4,1,1,0,1,0,0,0,0,0,0,0,0,0
2023,1074881,3601,Pendikspor,62016,Burak Öğür,0,35,G,,False,True,0,0,0,0,0,0,0,0,0,,0,0,0,0,0,0,0,0,0,0,0,0,0,0,0,0,0
2023,1074881,3601,Pendikspor,442,Emre Taşdemir,0,3,D,,False,True,0,0,0,0,0,0,0,0,0,,0,0,0,0,0,0,0,0,0,0,0,0,0,0,0,0,0
2023,1074881,3601,Pendikspor,61811,Erdem Özgenç,0,22,D,,False,True,0,0,0,0,0,0,0,0,0,,0,0,0,0,0,0,0,0,0,0,0,0,0,0,0,0,0
2023,1074881,3601,Pendikspor,1495,Abdoulay Diaby,0,21,F,,False,True,0,0,0,0,0,0,0,0,0,,0,0,0,0,0,0,0,0,0,0,0,0,0,0,0,0,0
2023,1074881,3601,Pendikspor,62092,Leandro Kappel,0,7,F,,False,True,0,0,0,0,0,0,0,0,0,,0,0,0,0,0,0,0,0,0,0,0,0,0,0,0,0,0
2023,1074881,3601,Pendikspor,7593,Emeka Eze,0,90,F,,False,True,0,0,0,0,0,0,0,0,0,,0,0,0,0,0,0,0,0,0,0,0,0,0,0,0,0,0
2023,1074687,611,Fenerbahce,1305,Dominik Livaković,90,40,G,6.7,False,False,0,0,0,0,2,0,3,19,0,14,0,0,0,2,2,0,0,0,1,0,0,0,0,0,0,0,0
2023,1074687,611,Fenerbahce,19588,Bright Osayi-Samuel,90,21,D,7.3,False,False,0,1,1,1,0,0,0,25,0,21,2,0,1,4,2,1,0,0,0,1,0,0,0,0,0,0,0
2023,1074687,611,Fenerbahce,829,Rodrigo Becão,84,50,D,6.6,False,False,0,0,0,0,0,0,0,42,0,39,2,0,1,5,3,0,0,0,1,2,1,0,0,0,0,0,0
2023,1074687,611,Fenerbahce,21633,Alexander Djiku,90,6,D,6.9,False,False,0,0,0,0,0,0,0,59,0,48,2,0,1,3,3,0,0,0,0,0,0,0,0,0,0,0,0
2023,1074687,611,Fenerbahce,1361,Ferdi Kadıoğlu,90,7,D,6.3,False,False,0,0,0,0,0,0,0,29,1,24,3,0,0,10,5,2,1,3,1,0,0,0,0,0,0,0,0
2023,1074687,611,Fenerbahce,214463,İsmail Yüksek,90,5,M,7.2,False,False,0,2,0,0,0,0,0,44,0,37,7,0,4,17,8,2,0,2,0,2,0,0,0,0,0,0,0
2023,1074687,611,Fenerbahce,905,Fred,90,35,M,7.3,False,False,0,1,0,0,0,1,0,36,3,27,4,0,1,10,6,1,0,0,2,1,0,0,0,0,0,0,0
2023,1074687,611,Fenerbahce,49857,İrfan Can Kahveci,83,17,M,6.9,False,False,0,2,2,1,0,0,0,34,0,26,0,0,0,11,3,4,2,1,1,2,0,0,0,0,0,0,0
2023,1074687,611,Fenerbahce,40403,Sebastian Szymański,74,53,M,8.7,False,False,0,4,1,1,0,0,0,18,3,13,5,0,0,11,9,0,0,1,4,1,0,0,0,0,0,0,0
2023,1074687,611,Fenerbahce,554,Dušan Tadić,87,10,M,7.9,False,False,0,0,0,0,0,1,0,33,4,25,0,0,0,3,1,0,0,0,1,0,0,0,0,0,0,0,0
2023,1074687,611,Fenerbahce,790,Edin Džeko,75,9,F,7.3,True,False,1,4,2,1,0,0,0,19,0,13,0,0,0,7,4,2,2,0,0,0,0,0,0,0,0,0,0
2023,1074687,611,Fenerbahce,1369,Miha Zajc,16,26,M,6.3,False,True,0,0,0,0,0,0,0,8,0,6,0,0,0,2,0,1,0,0,0,0,0,0,0,0,0,0,0
2023,1074687,611,Fenerbahce,50246,Mehmet Umut Nayir,15,22,F,6.3,False,True,0,0,0,0,0,0,0,5,0,4,0,0,0,1,0,0,0,0,0,0,0,0,0,0,0,0,0
2023,1074687,611,Fenerbahce,1756,Ryan Kent,12,11,F,6.7,False,True,0,0,0,0,0,0,0,4,0,4,0,0,0,4,3,0,0,0,3,1,0,0,0,0,0,0,0
2023,1074687,611,Fenerbahce,62490,Samet Akaydin,11,3,D,6.7,False,True,0,0,0,0,0,0,0,5,0,4,0,1,0,0,0,0,0,0,0,0,0,0,0,0,0,0,0
2023,1074687,611,Fenerbahce,785,Cengiz Ünder,8,20,F,6.5,False,True,0,0,0,0,0,0,0,4,0,3,0,0,0,0,0,0,0,0,0,0,0,0,0,0,0,0,0
2023,1074687,611,Fenerbahce,62137,İrfan Can Eğribayat,0,70,G,,False,True,0,0,0,0,0,0,0,0,0,,0,0,0,0,0,0,0,0,0,0,0,0,0,0,0,0,0
2023,1074687,611,Fenerbahce,1719,Mert Müldür,0,16,D,,False,True,0,0,0,0,0,0,0,0,0,,0,0,0,0,0,0,0,0,0,0,0,0,0,0,0,0,0
2023,1074687,611,Fenerbahce,41973,Miguel Crespo,0,27,M,,False,True,0,0,0,0,0,0,0,0,0,,0,0,0,0,0,0,0,0,0,0,0,0,0,0,0,0,0
2023,1074687,611,Fenerbahce,162004,Bartuğ Elmaz,0,28,M,,False,True,0,0,0,0,0,0,0,0,0,,0,0,0,0,0,0,0,0,0,0,0,0,0,0,0,0,0
2023,1074687,611,Fenerbahce,2927,Michy Batshuayi,0,23,F,,False,True,0,0,0,0,0,0,0,0,0,,0,0,0,0,0,0,0,0,0,0,0,0,0,0,0,0,0
2023,1074687,3575,Hatayspor,61925,Erce Kardeşler,90,1,G,5.3,True,False,0,0,0,0,4,0,2,31,0,16,0,0,0,0,0,0,0,0,0,0,0,0,0,0,0,0,0
2023,1074687,3575,Hatayspor,63030,Recep Burak Yılmaz,45,15,D,6.3,False,False,0,0,0,0,0,0,0,11,0,8,1,1,0,2,1,0,0,0,0,1,0,0,0,0,0,0,0
2023,1074687,3575,Hatayspor,20805,Guy-Marcelin Kilama,90,3,D,5.9,False,False,0,0,0,0,0,0,0,27,0,19,0,0,2,5,1,0,0,1,0,1,1,0,0,0,0,0,0
2023,1074687,3575,Hatayspor,62045,Burak Bekaroğlu,90,86,D,6.3,False,False,0,0,0,0,0,0,0,37,0,30,3,0,1,6,4,1,0,0,0,1,1,0,0,0,0,0,0
2023,1074687,3575,Hatayspor,31280,Rigoberto Rivas,90,99,M,6.3,False,False,0,0,0,0,0,0,0,26,1,18,2,0,0,10,5,3,2,1,1,2,0,0,0,0,0,0,0
2023,1074687,3575,Hatayspor,291531,Chandrel Massanga,45,4,M,6.3,False,False,0,0,0,0,0,0,0,26,0,21,1,0,0,3,1,0,0,0,0,1,0,0,0,0,0,0,0
2023,1074687,3575,Hatayspor,47166,Giorgi Aburjania,89,29,M,6,False,False,0,0,0,0,0,0,0,36,0,26,2,0,0,9,2,1,0,2,0,2,0,0,0,0,0,0,0
2023,1074687,3575,Hatayspor,316,Faouzi Ghoulam,90,13,M,7.5,False,False,0,3,1,1,0,0,0,38,1,29,2,0,0,5,3,0,0,0,0,1,0,0,0,0,0,0,0
2023,1074687,3575,Hatayspor,144740,Oluwafisayo Dele-Bashiru,90,17,F,6.7,False,False,0,1,1,0,0,0,0,16,1,14,1,0,0,6,2,3,1,0,0,0,1,0,0,0,0,0,0
2023,1074687,3575,Hatayspor,264118,Joelson Fernandes,45,77,F,6.5,False,False,0,0,0,0,0,0,0,2,0,2,0,0,0,4,2,1,0,0,2,0,0,0,0,0,0,0,0
2023,1074687,3575,Hatayspor,41625,Renat Dadaşov,90,9,F,6.5,False,False,1,1,1,0,0,0,0,15,0,9,2,0,0,18,9,3,1,0,3,2,0,0,0,0,0,0,0
2023,1074687,3575,Hatayspor,49870,Kamil Ahmet Çörekçi,29,2,D,6.7,False,True,0,0,0,0,0,0,0,13,0,11,0,0,1,1,1,1,1,0,0,0,0,0,0,0,0,0,0
2023,1074687,3575,Hatayspor,48312,Carlos Strandberg,45,10,F,6.6,False,True,0,0,0,0,0,0,0,8,1,6,1,0,0,5,2,2,1,1,0,1,0,0,0,0,0,0,0
2023,1074687,3575,Hatayspor,3394,Didier Lamkel Zé,45,11,F,6.9,False,True,0,1,1,0,0,0,0,18,0,14,2,0,0,13,7,4,1,0,4,0,1,0,0,0,0,0,0
2023,1074687,3575,Hatayspor,25076,Görkem Sağlam,16,5,M,6.9,False,True,0,0,0,0,0,0,0,11,0,8,1,1,0,2,1,0,0,0,0,1,0,0,0,0,0,0,0
2023,1074687,3575,Hatayspor,21043,Rayane Aabid,6,20,M,7.3,False,True,0,1,1,1,0,0,0,1,0,1,0,0,0,1,0,0,0,0,0,1,0,0,0,0,0,0,0
2023,1074687,3575,Hatayspor,55867,Visar Bekaj,0,12,G,,False,True,0,0,0,0,0,0,0,0,0,,0,0,0,0,0,0,0,0,0,0,0,0,0,0,0,0,0
2023,1074687,3575,Hatayspor,194850,Cengiz Demir,0,27,D,,False,True,0,0,0,0,0,0,0,0,0,,0,0,0,0,0,0,0,0,0,0,0,0,0,0,0,0,0
2023,1074687,3575,Hatayspor,177988,Oguzhan Matur,0,31,D,,False,True,0,0,0,0,0,0,0,0,0,,0,0,0,0,0,0,0,0,0,0,0,0,0,0,0,0,0
2023,1074687,3575,Hatayspor,207236,Ömer Faruk Beyaz,0,7,M,,False,True,0,0,0,0,0,0,0,0,0,,0,0,0,0,0,0,0,0,0,0,0,0,0,0,0,0,0
2023,1074687,3575,Hatayspor,145497,Armin Hodžić,0,18,M,,False,True,0,0,0,0,0,0,0,0,0,,0,0,0,0,0,0,0,0,0,0,0,0,0,0,0,0,0
2023,1074781,3578,İstanbulspor,152301,Alp Arda,90,59,G,7.2,False,False,0,0,0,0,5,0,9,30,0,15,0,0,0,2,1,0,0,0,0,1,1,0,0,1,0,0,1
2023,1074781,3578,İstanbulspor,19039,Demeaco Duhaney,90,21,D,6.3,False,False,1,2,1,0,0,0,0,39,1,35,0,0,2,1,1,0,0,0,1,0,0,0,0,0,0,0,0
2023,1074781,3578,İstanbulspor,119174,Okan Erdoğan,90,23,D,6.9,False,False,0,0,0,0,0,0,0,59,0,49,4,0,1,10,9,4,4,1,1,0,0,0,0,0,0,0,0
2023,1074781,3578,İstanbulspor,101312,Mehmet Yeşil,61,4,D,5.3,False,False,0,0,0,0,0,0,0,25,0,19,1,1,2,4,3,1,0,0,1,0,0,0,0,0,0,0,0
2023,1074781,3578,İstanbulspor,61932,Ali Yaşar,52,66,D,5.9,True,False,0,0,0,0,0,0,0,23,0,17,2,0,1,5,3,0,0,0,1,0,0,0,0,0,0,0,0
2023,1074781,3578,İstanbulspor,62696,Muammer Sarıkaya,90,24,M,6.9,False,False,0,1,1,1,0,0,0,53,1,44,3,0,0,12,6,0,0,1,2,4,1,0,0,0,0,0,0
2023,1074781,3578,İstanbulspor,55900,Modestas Vorobjovas,90,6,M,6.5,False,False,0,0,0,0,0,0,0,46,0,42,0,0,2,7,2,0,0,3,0,0,0,0,0,0,0,0,0
2023,1074781,3578,İstanbulspor,37073,Florian Loshaj,90,34,M,6.3,False,False,0,4,2,0,0,0,0,31,2,20,2,0,0,15,5,4,1,1,2,5,0,0,0,0,0,0,0
2023,1074781,3578,İstanbulspor,194880,Alassane Ndao,60,18,F,6.7,False,False,0,1,1,0,0,0,0,19,1,16,0,0,2,4,1,3,1,0,0,0,0,0,0,0,0,0,0
2023,1074781,3578,İstanbulspor,3499,Valon Ethemi,76,27,F,6.3,False,False,0,0,0,0,0,0,0,18,1,12,1,0,0,12,5,5,2,0,1,0,0,0,0,0,0,0,0
2023,1074781,3578,İstanbulspor,7514,Jackson,76,99,F,7.5,False,False,0,3,3,0,0,1,0,24,3,15,1,0,1,11,3,6,2,1,0,0,0,0,0,0,0,0,0
2023,1074781,3578,İstanbulspor,22162,Racine Coly,38,13,D,6.9,False,True,0,0,0,0,0,0,0,17,1,16,0,1,1,3,1,1,0,0,1,1,1,0,0,0,0,0,0
2023,1074781,3578,İstanbulspor,62641,Emir Kaan Gültekin,30,19,F,6.6,False,True,0,0,0,0,0,0,0,12,2,9,0,0,0,1,0,0,0,0,0,1,0,0,0,0,0,0,0
2023,1074781,3578,İstanbulspor,1232,Simon Deli,29,14,D,7.2,False,True,0,1,1,0,0,0,0,8,0,8,0,2,0,1,1,0,0,0,0,0,0,0,0,0,0,0,0
2023,1074781,3578,İstanbulspor,37035,David Sambissa,14,7,F,6.7,False,True,0,0,0,0,0,0,0,3,0,2,0,0,0,2,1,2,1,0,0,0,0,0,0,0,0,0,0
2023,1074781,3578,İstanbulspor,66840,Mendy Mamadou,14,12,F,6.7,False,True,0,0,0,0,0,0,0,3,0,3,0,0,0,4,2,0,0,1,2,0,0,0,0,0,0,0,0
2023,1074781,3578,İstanbulspor,352115,Mucahit Serbest,0,26,G,,False,True,0,0,0,0,0,0,0,0,0,,0,0,0,0,0,0,0,0,0,0,0,0,0,0,0,0,0
2023,1074781,3578,İstanbulspor,390603,Bartu Kirtas,0,28,D,,False,True,0,0,0,0,0,0,0,0,0,,0,0,0,0,0,0,0,0,0,0,0,0,0,0,0,0,0
2023,1074781,3578,İstanbulspor,278944,Vefa Temel,0,8,M,,False,True,0,0,0,0,0,0,0,0,0,,0,0,0,0,0,0,0,0,0,0,0,0,0,0,0,0,0
2023,1074781,3578,İstanbulspor,294741,Djakaridja Traore,0,88,F,,False,True,0,0,0,0,0,0,0,0,0,,0,0,0,0,0,0,0,0,0,0,0,0,0,0,0,0,0
2023,1074781,3578,İstanbulspor,191363,Ozcan Sahan,0,20,F,,False,True,0,0,0,0,0,0,0,0,0,,0,0,0,0,0,0,0,0,0,0,0,0,0,0,0,0,0
2023,1074781,611,Fenerbahce,1305,Dominik Livaković,90,40,G,8.2,False,False,0,0,0,0,1,0,7,28,0,23,1,0,0,2,2,0,0,0,1,0,0,0,0,0,0,0,0
2023,1074781,611,Fenerbahce,1719,Mert Müldür,90,16,D,7.7,False,False,0,1,0,0,0,1,0,42,3,28,2,1,1,11,6,2,1,3,1,1,0,0,0,0,0,0,0
2023,1074781,611,Fenerbahce,1341,Serdar Aziz,90,4,D,7.7,False,False,0,1,0,0,0,1,0,46,2,41,3,1,2,9,7,1,0,0,0,1,0,0,0,0,0,0,0
2023,1074781,611,Fenerbahce,272721,Jayden Oosterwolde,90,24,D,6.9,False,False,0,0,0,0,0,0,0,42,0,34,1,1,0,5,2,1,1,1,0,1,0,0,0,0,0,0,0
2023,1074781,611,Fenerbahce,1361,Ferdi Kadıoğlu,90,7,D,7.5,False,False,0,0,0,0,0,0,0,54,0,51,4,0,0,11,7,1,1,1,1,2,0,0,0,0,0,0,0
2023,1074781,611,Fenerbahce,41973,Miguel Crespo,88,27,M,7.6,False,False,0,1,1,0,0,0,0,59,1,50,6,0,4,11,8,2,1,1,1,1,0,0,0,0,0,0,0
2023,1074781,611,Fenerbahce,214463,İsmail Yüksek,90,5,M,7.5,False,False,0,1,1,0,0,1,0,49,5,43,0,0,0,9,2,1,1,3,0,1,0,0,0,0,0,0,0
2023,1074781,611,Fenerbahce,785,Cengiz Ünder,68,20,M,10,False,False,0,5,5,4,0,0,0,26,1,18,2,0,1,7,3,2,1,0,0,2,0,0,0,0,0,0,0
2023,1074781,611,Fenerbahce,40403,Sebastian Szymański,90,53,M,8.9,False,False,0,2,1,0,0,1,0,40,1,32,0,1,0,7,4,0,0,0,3,0,0,0,1,0,0,0,0
2023,1074781,611,Fenerbahce,554,Dušan Tadić,74,10,M,6.7,False,False,0,1,1,0,0,0,0,42,5,34,0,0,0,4,1,0,0,1,1,1,0,0,0,0,0,1,0
2023,1074781,611,Fenerbahce,790,Edin Džeko,68,9,F,6.9,True,False,1,7,4,1,0,0,0,18,0,11,0,0,0,7,2,5,1,0,0,1,0,0,0,0,0,0,0
2023,1074781,611,Fenerbahce,47446,Emre Mor,22,99,M,7.3,False,True,0,0,0,0,0,0,0,10,1,10,1,0,0,5,5,1,1,0,3,0,0,0,0,0,0,0,0
2023,1074781,611,Fenerbahce,2927,Michy Batshuayi,22,23,F,6.6,False,True,1,2,1,0,0,0,0,8,0,6,0,0,0,1,0,0,0,1,0,0,0,0,0,0,0,0,0
2023,1074781,611,Fenerbahce,18881,Joshua King,16,15,F,6.7,False,True,0,0,0,0,0,0,0,7,1,6,0,1,0,3,0,1,0,0,0,1,0,0,0,0,0,0,0
2023,1074781,611,Fenerbahce,162004,Bartuğ Elmaz,9,28,M,6.7,False,True,0,0,0,0,0,0,0,4,0,4,0,0,1,2,1,0,0,0,1,1,1,0,0,0,0,0,0
2023,1074781,611,Fenerbahce,62137,İrfan Can Eğribayat,0,70,G,,False,True,0,0,0,0,0,0,0,0,0,,0,0,0,0,0,0,0,0,0,0,0,0,0,0,0,0,0
2023,1074781,611,Fenerbahce,368141,Furkan Onur Akyüz,0,97,G,,False,True,0,0,0,0,0,0,0,0,0,,0,0,0,0,0,0,0,0,0,0,0,0,0,0,0,0,0
2023,1074781,611,Fenerbahce,62490,Samet Akaydin,0,3,D,,False,True,0,0,0,0,0,0,0,0,0,,0,0,0,0,0,0,0,0,0,0,0,0,0,0,0,0,0
2023,1074781,611,Fenerbahce,412703,Yusuf Akcicek,0,95,D,,False,True,0,0,0,0,0,0,0,0,0,,0,0,0,0,0,0,0,0,0,0,0,0,0,0,0,0,0
2023,1074781,611,Fenerbahce,1756,Ryan Kent,0,11,F,,False,True,0,0,0,0,0,0,0,0,0,,0,0,0,0,0,0,0,0,0,0,0,0,0,0,0,0,0
2023,1074781,611,Fenerbahce,50246,Mehmet Umut Nayir,0,22,F,,False,True,0,0,0,0,0,0,0,0,0,,0,0,0,0,0,0,0,0,0,0,0,0,0,0,0,0,0
2024,1238049,996,Alanyaspor,49927,Yusuf Karagöz,90,99,G,6.9,False,False,0,0,0,0,2,0,3,44,0,33,0,0,0,0,0,0,0,0,0,0,0,0,0,0,0,0,0
2024,1238049,996,Alanyaspor,19042,Florent Hadergjonaj,90,94,D,7.2,False,False,0,1,0,0,0,0,0,49,1,36,0,1,4,3,2,0,0,1,2,0,0,0,0,0,0,0,0
2024,1238049,996,Alanyaspor,282946,Nuno Lima,90,3,D,6.9,False,False,0,0,0,0,0,0,0,67,0,54,4,0,2,12,8,0,0,1,1,1,0,0,0,0,0,0,0
2024,1238049,996,Alanyaspor,48211,Fidan Aliti,90,5,D,7.5,False,False,0,1,0,0,0,0,0,55,2,48,2,1,3,13,8,0,0,0,3,2,1,0,0,0,0,0,0
2024,1238049,996,Alanyaspor,30918,Jure Balkovec,45,29,D,6.3,False,False,0,0,0,0,0,0,0,17,0,13,1,0,0,2,2,0,0,0,0,0,0,0,0,0,0,0,0
2024,1238049,996,Alanyaspor,10240,Richard Cândido,90,25,M,7,False,False,0,1,1,0,0,0,0,60,2,54,2,0,1,10,4,0,0,0,0,6,1,0,0,0,0,0,0
2024,1238049,996,Alanyaspor,50079,Fatih Aksoy,45,20,M,6.2,False,False,0,0,0,0,0,0,0,18,0,14,1,0,0,6,2,1,1,0,0,3,0,0,0,0,0,0,0
2024,1238049,996,Alanyaspor,289306,Loide Augusto,90,27,M,7.2,False,False,0,3,2,0,0,0,0,37,1,32,0,0,0,8,3,5,2,0,1,1,0,0,0,0,0,0,0
2024,1238049,996,Alanyaspor,49941,Efecan Karaca,90,7,M,7,True,False,0,0,0,0,0,0,0,37,0,35,1,0,1,5,3,2,1,0,1,0,0,0,0,0,0,0,0
2024,1238049,996,Alanyaspor,286825,Yusuf Özdemir,90,88,M,6.5,False,False,0,1,0,0,0,0,0,40,1,36,1,0,0,11,3,1,1,0,1,2,1,0,0,0,0,0,0
2024,1238049,996,Alanyaspor,2910,Ui-Jo Hwang,63,16,F,6.9,False,False,0,0,0,0,0,0,0,9,1,5,0,0,0,3,1,0,0,0,0,1,0,0,0,0,0,0,0
2024,1238049,996,Alanyaspor,41975,Gaius Makouta,45,42,M,6.9,False,True,0,1,0,0,0,0,0,22,0,21,0,0,0,3,2,1,1,0,1,0,0,0,0,0,0,0,0
2024,1238049,996,Alanyaspor,2457,Sergio Córdova,45,9,F,6.3,False,True,0,0,0,0,0,0,0,16,0,11,0,0,0,9,3,1,0,1,1,1,1,0,0,0,0,0,0
2024,1238049,996,Alanyaspor,2211,Nicolas Janvier,27,17,M,6.7,False,True,0,0,0,0,0,0,0,16,0,13,0,0,0,0,0,0,0,0,0,0,0,0,0,0,0,0,0
2024,1238049,996,Alanyaspor,339950,Mert Furkan Bayram,0,23,G,,False,True,0,0,0,0,0,0,0,0,0,,0,0,0,0,0,0,0,0,0,0,0,0,0,0,0,0,0
2024,1238049,996,Alanyaspor,409535,Umut Mert Toy,0,4,D,,False,True,0,0,0,0,0,0,0,0,0,,0,0,0,0,0,0,0,0,0,0,0,0,0,0,0,0,0
2024,1238049,996,Alanyaspor,502961,Nejdet Nezir Bilin,0,44,M,,False,True,0,0,0,0,0,0,0,0,0,,0,0,0,0,0,0,0,0,0,0,0,0,0,0,0,0,0
2024,1238049,996,Alanyaspor,37157,Tonny Vilhena,0,52,M,,False,True,0,0,0,0,0,0,0,0,0,,0,0,0,0,0,0,0,0,0,0,0,0,0,0,0,0,0
2024,1238049,996,Alanyaspor,134490,Enes Keskin,0,8,M,,False,True,0,0,0,0,0,0,0,0,0,,0,0,0,0,0,0,0,0,0,0,0,0,0,0,0,0,0
2024,1238049,996,Alanyaspor,505906,Huseyin Sen,0,35,F,,False,True,0,0,0,0,0,0,0,0,0,,0,0,0,0,0,0,0,0,0,0,0,0,0,0,0,0,0
2024,1238049,996,Alanyaspor,354082,Arda Usluoğlu,0,15,F,,False,True,0,0,0,0,0,0,0,0,0,,0,0,0,0,0,0,0,0,0,0,0,0,0,0,0,0,0
2024,1238049,611,Fenerbahce,62137,İrfan Can Eğribayat,90,1,G,7.3,False,False,0,0,0,0,0,0,3,44,0,30,0,0,0,1,1,0,0,0,0,0,0,0,0,0,0,0,0
2024,1238049,611,Fenerbahce,198,Milan Škriniar,90,37,D,7,False,False,0,0,0,0,0,0,0,51,0,45,4,0,0,8,6,0,0,0,1,1,1,0,0,0,0,0,0
2024,1238049,611,Fenerbahce,18776,Çağlar Söyüncü,12,4,D,6.6,False,False,0,0,0,0,0,0,0,4,0,4,0,0,0,2,2,0,0,0,0,0,0,0,0,0,0,0,0
2024,1238049,611,Fenerbahce,127609,Levent Mercan,90,22,D,7.3,False,False,0,0,0,0,0,0,0,47,0,34,2,2,3,8,3,0,0,0,1,2,0,0,0,0,0,0,0
2024,1238049,611,Fenerbahce,134590,Oğuz Aydın,70,70,M,6.9,False,False,0,0,0,0,0,1,0,32,1,21,2,0,1,5,3,0,0,1,1,0,0,0,0,0,0,0,0
2024,1238049,611,Fenerbahce,905,Fred,90,13,M,7.6,False,False,0,1,1,0,0,0,0,52,0,48,3,1,1,7,6,0,0,0,2,1,0,0,0,0,0,0,0
2024,1238049,611,Fenerbahce,40403,Sebastian Szymański,89,53,M,7.3,False,False,0,1,1,1,0,0,0,28,0,20,2,0,0,7,3,0,0,2,1,1,1,0,0,0,0,0,0
2024,1238049,611,Fenerbahce,1821,Filip Kostić,90,18,M,7.2,False,False,1,0,0,0,0,1,0,33,2,24,0,0,1,4,1,0,0,0,1,3,0,0,0,0,0,0,0
2024,1238049,611,Fenerbahce,554,Dušan Tadić,90,10,F,7.2,False,False,0,0,0,0,0,0,0,33,1,27,0,0,0,11,5,3,1,1,3,1,1,0,0,0,0,0,0
2024,1238049,611,Fenerbahce,12724,Anderson Talisca,70,94,F,7.2,False,False,0,4,3,1,0,0,0,14,0,9,0,0,0,7,4,0,0,1,3,1,0,0,0,0,0,0,0
2024,1238049,611,Fenerbahce,790,Edin Džeko,90,9,F,7,True,False,0,0,0,0,0,0,0,45,2,31,0,0,0,12,6,2,1,0,1,0,0,0,0,0,0,0,0
2024,1238049,611,Fenerbahce,74,Sofyan Amrabat,78,34,M,6.9,False,True,0,0,0,0,0,0,0,36,0,33,0,1,1,7,3,1,1,0,0,2,1,0,0,0,0,0,0
2024,1238049,611,Fenerbahce,19588,Bright Osayi-Samuel,20,21,D,6.7,False,True,0,0,0,0,0,0,0,5,1,5,0,0,0,2,1,0,0,0,1,0,0,0,0,0,0,0,0
2024,1238049,611,Fenerbahce,214463,İsmail Yüksek,19,5,M,6.3,False,True,0,0,0,0,0,0,0,11,0,8,0,0,0,3,0,0,0,1,0,1,0,0,0,0,0,0,0
2024,1238049,611,Fenerbahce,49857,İrfan Can Kahveci,1,17,M,,False,True,0,0,0,0,0,0,0,3,0,3,0,0,0,1,0,0,0,0,0,0,0,0,0,0,0,0,0
2024,1238049,611,Fenerbahce,50097,Mert Hakan Yandaş,1,8,M,,False,True,1,0,0,0,0,0,0,1,0,1,0,0,0,0,0,0,0,0,0,0,0,0,0,0,0,0,0
2024,1238049,611,Fenerbahce,210244,Osman Ertuğrul Çetin,0,54,G,,False,True,0,0,0,0,0,0,0,0,0,,0,0,0,0,0,0,0,0,0,0,0,0,0,0,0,0,0
2024,1238049,611,Fenerbahce,500088,Engin Biterge,0,57,G,,False,True,0,0,0,0,0,0,0,0,0,,0,0,0,0,0,0,0,0,0,0,0,0,0,0,0,0,0
2024,1238049,611,Fenerbahce,22173,Allan Saint-Maximin,0,97,F,,False,True,0,0,0,0,0,0,0,0,0,,0,0,0,0,0,0,0,0,0,0,0,0,0,0,0,0,0
2024,1238049,611,Fenerbahce,785,Cengiz Ünder,0,20,F,,False,True,0,0,0,0,0,0,0,0,0,,0,0,0,0,0,0,0,0,0,0,0,0,0,0,0,0,0
2024,1238049,611,Fenerbahce,18768,Cenk Tosun,0,23,F,,False,True,0,0,0,0,0,0,0,0,0,,0,0,0,0,0,0,0,0,0,0,0,0,0,0,0,0,0
2024,1237887,1004,Kasimpasa,1588,Andreas Gianniotis,90,1,G,6.2,False,False,0,0,0,0,2,0,0,34,0,26,0,0,0,0,0,0,0,0,0,0,0,0,0,0,0,0,0
2024,1237887,1004,Kasimpasa,10563,Cláudio Winck,80,2,D,6.9,False,False,0,1,0,0,0,0,0,21,1,16,2,0,1,6,2,1,0,0,0,0,1,0,0,0,0,0,0
2024,1237887,1004,Kasimpasa,3418,Nicholas Opoku,90,20,D,6.2,False,False,0,0,0,0,0,0,0,49,0,43,3,0,1,12,8,0,0,1,2,2,1,0,0,1,0,0,0
2024,1237887,1004,Kasimpasa,376039,Yasin Özcan,90,58,D,6.3,False,False,0,0,0,0,0,0,0,72,0,59,0,0,1,5,1,0,0,1,0,1,0,0,0,0,0,0,0
2024,1237887,1004,Kasimpasa,49469,Mortadha Ben Ouanes,90,12,D,7.2,False,False,0,3,0,0,0,0,0,62,2,49,0,0,2,9,4,1,1,1,1,3,0,0,0,0,0,0,0
2024,1237887,1004,Kasimpasa,2762,Josip Brekalo,90,9,D,6.9,False,False,0,2,0,0,0,0,0,39,1,33,3,0,0,9,5,3,2,1,0,1,0,0,0,0,0,0,0
2024,1237887,1004,Kasimpasa,25522,Gökhan Gül,80,6,M,7,False,False,0,2,2,0,0,0,0,25,0,20,2,0,1,9,5,1,0,0,1,0,0,0,0,0,0,0,0
2024,1237887,1004,Kasimpasa,50071,Loret Sadiku,45,26,M,6.5,True,False,0,0,0,0,0,0,0,16,0,14,1,0,0,2,1,0,0,0,0,0,0,0,0,0,0,0,0
2024,1237887,1004,Kasimpasa,50067,Haris Hajradinović,66,10,M,6.9,False,False,0,0,0,0,0,0,0,25,2,18,1,0,0,10,6,0,0,1,3,1,0,0,0,0,0,0,0
2024,1237887,1004,Kasimpasa,8642,Mamadou Fall,90,7,F,6.9,False,False,2,0,0,0,0,0,0,24,1,10,2,0,1,14,9,1,0,0,1,2,1,0,0,0,0,0,0
2024,1237887,1004,Kasimpasa,22265,Nuno Da Costa,90,18,F,7.5,False,False,0,2,0,0,0,0,0,24,0,18,4,0,1,22,12,3,2,0,2,1,0,0,0,0,0,0,0
2024,1237887,1004,Kasimpasa,50235,Aytaç Kara,45,35,M,7.7,False,True,0,2,0,0,0,0,0,24,1,19,1,0,0,9,7,1,1,0,4,0,0,0,0,0,0,0,0
2024,1237887,1004,Kasimpasa,30803,Antonín Barák,24,72,M,6.3,False,True,0,0,0,0,0,0,0,10,0,7,0,0,0,2,0,0,0,0,0,0,0,0,0,0,0,0,0
2024,1237887,1004,Kasimpasa,16528,Jhon Espinoza,10,14,D,6.7,False,True,0,0,0,0,0,0,0,11,0,9,0,0,1,2,1,1,0,0,0,0,0,0,0,0,0,0,0
2024,1237887,1004,Kasimpasa,40401,Cafú,10,8,M,6.7,False,True,0,0,0,0,0,0,0,20,0,19,1,0,0,3,2,0,0,0,1,0,0,0,0,0,0,0,0
2024,1237887,1004,Kasimpasa,63222,Ali Emre Yanar,0,25,G,,False,True,0,0,0,0,0,0,0,0,0,,0,0,0,0,0,0,0,0,0,0,0,0,0,0,0,0,0
2024,1237887,1004,Kasimpasa,475602,Yunus Emre Atakaya,0,55,D,,False,True,0,0,0,0,0,0,0,0,0,,0,0,0,0,0,0,0,0,0,0,0,0,0,0,0,0,0
2024,1237887,1004,Kasimpasa,416100,Taylan Utku Aydın,0,29,D,,False,True,0,0,0,0,0,0,0,0,0,,0,0,0,0,0,0,0,0,0,0,0,0,0,0,0,0,0
2024,1237887,1004,Kasimpasa,1343,Sadık Çiftpınar,0,5,D,,False,True,0,0,0,0,0,0,0,0,0,,0,0,0,0,0,0,0,0,0,0,0,0,0,0,0,0,0
2024,1237887,1004,Kasimpasa,144693,Erdem Çetinkaya,0,11,F,,False,True,0,0,0,0,0,0,0,0,0,,0,0,0,0,0,0,0,0,0,0,0,0,0,0,0,0,0
2024,1237887,611,Fenerbahce,1305,Dominik Livaković,90,40,G,7.2,False,False,0,0,0,0,0,0,2,33,0,20,0,0,0,0,0,0,0,0,0,0,0,0,0,0,0,0,0
2024,1237887,611,Fenerbahce,1719,Mert Müldür,81,16,D,6.6,False,False,0,0,0,0,0,0,0,31,0,19,1,0,1,7,3,0,0,0,2,1,0,0,0,0,0,0,0
2024,1237887,611,Fenerbahce,829,Rodrigo Becão,90,50,D,7.2,False,False,0,0,0,0,0,0,0,44,0,38,0,1,2,9,4,1,0,0,0,3,0,0,0,0,0,0,0
2024,1237887,611,Fenerbahce,18776,Çağlar Söyüncü,90,4,D,6.9,False,False,0,1,0,0,0,0,0,37,0,28,1,1,0,11,6,1,0,1,2,0,0,0,0,0,0,0,0
2024,1237887,611,Fenerbahce,272721,Jayden Oosterwolde,90,24,D,7,False,False,0,0,0,0,0,0,0,20,0,15,2,0,0,14,7,1,1,0,1,2,1,0,0,0,0,0,0
2024,1237887,611,Fenerbahce,905,Fred,87,13,M,7.3,False,False,0,0,0,0,0,0,0,43,0,37,2,0,0,7,5,2,2,0,0,0,0,0,0,0,0,0,0
2024,1237887,611,Fenerbahce,214463,İsmail Yüksek,90,5,M,6.9,False,False,0,0,0,0,0,0,0,32,0,26,3,0,3,18,7,0,0,3,1,3,0,0,0,0,0,0,0
2024,1237887,611,Fenerbahce,554,Dušan Tadić,81,10,M,7.9,True,False,0,1,1,1,0,1,0,24,3,18,1,0,0,6,1,0,0,0,0,2,0,0,0,0,1,0,0
2024,1237887,611,Fenerbahce,40403,Sebastian Szymański,90,53,M,6.9,False,False,1,1,0,0,0,0,0,21,0,13,2,0,0,5,3,1,0,0,0,1,0,0,0,0,0,0,0
2024,1237887,611,Fenerbahce,22173,Allan Saint-Maximin,63,97,M,7.5,False,False,0,1,1,1,0,0,0,10,1,6,0,0,0,11,5,3,1,0,2,0,0,0,1,0,0,0,0
2024,1237887,611,Fenerbahce,47422,Youssef En-Nesyri,63,19,F,6.3,False,False,2,1,0,0,0,0,0,11,0,8,0,0,0,9,3,1,0,0,1,2,0,0,0,0,0,0,0
2024,1237887,611,Fenerbahce,49857,İrfan Can Kahveci,27,17,M,6.2,False,True,0,0,0,0,0,0,0,15,0,9,0,0,1,4,1,2,0,1,0,0,0,0,0,0,0,0,0
2024,1237887,611,Fenerbahce,790,Edin Džeko,27,9,F,7,False,True,0,1,0,0,0,0,0,10,1,5,0,0,0,4,2,0,0,0,1,0,0,0,0,0,0,0,0
2024,1237887,611,Fenerbahce,412703,Yusuf Akçiçek,9,95,D,6.7,False,True,0,0,0,0,0,0,0,2,0,2,1,0,1,3,1,0,0,1,0,1,0,0,0,0,0,0,0
2024,1237887,611,Fenerbahce,74,Sofyan Amrabat,9,34,M,6.6,False,True,0,0,0,0,0,0,0,3,0,2,1,0,0,3,2,1,1,0,0,1,0,0,0,0,0,0,0
2024,1237887,611,Fenerbahce,50097,Mert Hakan Yandaş,8,8,M,6.9,False,True,0,0,0,0,0,0,0,4,0,4,2,0,0,3,2,0,0,0,0,0,0,0,0,0,0,0,0
2024,1237887,611,Fenerbahce,62137,İrfan Can Eğribayat,0,1,G,,False,True,0,0,0,0,0,0,0,0,0,,0,0,0,0,0,0,0,0,0,0,0,0,0,0,0,0,0
2024,1237887,611,Fenerbahce,62490,Samet Akaydın,0,3,D,,False,True,0,0,0,0,0,0,0,0,0,,0,0,0,0,0,0,0,0,0,0,0,0,0,0,0,0,0
2024,1237887,611,Fenerbahce,134590,Oğuz Aydın,0,70,F,,False,True,0,0,0,0,0,0,0,0,0,,0,0,0,0,0,0,0,0,0,0,0,0,0,0,0,0,0
2024,1237887,611,Fenerbahce,785,Cengiz Ünder,0,20,F,,False,True,0,0,0,0,0,0,0,0,0,,0,0,0,0,0,0,0,0,0,0,0,0,0,0,0,0,0
2024,1237887,611,Fenerbahce,18768,Cenk Tosun,0,23,F,,False,True,0,0,0,0,0,0,0,0,0,,0,0,0,0,0,0,0,0,0,0,0,0,0,0,0,0,0
2024,1238109,3583,BB Bodrumspor,419830,Rüzgar Adiyaman,90,54,G,7,False,False,0,0,0,0,4,0,6,17,0,9,0,0,0,0,0,0,0,0,0,0,0,0,0,0,0,0,0
2024,1238109,3583,BB Bodrumspor,22164,Christophe Herelle,90,29,D,6.3,False,False,0,0,0,0,0,0,0,27,0,22,1,0,2,5,3,0,0,0,1,1,0,0,0,0,0,0,0
2024,1238109,3583,BB Bodrumspor,305863,Musah Mohammed,90,26,D,6.7,False,False,0,1,0,0,0,1,0,30,1,18,0,0,1,13,8,1,1,0,1,4,1,0,0,0,0,0,0
2024,1238109,3583,BB Bodrumspor,62100,Ali Aytemur,90,34,D,6.2,False,False,0,0,0,0,0,0,0,26,1,20,0,0,0,2,1,0,0,1,1,0,0,0,0,0,0,0,0
2024,1238109,3583,BB Bodrumspor,152078,Uzeyir Ergun,90,23,M,6.7,False,False,0,0,0,0,0,0,0,28,2,23,3,0,2,9,3,2,0,2,0,0,0,0,0,0,0,0,0
2024,1238109,3583,BB Bodrumspor,37382,Jonathan Okita,81,11,M,6.7,False,False,0,2,2,0,0,0,0,22,0,15,2,0,1,5,2,0,0,0,0,2,1,0,0,0,0,0,0
2024,1238109,3583,BB Bodrumspor,63062,Erkan Degismez,45,4,M,6.2,True,False,0,0,0,0,0,0,0,12,0,9,2,1,0,6,2,0,0,0,0,1,0,0,0,1,0,0,0
2024,1238109,3583,BB Bodrumspor,182155,Ege Bilsel,45,70,M,6.2,False,False,0,0,0,0,0,0,0,8,0,8,1,0,3,2,1,1,0,0,0,0,0,0,0,0,0,0,0
2024,1238109,3583,BB Bodrumspor,107268,Cenk Şen,90,77,M,5.9,False,False,0,0,0,0,0,0,0,18,0,13,0,0,0,3,1,2,0,0,1,0,0,0,0,0,0,0,0
2024,1238109,3583,BB Bodrumspor,22168,Pedro Brazão,45,20,F,6.3,False,False,0,0,0,0,0,0,0,18,0,13,0,0,0,5,2,2,1,0,1,2,0,0,0,0,0,0,0
2024,1238109,3583,BB Bodrumspor,31562,George Pușcaș,67,9,F,6.9,False,False,0,4,3,1,0,0,0,14,0,9,0,0,0,7,2,0,0,1,0,0,0,0,0,0,1,0,0
2024,1238109,3583,BB Bodrumspor,48566,Arlind Ajeti,45,15,D,6.9,False,True,0,1,0,0,0,0,0,7,0,6,2,0,0,2,2,0,0,0,0,0,0,0,0,0,0,0,0
2024,1238109,3583,BB Bodrumspor,47461,Enis Bardhi,45,10,M,7.2,False,True,0,1,1,0,0,0,0,18,3,17,1,0,0,3,1,0,0,1,0,0,0,0,0,0,0,0,0
2024,1238109,3583,BB Bodrumspor,49986,Fredy,45,16,M,8,False,True,0,2,2,1,0,0,0,27,2,23,0,0,0,5,3,2,2,1,1,0,0,0,0,0,0,0,0
2024,1238109,3583,BB Bodrumspor,48698,Taulant Seferi,23,99,F,6.7,False,True,0,0,0,0,0,0,0,7,1,5,0,0,0,1,0,0,0,0,0,0,0,0,0,0,0,0,0
2024,1238109,3583,BB Bodrumspor,50202,Taylan Antalyalı,9,5,M,6.7,False,True,0,0,0,0,0,0,0,2,0,2,0,0,0,1,1,0,0,0,1,0,0,0,0,0,0,0,0
2024,1238109,3583,BB Bodrumspor,515492,Baran Demir,0,55,G,,False,True,0,0,0,0,0,0,0,0,0,,0,0,0,0,0,0,0,0,0,0,0,0,0,0,0,0,0
2024,1238109,3583,BB Bodrumspor,62684,Suleyman Ozdamar,0,6,D,,False,True,0,0,0,0,0,0,0,0,0,,0,0,0,0,0,0,0,0,0,0,0,0,0,0,0,0,0
2024,1238109,3583,BB Bodrumspor,49957,Ondřej Čelůstka,0,33,D,,False,True,0,0,0,0,0,0,0,0,0,,0,0,0,0,0,0,0,0,0,0,0,0,0,0,0,0,0
2024,1238109,3583,BB Bodrumspor,380206,Enes Ogruce,0,91,F,,False,True,0,0,0,0,0,0,0,0,0,,0,0,0,0,0,0,0,0,0,0,0,0,0,0,0,0,0
2024,1238109,3583,BB Bodrumspor,143705,Gökdeniz Bayrakdar,0,41,F,,False,True,0,0,0,0,0,0,0,0,0,,0,0,0,0,0,0,0,0,0,0,0,0,0,0,0,0,0
2024,1238109,611,Fenerbahce,62137,İrfan Can Eğribayat,90,1,G,7.5,False,False,0,0,0,0,2,0,6,29,0,23,0,0,0,0,0,0,0,0,0,0,0,0,0,0,0,0,0
2024,1238109,611,Fenerbahce,1719,Mert Müldür,90,16,D,7.6,False,False,0,1,0,0,0,0,0,96,0,88,2,1,3,7,4,3,1,0,1,0,0,0,1,0,0,0,0
2024,1238109,611,Fenerbahce,198,Milan Škriniar,90,37,D,7.9,False,False,0,1,1,1,0,0,0,103,1,99,3,0,0,9,6,0,0,0,0,0,0,0,0,0,0,0,0
2024,1238109,611,Fenerbahce,412703,Yusuf Akçiçek,90,95,D,7.3,False,False,0,0,0,0,0,0,0,127,0,118,1,2,3,3,2,0,0,0,1,0,0,0,0,0,0,0,0
2024,1238109,611,Fenerbahce,134590,Oğuz Aydın,90,70,M,8.5,False,False,0,3,2,1,0,0,0,58,1,54,2,0,0,8,5,3,1,1,2,0,0,0,0,0,0,0,0
2024,1238109,611,Fenerbahce,74,Sofyan Amrabat,90,34,M,7.3,False,False,0,0,0,0,0,0,0,85,2,79,1,0,0,4,3,1,1,0,1,0,0,0,0,0,0,0,0
2024,1238109,611,Fenerbahce,40403,Sebastian Szymański,72,53,M,7.2,False,False,0,1,1,1,0,0,0,33,1,24,0,0,2,2,1,0,0,1,0,0,0,0,0,0,0,0,0
2024,1238109,611,Fenerbahce,1821,Filip Kostić,81,18,M,6.3,False,False,0,0,0,0,0,0,0,48,0,35,2,0,0,6,2,1,0,0,0,1,0,0,0,0,0,0,0
2024,1238109,611,Fenerbahce,49857,İrfan Can Kahveci,82,17,F,7.3,True,False,0,2,1,0,0,0,0,53,1,48,0,0,1,8,3,2,2,1,1,2,0,0,0,0,0,0,0
2024,1238109,611,Fenerbahce,12724,Anderson Talisca,72,94,F,7.2,False,False,1,5,4,1,0,0,0,23,1,22,2,0,0,7,4,1,0,0,1,3,0,0,0,1,1,0,0
2024,1238109,611,Fenerbahce,47422,Youssef En-Nesyri,72,19,F,7.2,False,False,0,1,0,0,0,1,0,13,1,9,0,0,0,6,4,0,0,0,2,0,0,0,0,0,0,0,0
2024,1238109,611,Fenerbahce,554,Dušan Tadić,18,10,F,6.3,False,True,0,0,0,0,0,0,0,8,0,6,0,0,0,2,1,0,0,0,0,0,0,0,0,0,0,0,0
2024,1238109,611,Fenerbahce,22173,Allan Saint-Maximin,18,97,F,6.7,False,True,0,0,0,0,0,0,0,7,0,3,0,0,0,5,2,2,1,0,1,1,1,0,0,0,0,0,0
2024,1238109,611,Fenerbahce,790,Edin Džeko,18,9,F,6.9,False,True,0,1,1,0,0,0,0,14,0,12,0,0,1,0,0,0,0,0,0,0,0,0,0,0,0,0,0
2024,1238109,611,Fenerbahce,21633,Alexander Djiku,9,6,D,6.3,False,True,0,0,0,0,0,0,0,6,0,6,0,0,0,0,0,0,0,0,0,0,0,0,0,0,0,0,0
2024,1238109,611,Fenerbahce,50097,Mert Hakan Yandaş,8,8,M,6.3,False,True,0,0,0,0,0,0,0,4,0,4,0,0,0,2,0,0,0,1,0,1,0,0,0,0,0,0,0
2024,1238109,611,Fenerbahce,1305,Dominik Livaković,0,40,G,,False,True,0,0,0,0,0,0,0,0,0,,0,0,0,0,0,0,0,0,0,0,0,0,0,0,0,0,0
2024,1238109,611,Fenerbahce,19588,Bright Osayi-Samuel,0,21,D,,False,True,0,0,0,0,0,0,0,0,0,,0,0,0,0,0,0,0,0,0,0,0,0,0,0,0,0,0
2024,1238109,611,Fenerbahce,127609,Levent Mercan,0,22,D,,False,True,0,0,0,0,0,0,0,0,0,,0,0,0,0,0,0,0,0,0,0,0,0,0,0,0,0,0
2024,1238109,611,Fenerbahce,214463,İsmail Yüksek,0,5,M,,False,True,0,0,0,0,0,0,0,0,0,,0,0,0,0,0,0,0,0,0,0,0,0,0,0,0,0,0
2024,1238109,611,Fenerbahce,18768,Cenk Tosun,0,23,F,,False,True,0,0,0,0,0,0,0,0,0,,0,0,0,0,0,0,0,0,0,0,0,0,0,0,0,0,0
2024,1237938,611,Fenerbahce,1305,Dominik Livaković,90,40,G,6.9,False,False,0,0,0,0,0,0,1,33,0,26,0,0,0,0,0,0,0,0,0,0,0,0,0,0,0,0,0
2024,1237938,611,Fenerbahce,19588,Bright Osayi-Samuel,90,21,D,7.7,False,False,0,2,1,0,0,0,0,33,0,29,5,0,1,11,8,1,0,0,2,0,0,0,0,0,0,0,0
2024,1237938,611,Fenerbahce,829,Rodrigo Becão,90,50,D,7.9,False,False,0,2,0,0,0,0,0,73,0,68,3,0,0,7,6,0,0,0,1,1,0,0,0,0,0,0,0
2024,1237938,611,Fenerbahce,21633,Alexander Djiku,90,6,D,7.9,False,False,0,1,0,0,0,0,0,93,1,89,1,1,3,8,5,0,0,1,1,2,0,0,0,0,0,0,0
2024,1237938,611,Fenerbahce,1821,Filip Kostić,90,18,D,6.9,False,False,0,1,0,0,0,0,0,39,1,31,3,0,0,12,6,2,1,0,0,3,0,0,0,0,0,0,0
2024,1237938,611,Fenerbahce,49857,İrfan Can Kahveci,69,17,M,7.2,False,False,0,1,1,0,0,0,0,44,2,30,2,0,1,8,4,1,1,1,0,2,0,0,0,0,0,0,0
2024,1237938,611,Fenerbahce,214463,İsmail Yüksek,70,5,M,7.2,False,False,0,1,0,0,0,0,0,43,1,36,1,0,1,8,6,2,1,0,1,0,0,0,0,0,0,0,0
2024,1237938,611,Fenerbahce,74,Sofyan Amrabat,90,34,M,7.9,False,False,0,0,0,0,0,1,0,102,1,91,0,2,1,3,1,1,1,1,0,1,1,0,0,0,0,0,0
2024,1237938,611,Fenerbahce,22173,Allan Saint-Maximin,70,97,M,7,False,False,0,1,0,0,0,0,0,32,3,27,2,0,0,10,5,7,3,0,0,1,0,0,0,0,0,0,0
2024,1237938,611,Fenerbahce,47422,Youssef En-Nesyri,69,19,F,7.2,False,False,0,2,1,1,0,0,0,16,0,13,1,0,0,6,2,0,0,2,0,0,0,0,0,0,0,0,0
2024,1237938,611,Fenerbahce,790,Edin Džeko,86,9,F,8,True,False,0,3,2,1,0,0,0,35,4,28,1,0,0,10,4,2,1,0,0,1,0,0,0,0,0,0,0
2024,1237938,611,Fenerbahce,134590,Oğuz Aydın,21,70,F,6.3,False,True,0,0,0,0,0,0,0,8,0,7,0,0,0,1,0,0,0,1,0,0,0,0,0,0,0,0,0
2024,1237938,611,Fenerbahce,18768,Cenk Tosun,21,23,F,6.7,False,True,0,0,0,0,0,0,0,3,2,3,0,0,0,3,0,0,0,1,0,1,0,0,0,0,0,0,0
2024,1237938,611,Fenerbahce,40403,Sebastian Szymański,20,53,M,6.2,False,True,0,1,0,0,0,0,0,9,0,7,1,0,0,4,2,0,0,0,1,2,1,0,0,0,0,0,0
2024,1237938,611,Fenerbahce,554,Dušan Tadić,20,10,F,6.5,False,True,0,0,0,0,0,0,0,6,1,5,0,0,0,5,0,0,0,0,0,1,0,0,0,0,0,0,0
2024,1237938,611,Fenerbahce,50097,Mert Hakan Yandaş,4,8,M,,False,True,0,0,0,0,0,0,0,4,1,4,0,0,0,1,0,0,0,1,0,0,0,0,0,0,0,0,0
2024,1237938,611,Fenerbahce,62137,İrfan Can Eğribayat,0,1,G,,False,True,0,0,0,0,0,0,0,0,0,,0,0,0,0,0,0,0,0,0,0,0,0,0,0,0,0,0
2024,1237938,611,Fenerbahce,1719,Mert Müldür,0,16,D,,False,True,0,0,0,0,0,0,0,0,0,,0,0,0,0,0,0,0,0,0,0,0,0,0,0,0,0,0
2024,1237938,611,Fenerbahce,18776,Çağlar Söyüncü,0,4,D,,False,True,0,0,0,0,0,0,0,0,0,,0,0,0,0,0,0,0,0,0,0,0,0,0,0,0,0,0
2024,1237938,611,Fenerbahce,127609,Münir Levent Mercan,0,22,D,,False,True,0,0,0,0,0,0,0,0,0,,0,0,0,0,0,0,0,0,0,0,0,0,0,0,0,0,0
2024,1237938,611,Fenerbahce,162004,Bartuğ Elmaz,0,28,M,,False,True,0,0,0,0,0,0,0,0,0,,0,0,0,0,0,0,0,0,0,0,0,0,0,0,0,0,0
2024,1237938,3583,BB Bodrumspor,96468,Diogo Sousa,90,1,G,6.6,False,False,0,0,0,0,2,0,3,28,0,15,0,0,0,1,1,0,0,0,0,0,0,0,0,0,0,0,0
2024,1237938,3583,BB Bodrumspor,49957,Ondřej Čelůstka,90,33,D,6.5,True,False,0,0,0,0,0,0,0,29,0,22,2,0,0,6,3,1,0,1,1,0,0,0,0,0,0,0,0
2024,1237938,3583,BB Bodrumspor,48566,Arlind Ajeti,90,15,D,6.9,False,False,0,0,0,0,0,0,0,32,0,25,1,2,2,5,3,2,2,1,0,0,0,0,0,0,0,0,0
2024,1237938,3583,BB Bodrumspor,62100,Ali Aytemur,90,34,D,6.7,False,False,0,1,0,0,0,0,0,33,0,25,2,0,1,7,5,0,0,0,1,0,0,0,0,0,0,0,0
2024,1237938,3583,BB Bodrumspor,107268,Cenk Şen,90,77,D,6.5,False,False,0,0,0,0,0,0,0,20,0,18,1,0,0,4,2,1,0,0,1,0,0,0,0,0,0,0,0
2024,1237938,3583,BB Bodrumspor,327386,Ahmet Aslan,45,21,M,6.3,False,False,0,0,0,0,0,0,0,9,0,6,0,0,0,6,1,0,0,1,1,0,0,0,0,0,0,0,0
2024,1237938,3583,BB Bodrumspor,305863,Musah Mohammed,90,26,M,7.2,False,False,0,2,1,0,0,0,0,38,0,23,1,1,0,15,10,3,3,0,2,2,0,0,0,0,0,0,0
2024,1237938,3583,BB Bodrumspor,48698,Taulant Seferi,78,99,M,6.9,False,False,0,1,0,0,0,0,0,15,0,11,5,0,0,12,7,0,0,1,2,0,0,0,0,0,0,0,0
2024,1237938,3583,BB Bodrumspor,62530,Samet Yalçın,45,8,M,6.3,False,False,0,0,0,0,0,0,0,12,0,5,0,0,0,4,1,0,0,2,1,1,1,0,0,0,0,0,0
2024,1237938,3583,BB Bodrumspor,11307,Zdravko Dimitrov,69,7,M,6.5,False,False,0,0,0,0,0,0,0,13,2,11,1,0,0,7,2,3,0,0,1,1,0,0,0,0,0,0,0
2024,1237938,3583,BB Bodrumspor,31562,George Pușcaș,69,9,F,6.2,False,False,0,0,0,0,0,0,0,7,0,4,0,0,0,5,1,0,0,1,0,2,0,0,0,0,0,0,0
2024,1237938,3583,BB Bodrumspor,50202,Taylan Antalyalı,45,5,M,6.9,False,True,0,1,0,0,0,0,0,21,1,18,2,0,0,5,4,0,0,0,2,0,0,0,0,0,0,0,0
2024,1237938,3583,BB Bodrumspor,49986,Fredy,45,16,M,6.9,False,True,0,0,0,0,0,0,0,24,2,23,0,0,0,5,3,2,2,0,1,0,0,0,0,0,0,0,0
2024,1237938,3583,BB Bodrumspor,22168,Pedro Brazão,21,20,M,6.6,False,True,0,0,0,0,0,0,0,12,0,11,1,0,0,8,4,1,1,1,2,1,0,0,0,0,0,0,0
2024,1237938,3583,BB Bodrumspor,143705,Gökdeniz Bayrakdar,21,41,F,6.5,False,True,1,0,0,0,0,0,0,7,0,6,1,0,0,4,1,2,0,0,0,1,0,0,0,0,0,0,0
2024,1237938,3583,BB Bodrumspor,301382,Haqi Osman,12,19,F,6.3,False,True,1,0,0,0,0,0,0,4,0,4,0,0,1,3,0,3,0,0,0,0,0,0,0,0,0,0,0
2024,1237938,3583,BB Bodrumspor,50020,Gökhan Akkan,0,53,G,,False,True,0,0,0,0,0,0,0,0,0,,0,0,0,0,0,0,0,0,0,0,0,0,0,0,0,0,0
2024,1237938,3583,BB Bodrumspor,412791,Gabriel Obekpa,0,18,M,,False,True,0,0,0,0,0,0,0,0,0,,0,0,0,0,0,0,0,0,0,0,0,0,0,0,0,0,0
2024,1237938,3583,BB Bodrumspor,368149,Yusuf Sertkaya,0,94,M,,False,True,0,0,0,0,0,0,0,0,0,,0,0,0,0,0,0,0,0,0,0,0,0,0,0,0,0,0
2024,1237938,3583,BB Bodrumspor,182155,Ege Bilsel,0,70,F,,False,True,0,0,0,0,0,0,0,0,0,,0,0,0,0,0,0,0,0,0,0,0,0,0,0,0,0,0
2024,1237938,3583,BB Bodrumspor,63072,Celal Dumanli,0,48,F,,False,True,0,0,0,0,0,0,0,0,0,,0,0,0,0,0,0,0,0,0,0,0,0,0,0,0,0,0
2024,1237992,611,Fenerbahce,1305,Dominik Livaković,33,40,G,6.6,False,False,0,0,0,0,0,0,0,10,0,6,0,0,0,0,0,0,0,0,0,0,0,0,0,0,0,0,0
2024,1237992,611,Fenerbahce,19588,Bright Osayi-Samuel,63,21,D,6.6,False,False,1,0,0,0,0,0,0,32,1,28,0,0,2,3,1,0,0,0,0,0,0,0,0,0,0,0,0
2024,1237992,611,Fenerbahce,829,Rodrigo Becão,78,50,D,6.6,False,False,0,0,0,0,0,0,0,41,0,35,0,0,1,12,9,0,0,0,0,2,0,0,0,0,0,0,0
2024,1237992,611,Fenerbahce,18776,Çağlar Söyüncü,90,4,D,7.2,False,False,0,1,1,0,0,0,0,45,0,39,2,0,5,12,7,0,0,0,1,2,0,0,0,0,0,0,0
2024,1237992,611,Fenerbahce,1821,Filip Kostić,90,18,D,7.6,False,False,0,0,0,0,0,1,0,43,4,39,0,0,0,0,0,0,0,0,0,0,0,0,0,0,0,0,0
2024,1237992,611,Fenerbahce,905,Fred,90,13,M,7.5,False,False,0,1,1,0,0,0,0,60,1,49,2,0,0,14,8,1,1,1,4,3,0,0,0,0,0,0,0
2024,1237992,611,Fenerbahce,74,Sofyan Amrabat,63,34,M,6.5,False,False,0,1,0,0,0,0,0,51,0,41,1,0,0,5,2,1,1,0,0,2,1,0,0,0,0,0,0
2024,1237992,611,Fenerbahce,49857,İrfan Can Kahveci,55,17,M,6.9,False,False,0,2,1,0,0,0,0,28,2,22,1,0,1,6,3,0,0,1,1,1,0,0,0,0,0,0,0
2024,1237992,611,Fenerbahce,40403,Sebastian Szymański,90,53,M,7.2,False,False,0,0,0,0,0,1,0,28,2,24,2,0,0,6,3,0,0,0,1,2,0,0,0,0,0,0,0
2024,1237992,611,Fenerbahce,134590,Oğuz Aydın,55,70,M,7.3,False,False,0,2,0,0,0,0,0,30,2,25,1,0,0,4,1,0,0,0,0,0,0,0,0,0,0,0,0
2024,1237992,611,Fenerbahce,790,Edin Džeko,90,9,F,8.2,True,False,0,5,2,1,0,0,0,33,1,19,1,0,0,12,7,0,0,1,2,1,0,0,0,0,0,0,0
2024,1237992,611,Fenerbahce,210244,Osman Ertuğrul Çetin,57,54,G,6.5,False,True,0,0,0,0,1,0,0,10,0,5,0,0,0,0,0,0,0,0,0,0,0,0,0,0,0,0,0
2024,1237992,611,Fenerbahce,22173,Allan Saint-Maximin,35,97,F,6.7,False,True,0,2,0,0,0,0,0,12,0,9,0,0,0,1,0,1,0,0,0,0,0,0,0,0,0,0,0
2024,1237992,611,Fenerbahce,554,Dušan Tadić,35,10,F,7.3,False,True,0,0,0,0,0,1,0,14,2,12,1,0,0,2,2,1,1,0,0,0,0,0,0,0,0,0,0
2024,1237992,611,Fenerbahce,1719,Mert Müldür,27,16,D,6.6,False,True,0,0,0,0,0,0,0,9,0,7,0,0,0,3,1,0,0,0,0,1,0,0,0,0,0,0,0
2024,1237992,611,Fenerbahce,47422,Youssef En-Nesyri,27,19,F,8.3,False,True,0,2,2,2,0,0,0,6,0,4,0,0,0,6,2,1,0,2,0,0,0,0,0,0,0,0,0
2024,1237992,611,Fenerbahce,412703,Yusuf Akçiçek,0,95,D,,False,True,0,0,0,0,0,0,0,0,0,,0,0,0,0,0,0,0,0,0,0,0,0,0,0,0,0,0
2024,1237992,611,Fenerbahce,162004,Bartuğ Elmaz,0,28,M,,False,True,0,0,0,0,0,0,0,0,0,,0,0,0,0,0,0,0,0,0,0,0,0,0,0,0,0,0
2024,1237992,611,Fenerbahce,785,Cengiz Ünder,0,20,F,,False,True,0,0,0,0,0,0,0,0,0,,0,0,0,0,0,0,0,0,0,0,0,0,0,0,0,0,0
2024,1237992,611,Fenerbahce,214463,İsmail Yüksek,0,5,M,,False,True,0,0,0,0,0,0,0,0,0,,0,0,0,0,0,0,0,0,0,0,0,0,0,0,0,0,0
2024,1237992,611,Fenerbahce,18768,Cenk Tosun,0,23,F,,False,True,0,0,0,0,0,0,0,0,0,,0,0,0,0,0,0,0,0,0,0,0,0,0,0,0,0,0
2024,1237992,564,Istanbul Basaksehir,278162,Deniz Dilmen,90,98,G,6,False,False,0,0,0,0,3,0,4,43,0,19,0,0,0,0,0,0,0,0,0,0,1,0,0,0,0,0,0
2024,1237992,564,Istanbul Basaksehir,10160,Léo Duarte,90,5,D,6.3,True,False,0,0,0,0,0,0,0,17,0,15,0,0,1,5,1,0,0,0,0,0,0,0,0,0,0,0,0
2024,1237992,564,Istanbul Basaksehir,20968,Ousseynou Ba,46,27,D,5.7,False,False,0,0,0,0,0,0,0,15,0,13,0,1,0,4,2,0,0,0,0,1,0,1,0,0,0,0,0
2024,1237992,564,Istanbul Basaksehir,137223,Jerome Opoku,90,3,D,6.3,False,False,0,0,0,0,0,0,0,40,0,35,1,0,1,8,6,1,1,0,2,0,1,0,0,0,0,0,0
2024,1237992,564,Istanbul Basaksehir,21082,Lucas Lima,90,6,D,6.2,False,False,0,0,0,0,0,0,0,20,0,12,0,0,1,10,4,1,1,0,1,2,0,0,0,0,0,0,0
2024,1237992,564,Istanbul Basaksehir,61820,Berat Ayberk Özdemir,87,2,M,6.5,False,False,0,0,0,0,0,0,0,27,0,18,2,1,1,4,2,0,0,1,0,1,1,0,0,0,0,0,0
2024,1237992,564,Istanbul Basaksehir,50126,Deniz Türüç,45,23,M,6.2,False,False,0,0,0,0,0,0,0,6,0,4,0,0,0,3,0,0,0,0,0,1,1,0,0,0,0,0,0
2024,1237992,564,Istanbul Basaksehir,85205,Olivier Kemen,90,8,M,7,False,False,0,0,0,0,0,1,0,23,1,13,1,0,0,9,6,0,0,0,1,0,0,0,0,0,0,0,0
2024,1237992,564,Istanbul Basaksehir,41973,Miguel Crespo,90,13,M,6.6,False,False,0,0,0,0,0,0,0,32,0,26,0,3,1,10,4,1,1,0,3,3,1,0,0,0,0,0,0
2024,1237992,564,Istanbul Basaksehir,41161,Davidson,87,91,M,6.6,False,False,1,0,0,0,0,0,0,14,0,8,1,1,0,13,8,3,2,1,3,1,0,0,0,0,0,0,0
2024,1237992,564,Istanbul Basaksehir,1651,Krzysztof Piątek,90,9,F,6.9,False,False,0,2,1,1,0,0,0,16,0,11,0,0,0,17,6,1,0,0,3,0,0,0,0,0,0,0,0
2024,1237992,564,Istanbul Basaksehir,443739,Hamza Güreler,45,15,D,6.3,False,True,0,0,0,0,0,0,0,13,0,12,1,0,0,2,1,0,0,0,0,0,0,0,0,0,0,0,0
2024,1237992,564,Istanbul Basaksehir,2374,Dimitrios Pelkas,11,14,M,6.5,False,True,0,0,0,0,0,0,0,4,0,3,0,0,0,0,0,0,0,0,0,0,0,0,0,0,0,0,0
2024,1237992,564,Istanbul Basaksehir,40540,Patryk Szysz,11,18,M,6.5,False,True,0,0,0,0,0,0,0,2,0,2,0,0,1,1,0,0,0,1,0,0,0,0,0,0,0,0,0
2024,1237992,564,Istanbul Basaksehir,49835,Volkan Babacan,0,1,G,,False,True,0,0,0,0,0,0,0,0,0,,0,0,0,0,0,0,0,0,0,0,0,0,0,0,0,0,0
2024,1237992,564,Istanbul Basaksehir,180736,Emre Kaplan,0,75,D,,False,True,0,0,0,0,0,0,0,0,0,,0,0,0,0,0,0,0,0,0,0,0,0,0,0,0,0,0
2024,1237992,564,Istanbul Basaksehir,207236,Ömer Faruk Beyaz,0,17,M,,False,True,0,0,0,0,0,0,0,0,0,,0,0,0,0,0,0,0,0,0,0,0,0,0,0,0,0,0
2024,1237992,564,Istanbul Basaksehir,129794,Matchoi Djaló,0,22,F,,False,True,0,0,0,0,0,0,0,0,0,,0,0,0,0,0,0,0,0,0,0,0,0,0,0,0,0,0
2024,1237943,998,Trabzonspor,49866,Uğurcan Çakır,90,1,G,7.2,True,False,0,0,0,0,3,0,6,29,0,12,0,0,0,1,1,0,0,0,1,0,1,0,0,0,0,0,0
2024,1237943,998,Trabzonspor,302152,Pedro Malheiro,90,79,D,6.2,False,False,0,1,0,0,0,0,0,32,0,29,3,0,0,8,3,1,0,1,0,2,0,0,0,0,0,0,0
2024,1237943,998,Trabzonspor,21087,Batista Mendy,90,6,D,6.2,False,False,0,0,0,0,0,0,0,28,0,22,1,1,1,5,2,0,0,0,0,0,0,0,0,0,0,0,0
2024,1237943,998,Trabzonspor,67,Stefano Denswil,90,24,D,6.6,False,False,0,1,0,0,0,0,0,31,0,24,1,1,1,10,7,0,0,0,1,2,1,0,0,0,0,0,0
2024,1237943,998,Trabzonspor,50057,Eren Elmalı,89,18,D,6.5,False,False,0,0,0,0,0,0,0,20,0,15,1,0,0,3,2,0,0,0,0,0,1,0,0,0,0,0,0
2024,1237943,998,Trabzonspor,19104,John Lundstram,90,5,M,6.2,False,False,0,0,0,0,0,0,0,33,1,26,0,0,1,3,0,1,0,0,0,0,0,0,0,0,0,0,0
2024,1237943,998,Trabzonspor,47443,Okay Yokuşlu,90,35,M,7.9,False,False,0,2,1,0,0,0,0,36,0,32,1,1,0,12,10,4,3,0,4,1,0,0,1,0,0,0,0
2024,1237943,998,Trabzonspor,49860,Edin Višća,89,7,M,7.6,False,False,1,2,0,0,0,0,0,36,3,28,2,0,2,8,4,1,0,1,2,0,0,0,0,0,0,0,0
2024,1237943,998,Trabzonspor,49942,Ozan Tufan,88,11,M,6,False,False,0,1,1,0,0,0,0,13,1,8,0,0,0,9,2,2,0,1,0,3,1,0,0,0,0,0,0
2024,1237943,998,Trabzonspor,49891,Anthony Nwakaeme,89,9,M,6.7,False,False,0,1,0,0,0,0,0,13,2,10,0,0,0,10,2,2,0,1,2,1,0,0,0,0,0,0,0
2024,1237943,998,Trabzonspor,20674,Simon Banza,90,17,F,8.3,False,False,2,2,2,2,0,0,0,5,0,2,0,0,1,12,4,0,0,1,1,2,1,0,1,0,2,0,0
2024,1237943,998,Trabzonspor,319514,Cihan Çanak,17,61,F,6.7,False,True,0,1,0,0,0,0,0,3,0,3,0,0,0,2,1,0,0,0,0,1,0,0,0,0,0,0,0
2024,1237943,998,Trabzonspor,1738,Borna Barišić,16,3,D,6.3,False,True,0,0,0,0,0,0,0,3,1,2,0,0,0,0,0,0,0,0,0,0,0,0,0,0,0,0,0
2024,1237943,998,Trabzonspor,182422,Enis Destan,16,94,F,6.6,False,True,0,0,0,0,0,0,0,6,0,5,0,1,0,4,2,0,0,0,0,1,1,0,0,0,0,0,0
2024,1237943,998,Trabzonspor,146008,Muhammed Cham-Saračević,1,10,M,,False,True,0,0,0,0,0,0,0,1,0,1,0,0,0,0,0,0,0,0,0,0,0,0,0,0,0,0,0
2024,1237943,998,Trabzonspor,135934,Muhammet Taha Tepe,0,54,G,,False,True,0,0,0,0,0,0,0,0,0,,0,0,0,0,0,0,0,0,0,0,0,0,0,0,0,0,0
2024,1237943,998,Trabzonspor,63627,Arseniy Batagov,0,44,M,,False,True,0,0,0,0,0,0,0,0,0,,0,0,0,0,0,0,0,0,0,0,0,0,0,0,0,0,0
2024,1237943,998,Trabzonspor,338815,Arif Boşluk,0,77,D,,False,True,0,0,0,0,0,0,0,0,0,,0,0,0,0,0,0,0,0,0,0,0,0,0,0,0,0,0
2024,1237943,998,Trabzonspor,49876,Hüseyin Türkmen,0,4,D,,False,True,0,0,0,0,0,0,0,0,0,,0,0,0,0,0,0,0,0,0,0,0,0,0,0,0,0,0
2024,1237943,998,Trabzonspor,128968,Umut Güneş,0,23,M,,False,True,0,0,0,0,0,0,0,0,0,,0,0,0,0,0,0,0,0,0,0,0,0,0,0,0,0,0
2024,1237943,998,Trabzonspor,21447,Umut Bozok,0,19,F,,False,True,0,0,0,0,0,0,0,0,0,,0,0,0,0,0,0,0,0,0,0,1,0,0,0,0,0,0
2024,1237943,611,Fenerbahce,1305,Dominik Livaković,90,40,G,6.6,False,False,0,0,0,0,2,0,3,25,0,13,0,0,0,1,1,0,0,0,1,0,0,0,0,0,0,0,0
2024,1237943,611,Fenerbahce,19588,Bright Osayi-Samuel,66,21,D,6.7,False,False,0,0,0,0,0,0,0,16,1,15,2,0,1,7,4,0,0,0,1,2,1,0,0,0,0,0,0
2024,1237943,611,Fenerbahce,18776,Çağlar Söyüncü,90,4,D,6.6,False,False,0,3,0,0,0,0,0,26,0,21,1,0,1,12,8,0,0,0,2,2,0,0,0,1,0,0,0
2024,1237943,611,Fenerbahce,21633,Alexander Djiku,59,6,D,6.2,False,False,0,0,0,0,0,0,0,21,0,14,0,1,1,2,1,0,0,0,0,1,0,0,0,1,0,0,0
2024,1237943,611,Fenerbahce,1719,Mert Müldür,90,16,D,6.9,False,False,0,0,0,0,0,0,0,29,0,22,2,0,2,8,5,1,0,0,1,1,0,0,0,0,0,0,0
2024,1237943,611,Fenerbahce,905,Fred,85,13,M,7.7,False,False,0,2,2,1,0,0,0,28,1,22,2,0,0,7,4,1,0,0,2,1,0,0,0,0,0,0,0
2024,1237943,611,Fenerbahce,74,Sofyan Amrabat,90,34,M,7.5,False,False,0,1,1,1,0,0,0,39,1,33,0,0,2,3,1,0,0,0,1,1,1,0,0,0,0,0,0
2024,1237943,611,Fenerbahce,554,Dušan Tadić,90,10,M,7,True,False,1,0,0,0,0,0,0,23,1,18,1,0,0,4,3,1,1,0,0,0,0,0,0,0,0,0,0
2024,1237943,611,Fenerbahce,40403,Sebastian Szymański,66,53,M,7.3,False,False,0,2,1,0,0,0,0,14,4,12,2,0,1,6,3,0,0,2,1,0,0,0,0,0,0,0,0
2024,1237943,611,Fenerbahce,22173,Allan Saint-Maximin,65,97,M,7.3,False,False,0,3,2,0,0,0,0,13,2,9,0,0,0,4,2,3,1,0,1,0,0,0,0,0,0,0,0
2024,1237943,611,Fenerbahce,47422,Youssef En-Nesyri,90,19,F,7.6,False,False,0,3,1,0,0,1,0,21,2,15,1,1,0,17,7,4,1,0,0,2,0,0,0,0,0,0,0
2024,1237943,611,Fenerbahce,829,Rodrigo Becão,31,50,D,6.6,False,True,0,0,0,0,0,0,0,15,0,12,1,1,0,3,3,1,1,0,0,0,0,0,0,0,0,0,0
2024,1237943,611,Fenerbahce,49857,İrfan Can Kahveci,25,17,M,7.5,False,True,0,0,0,0,0,1,0,11,3,7,1,0,0,1,1,0,0,0,0,1,0,0,0,0,0,0,0
2024,1237943,611,Fenerbahce,1821,Filip Kostić,24,18,M,6.9,False,True,0,0,0,0,0,0,0,12,0,8,0,0,0,3,1,0,0,0,0,1,0,0,0,0,0,0,0
2024,1237943,611,Fenerbahce,790,Edin Džeko,24,9,F,7.3,False,True,0,2,2,1,0,0,0,12,0,9,0,0,0,6,2,1,1,1,1,0,0,0,0,0,0,0,0
2024,1237943,611,Fenerbahce,214463,İsmail Yüksek,20,5,M,6.7,False,True,0,0,0,0,0,0,0,7,0,4,1,0,0,3,1,0,0,0,0,0,0,0,0,0,0,0,0
2024,1237943,611,Fenerbahce,62137,İrfan Can Eğribayat,0,1,G,,False,True,0,0,0,0,0,0,0,0,0,,0,0,0,0,0,0,0,0,0,0,0,0,0,0,0,0,0
2024,1237943,611,Fenerbahce,62490,Samet Akaydın,0,3,D,,False,True,0,0,0,0,0,0,0,0,0,,0,0,0,0,0,0,0,0,0,0,0,0,0,0,0,0,0
2024,1237943,611,Fenerbahce,127609,Münir Levent Mercan,0,22,D,,False,True,0,0,0,0,0,0,0,0,0,,0,0,0,0,0,0,0,0,0,0,0,0,0,0,0,0,0
2024,1237943,611,Fenerbahce,50097,Mert Hakan Yandaş,0,8,M,,False,True,0,0,0,0,0,0,0,0,0,,0,0,0,0,0,0,0,0,0,0,0,0,0,0,0,0,0
2024,1237943,611,Fenerbahce,18768,Cenk Tosun,0,23,F,,False,True,0,0,0,0,0,0,0,0,0,,0,0,0,0,0,0,0,0,0,0,0,0,0,0,0,0,0
2024,1238010,611,Fenerbahce,62137,İrfan Can Eğribayat,90,1,G,6.7,False,False,0,0,0,0,1,0,1,16,0,16,0,0,0,1,1,0,0,0,0,0,0,0,0,0,0,0,0
2024,1238010,611,Fenerbahce,18776,Çağlar Söyüncü,90,4,D,7.5,False,False,0,0,0,0,0,0,0,86,0,79,2,0,3,5,5,0,0,0,1,0,0,0,0,0,0,0,0
2024,1238010,611,Fenerbahce,21633,Alexander Djiku,90,6,D,7.7,False,False,0,1,0,0,0,0,0,113,0,104,3,0,4,14,10,1,1,1,0,1,0,0,0,0,0,0,0
2024,1238010,611,Fenerbahce,127609,Münir Levent Mercan,90,22,D,7.3,False,False,0,0,0,0,0,0,0,72,1,65,2,0,0,4,3,0,0,0,0,1,0,0,0,0,0,0,0
2024,1238010,611,Fenerbahce,19588,Bright Osayi-Samuel,70,21,M,6.9,False,False,0,1,0,0,0,0,0,31,0,25,2,0,0,12,7,2,0,0,3,1,0,0,0,0,0,0,0
2024,1238010,611,Fenerbahce,74,Sofyan Amrabat,90,34,M,7.2,False,False,0,0,0,0,0,0,0,86,0,81,3,0,0,9,4,1,1,2,0,2,1,0,0,0,0,0,0
2024,1238010,611,Fenerbahce,905,Fred,90,13,M,7.6,False,False,0,2,2,0,0,0,0,80,2,69,1,0,1,6,4,1,1,1,1,0,1,0,0,0,0,0,0
2024,1238010,611,Fenerbahce,1821,Filip Kostić,90,18,M,7,False,False,1,2,1,0,0,0,0,38,3,36,2,0,1,6,3,2,1,2,0,0,0,0,0,0,0,0,0
2024,1238010,611,Fenerbahce,554,Dušan Tadić,76,10,F,7.7,False,False,2,0,0,0,0,0,0,57,2,45,0,0,0,3,1,0,0,0,0,1,0,0,0,0,0,0,0
2024,1238010,611,Fenerbahce,790,Edin Džeko,90,9,F,8,True,False,1,4,1,0,0,1,0,37,5,28,2,0,0,9,3,2,0,1,1,0,0,0,0,0,0,1,0
2024,1238010,611,Fenerbahce,47422,Youssef En-Nesyri,90,19,F,8.7,False,False,0,6,4,2,0,0,0,19,0,11,0,0,1,11,5,3,1,1,0,1,0,0,0,0,0,0,0
2024,1238010,611,Fenerbahce,1719,Mert Müldür,20,16,D,6.9,False,True,0,0,0,0,0,0,0,7,0,6,3,0,1,6,5,0,0,1,0,0,0,0,0,0,0,0,0
2024,1238010,611,Fenerbahce,40403,Sebastian Szymański,14,53,M,6.9,False,True,0,1,1,0,0,0,0,5,0,3,0,0,0,4,2,1,1,0,1,1,1,0,1,0,0,0,0
2024,1238010,611,Fenerbahce,210244,Osman Ertuğrul Çetin,0,54,G,,False,True,0,0,0,0,0,0,0,0,0,,0,0,0,0,0,0,0,0,0,0,0,0,0,0,0,0,0
2024,1238010,611,Fenerbahce,412703,Yusuf Akçiçek,0,95,D,,False,True,0,0,0,0,0,0,0,0,0,,0,0,0,0,0,0,0,0,0,0,0,0,0,0,0,0,0
2024,1238010,611,Fenerbahce,785,Cengiz Ünder,0,20,F,,False,True,0,0,0,0,0,0,0,0,0,,0,0,0,0,0,0,0,0,0,0,0,0,0,0,0,0,0
2024,1238010,611,Fenerbahce,50097,Mert Hakan Yandaş,0,8,M,,False,True,0,0,0,0,0,0,0,0,0,,0,0,0,0,0,0,0,0,0,0,0,0,0,0,0,0,0
2024,1238010,611,Fenerbahce,162004,Bartuğ Elmaz,0,28,M,,False,True,0,0,0,0,0,0,0,0,0,,0,0,0,0,0,0,0,0,0,0,0,0,0,0,0,0,0
2024,1238010,611,Fenerbahce,500082,Yigit Ekiz,0,44,M,,False,True,0,0,0,0,0,0,0,0,0,,0,0,0,0,0,0,0,0,0,0,0,0,0,0,0,0,0
2024,1238010,611,Fenerbahce,49857,İrfan Can Kahveci,0,17,M,,False,True,0,0,0,0,0,0,0,0,0,,0,0,0,0,0,0,0,0,0,0,0,0,0,0,0,0,0
2024,1238010,611,Fenerbahce,18768,Cenk Tosun,0,23,F,,False,True,0,0,0,0,0,0,0,0,0,,0,0,0,0,0,0,0,0,0,0,0,0,0,0,0,0,0
2024,1238010,3575,Hatayspor,61925,Erce Kardeşler,90,1,G,8.5,False,False,0,0,0,0,2,0,7,29,0,16,0,0,0,2,1,0,0,1,1,0,1,0,0,0,0,0,0
2024,1238010,3575,Hatayspor,61927,Kerim Alıcı,90,22,D,6.5,False,False,0,1,1,0,0,0,0,34,0,25,0,0,0,1,0,0,0,0,0,0,0,0,0,0,0,0,0
2024,1238010,3575,Hatayspor,20805,Guy-Marcelin Kilama,90,3,D,6.9,False,False,0,0,0,0,0,0,0,36,1,28,3,0,1,8,6,1,1,0,0,1,0,0,0,0,0,0,0
2024,1238010,3575,Hatayspor,502999,Yigit Ali Buz,90,95,D,6.5,False,False,0,0,0,0,0,0,0,15,0,13,0,1,0,4,1,0,0,1,0,0,0,0,0,0,0,0,0
2024,1238010,3575,Hatayspor,49870,Kamil Ahmet Çörekçi,90,2,D,6.2,True,False,0,0,0,0,0,0,0,50,0,44,2,0,1,5,4,0,0,0,0,0,0,0,0,0,0,0,0
2024,1238010,3575,Hatayspor,49885,Abdulkadir Parmak,90,6,M,6.9,False,False,0,0,0,0,0,0,0,51,0,42,0,0,2,7,5,2,2,0,2,0,0,0,0,0,0,0,0
2024,1238010,3575,Hatayspor,119029,Lamine Diack,90,17,M,7,False,False,0,0,0,0,0,1,0,52,1,44,3,0,0,7,3,0,0,1,0,1,0,0,0,0,0,0,0
2024,1238010,3575,Hatayspor,21589,Bilal Boutobba,90,98,M,7.3,False,False,0,1,1,1,0,0,0,32,1,25,1,0,0,12,5,8,3,1,1,0,0,0,0,0,0,0,0
2024,1238010,3575,Hatayspor,41953,Rui Pedro,85,14,M,6.3,False,False,0,0,0,0,0,0,0,38,1,33,0,0,0,8,4,4,2,0,2,0,1,0,0,0,0,0,0
2024,1238010,3575,Hatayspor,28630,Funsho Bamgboye,78,7,M,5.5,False,False,0,1,0,0,0,0,0,13,0,8,0,0,0,16,2,5,0,2,1,2,0,0,0,0,0,0,0
2024,1238010,3575,Hatayspor,386,Vincent Aboubakar,90,9,F,6.2,False,False,0,1,0,0,0,0,0,35,0,28,0,0,0,15,4,3,1,0,1,2,1,0,0,0,0,0,0
2024,1238010,3575,Hatayspor,177988,Oguzhan Matur,12,31,D,5.3,False,True,0,0,0,0,0,0,0,10,0,9,0,0,0,2,0,0,0,0,0,1,1,0,0,1,0,0,0
2024,1238010,3575,Hatayspor,63149,Selimcan Temel,13,16,M,6.3,False,True,0,0,0,0,0,0,0,6,0,4,2,0,0,3,2,0,0,0,0,0,0,0,0,0,0,0,0
2024,1238010,3575,Hatayspor,55867,Visar Bekaj,0,12,G,,False,True,0,0,0,0,0,0,0,0,0,,0,0,0,0,0,0,0,0,0,0,0,0,0,0,0,0,0
2024,1238010,3575,Hatayspor,442300,Demir Sarıcalı,0,34,G,,False,True,0,0,0,0,0,0,0,0,0,,0,0,0,0,0,0,0,0,0,0,0,0,0,0,0,0,0
2024,1238010,3575,Hatayspor,325888,Ali Yildiz,0,25,F,,False,True,0,0,0,0,0,0,0,0,0,,0,0,0,0,0,0,0,0,0,0,0,0,0,0,0,0,0
2024,1238010,3575,Hatayspor,504064,İsmai̇l Zobu,0,93,M,,False,True,0,0,0,0,0,0,0,0,0,,0,0,0,0,0,0,0,0,0,0,0,0,0,0,0,0,0
2024,1238010,3575,Hatayspor,505018,Deniz Aksoy,0,94,M,,False,True,0,0,0,0,0,0,0,0,0,,0,0,0,0,0,0,0,0,0,0,0,0,0,0,0,0,0
2024,1238135,611,Fenerbahce,1305,Dominik Livaković,90,40,G,6,False,False,0,0,0,0,3,0,1,14,0,11,0,0,0,0,0,0,0,0,0,0,0,0,0,0,0,0,0
2024,1238135,611,Fenerbahce,19588,Bright Osayi-Samuel,90,21,D,6.9,False,False,0,0,0,0,0,0,0,65,2,61,1,0,1,3,2,0,0,0,1,0,0,0,0,0,0,0,0
2024,1238135,611,Fenerbahce,21090,Diego Carlos,54,33,D,6.7,False,False,0,0,0,0,0,0,0,50,0,43,1,0,2,3,2,0,0,0,0,1,0,0,0,0,0,0,0
2024,1238135,611,Fenerbahce,198,Milan Škriniar,90,37,D,6,False,False,0,2,0,0,0,0,0,69,0,63,0,0,1,9,3,1,0,2,0,2,0,0,0,0,0,0,0
2024,1238135,611,Fenerbahce,1719,Mert Müldür,62,16,D,7,False,False,0,0,0,0,0,0,0,47,1,43,3,0,0,12,6,4,2,1,0,1,0,0,0,0,0,0,0
2024,1238135,611,Fenerbahce,905,Fred,90,13,M,7,False,False,0,1,0,0,0,0,0,103,1,87,3,0,1,7,5,0,0,1,2,0,1,0,0,0,0,0,0
2024,1238135,611,Fenerbahce,40403,Sebastian Szymański,62,53,M,6.3,False,False,0,0,0,0,0,0,0,20,4,12,1,0,0,9,2,4,1,1,0,1,0,0,0,0,0,0,0
2024,1238135,611,Fenerbahce,554,Dušan Tadić,81,10,M,7.5,True,False,0,0,0,0,0,0,0,38,3,36,0,0,0,1,0,0,0,0,0,0,0,0,0,0,0,0,0
2024,1238135,611,Fenerbahce,12724,Anderson Talisca,90,94,M,8.2,False,False,1,5,3,2,0,0,0,24,0,19,1,0,0,11,6,3,1,0,2,1,0,0,0,0,1,0,0
2024,1238135,611,Fenerbahce,22173,Allan Saint-Maximin,81,97,M,7.9,False,False,0,3,3,1,0,0,0,30,2,25,0,0,0,17,7,12,5,1,2,0,0,0,0,0,0,0,0
2024,1238135,611,Fenerbahce,47422,Youssef En-Nesyri,90,19,F,7.2,False,False,1,5,1,0,0,0,0,15,1,10,0,0,0,9,6,0,0,0,1,1,0,0,0,0,0,0,0
2024,1238135,611,Fenerbahce,790,Edin Džeko,36,9,F,7,False,True,0,0,0,0,0,0,0,18,0,15,0,0,0,7,4,2,2,0,1,1,0,0,0,0,0,0,0
2024,1238135,611,Fenerbahce,134590,Oğuz Aydın,28,70,F,6.6,False,True,0,1,0,0,0,0,0,22,0,17,0,0,0,2,0,0,0,0,0,0,0,0,0,0,0,0,0
2024,1238135,611,Fenerbahce,1821,Filip Kostić,28,18,M,7,False,True,0,0,0,0,0,0,0,6,2,5,1,0,0,4,2,0,0,0,1,2,0,0,0,0,0,0,0
2024,1238135,611,Fenerbahce,18776,Çağlar Söyüncü,9,4,D,6.5,False,True,0,1,0,0,0,0,0,3,0,2,0,0,0,0,0,0,0,0,0,0,0,0,0,0,0,0,0
2024,1238135,611,Fenerbahce,214463,İsmail Yüksek,9,5,M,6.9,False,True,0,0,0,0,0,0,0,8,0,7,2,0,0,3,3,0,0,0,0,0,0,0,0,0,0,0,0
2024,1238135,611,Fenerbahce,62137,İrfan Can Eğribayat,0,1,G,,False,True,0,0,0,0,0,0,0,0,0,,0,0,0,0,0,0,0,0,0,0,0,0,0,0,0,0,0
2024,1238135,611,Fenerbahce,412703,Yusuf Akçiçek,0,95,D,,False,True,0,0,0,0,0,0,0,0,0,,0,0,0,0,0,0,0,0,0,0,0,0,0,0,0,0,0
2024,1238135,611,Fenerbahce,127609,Levent Mercan,0,22,D,,False,True,0,0,0,0,0,0,0,0,0,,0,0,0,0,0,0,0,0,0,0,0,0,0,0,0,0,0
2024,1238135,611,Fenerbahce,49857,İrfan Can Kahveci,0,17,M,,False,True,0,0,0,0,0,0,0,0,0,,0,0,0,0,0,0,0,0,0,0,0,0,0,0,0,0,0
2024,1238135,611,Fenerbahce,18768,Cenk Tosun,0,23,F,,False,True,0,0,0,0,0,0,0,0,0,,0,0,0,0,0,0,0,0,0,0,0,0,0,0,0,0,0
2024,1238135,1001,Kayserispor,37111,Bilal Bayazit,90,25,G,6.9,False,False,0,0,0,0,3,0,4,34,0,17,0,0,0,2,2,0,0,0,0,0,0,0,0,0,0,0,0
2024,1238135,1001,Kayserispor,62158,Gökhan Sazdağı,90,11,D,8.2,True,False,0,0,0,0,0,2,0,29,3,23,7,0,7,19,11,4,3,4,0,3,0,0,0,1,0,0,0
2024,1238135,1001,Kayserispor,49838,Joseph Attamah,90,3,D,7.2,False,False,0,0,0,0,0,0,0,18,0,14,3,3,1,9,6,0,0,1,1,0,0,0,0,0,0,0,0
2024,1238135,1001,Kayserispor,19347,Julian Jeanvier,90,17,D,6.6,False,False,2,0,0,0,0,0,0,7,0,7,3,2,2,4,3,0,0,0,0,1,0,0,0,0,0,0,0
2024,1238135,1001,Kayserispor,22245,Lionel Carole,90,23,D,7.2,False,False,0,0,0,0,0,0,0,14,0,12,1,2,4,7,5,0,0,0,1,0,0,0,0,0,0,0,0
2024,1238135,1001,Kayserispor,50125,Nurettin Korkmaz,76,77,D,6.5,False,False,0,1,0,0,0,0,0,5,0,2,1,0,0,4,2,1,0,0,1,0,0,0,0,0,0,0,0
2024,1238135,1001,Kayserispor,62419,Ramazan Civelek,90,28,M,6.5,False,False,1,1,1,1,0,0,0,26,0,17,0,0,0,12,4,3,0,3,4,0,1,0,0,0,0,0,0
2024,1238135,1001,Kayserispor,371932,Baran Ali Gezek,89,26,M,6.3,False,False,0,0,0,0,0,0,0,14,0,10,2,0,1,9,3,0,0,2,1,1,0,0,0,0,0,0,0
2024,1238135,1001,Kayserispor,29770,Ali Karimi,90,6,M,6.3,False,False,0,0,0,0,0,0,0,26,0,17,3,1,0,11,4,1,0,0,0,4,1,0,0,0,0,0,0
2024,1238135,1001,Kayserispor,24860,Carlos Mané,90,20,M,6.2,False,False,1,0,0,0,0,0,0,16,0,12,0,0,0,5,2,0,0,0,0,1,0,0,0,0,0,0,0
2024,1238135,1001,Kayserispor,45020,Duckens Nazon,81,9,F,6.9,False,False,0,1,1,0,0,0,0,18,0,10,0,0,0,10,6,5,3,1,1,1,0,0,0,0,0,0,0
2024,1238135,1001,Kayserispor,497533,Kayra Cihan,14,29,D,6.5,False,True,0,0,0,0,0,0,0,5,0,5,0,0,0,1,1,0,0,0,0,0,0,0,0,0,0,0,0
2024,1238135,1001,Kayserispor,180756,Talha Sariarslan,9,99,F,7.2,False,True,0,1,1,1,0,0,0,2,0,2,0,0,0,2,0,0,0,0,0,0,0,0,0,0,0,0,0
2024,1238135,1001,Kayserispor,182275,Mehmet Eray Özbek,1,16,M,,False,True,0,0,0,0,0,0,0,4,0,4,0,0,0,2,0,0,0,0,0,0,0,0,0,0,0,0,0
2024,1238135,1001,Kayserispor,134492,Onurcan Piri,0,1,G,,False,True,0,0,0,0,0,0,0,0,0,,0,0,0,0,0,0,0,0,0,0,0,0,0,0,0,0,0
2024,1238135,1001,Kayserispor,519294,Korkmazcan Dernek,0,2,D,,False,True,0,0,0,0,0,0,0,0,0,,0,0,0,0,0,0,0,0,0,0,0,0,0,0,0,0,0
2024,1238135,1001,Kayserispor,468474,Batuhan Özgan,0,35,D,,False,True,0,0,0,0,0,0,0,0,0,,0,0,0,0,0,0,0,0,0,0,0,0,0,0,0,0,0
2024,1238135,1001,Kayserispor,143825,Anthony Uzodimma,0,19,M,,False,True,0,0,0,0,0,0,0,0,0,,0,0,0,0,0,0,0,0,0,0,0,0,0,0,0,0,0
2024,1238135,1001,Kayserispor,497535,Necip Özer,0,14,M,,False,True,0,0,0,0,0,0,0,0,0,,0,0,0,0,0,0,0,0,0,0,0,0,0,0,0,0,0
2024,1238135,1001,Kayserispor,497539,Burak Arslan,0,34,M,,False,True,0,0,0,0,0,0,0,0,0,,0,0,0,0,0,0,0,0,0,0,0,0,0,0,0,0,0
2024,1238135,1001,Kayserispor,507614,Alperen Oztas,0,88,F,,False,True,0,0,0,0,0,0,0,0,0,,0,0,0,0,0,0,0,0,0,0,0,0,0,0,0,0,0
2024,1238160,564,Istanbul Basaksehir,50218,Muhammed Şengezer,90,16,G,6,False,False,0,0,0,0,4,0,3,44,0,30,0,0,0,0,0,0,0,0,0,0,0,0,0,0,0,0,0
2024,1238160,564,Istanbul Basaksehir,50018,Ömer Ali Şahiner,73,42,D,6.9,True,False,0,0,0,0,0,0,0,33,0,30,1,1,2,2,1,0,0,0,0,1,1,0,0,0,0,0,0
2024,1238160,564,Istanbul Basaksehir,10160,Léo Duarte,90,5,D,7.9,False,False,0,0,0,0,0,0,0,61,0,52,2,2,0,7,5,0,0,0,1,0,0,0,1,0,0,0,0
2024,1238160,564,Istanbul Basaksehir,137223,Jerome Opoku,90,3,D,6.7,False,False,0,0,0,0,0,0,0,42,1,39,1,1,1,8,6,1,1,0,1,1,0,0,0,0,0,0,0
2024,1238160,564,Istanbul Basaksehir,20836,Christopher Operi,90,21,D,7.2,False,False,0,0,0,0,0,0,0,40,2,35,3,1,4,10,6,0,0,1,3,1,0,0,0,0,0,0,0
2024,1238160,564,Istanbul Basaksehir,128968,Umut Güneş,59,20,M,6.3,False,False,0,0,0,0,0,0,0,33,0,29,1,0,0,3,1,1,0,0,0,1,0,0,0,0,0,0,0
2024,1238160,564,Istanbul Basaksehir,1921,Yusuf Sarı,79,26,M,6.3,False,False,0,0,0,0,0,0,0,23,2,19,0,0,0,5,1,3,1,0,0,0,0,0,0,0,0,0,0
2024,1238160,564,Istanbul Basaksehir,41973,Miguel Crespo,90,13,M,6.6,False,False,0,0,0,0,0,0,0,36,2,31,3,0,3,16,8,7,2,1,1,0,0,0,0,0,0,0,0
2024,1238160,564,Istanbul Basaksehir,85205,Olivier Kemen,73,8,M,6.9,False,False,0,1,0,0,0,0,0,27,0,20,1,1,1,6,4,1,1,1,1,1,0,0,0,0,0,0,0
2024,1238160,564,Istanbul Basaksehir,14602,Ivan Brnić,59,77,M,6.9,False,False,0,1,1,0,0,0,0,13,2,10,0,0,0,5,1,2,0,0,1,0,0,0,0,0,0,0,0
2024,1238160,564,Istanbul Basaksehir,1651,Krzysztof Piątek,90,9,F,6.5,False,False,0,4,4,0,0,0,0,16,1,11,1,0,0,12,8,1,1,1,3,2,0,0,0,0,0,1,0
2024,1238160,564,Istanbul Basaksehir,61820,Berat Ayberk Özdemir,31,2,M,6.9,False,True,0,0,0,0,0,0,0,34,1,31,0,1,1,2,2,1,1,0,1,0,0,0,0,0,0,0,0
2024,1238160,564,Istanbul Basaksehir,69942,João Figueiredo,31,25,F,6.9,False,True,0,1,0,0,0,0,0,19,0,15,2,0,0,5,3,0,0,0,1,2,0,0,0,0,0,0,0
2024,1238160,564,Istanbul Basaksehir,161638,Festy Ebosele,17,36,D,6.5,False,True,0,0,0,0,0,0,0,8,0,5,1,0,0,5,4,3,2,0,1,0,0,0,0,0,0,0,0
2024,1238160,564,Istanbul Basaksehir,207236,Ömer Faruk Beyaz,17,17,M,7.5,False,True,0,1,1,1,0,0,0,12,0,8,3,0,1,4,3,0,0,0,0,0,0,0,0,0,0,0,0
2024,1238160,564,Istanbul Basaksehir,50126,Deniz Türüç,11,23,M,6.7,False,True,0,0,0,0,0,0,0,4,1,2,0,0,0,1,1,0,0,0,1,0,0,0,0,0,0,0,0
2024,1238160,564,Istanbul Basaksehir,278162,Deniz Dilmen,0,98,G,,False,True,0,0,0,0,0,0,0,0,0,,0,0,0,0,0,0,0,0,0,0,0,0,0,0,0,0,0
2024,1238160,564,Istanbul Basaksehir,443739,Hamza Güreler,0,15,D,,False,True,0,0,0,0,0,0,0,0,0,,0,0,0,0,0,0,0,0,0,0,0,0,0,0,0,0,0
2024,1238160,564,Istanbul Basaksehir,20968,Ousseynou Ba,0,27,D,,False,True,0,0,0,0,0,0,0,0,0,,0,0,0,0,0,0,0,0,0,0,0,0,0,0,0,0,0
2024,1238160,564,Istanbul Basaksehir,50180,Serdar Gürler,0,7,M,,False,True,0,0,0,0,0,0,0,0,0,,0,0,0,0,0,0,0,0,0,0,0,0,0,0,0,0,0
2024,1238160,564,Istanbul Basaksehir,21270,Philippe Keny,0,11,F,,False,True,0,0,0,0,0,0,0,0,0,,0,0,0,0,0,0,0,0,0,0,0,0,0,0,0,0,0
2024,1238160,611,Fenerbahce,1305,Dominik Livaković,90,40,G,8.2,False,False,0,0,0,0,1,0,5,21,0,11,0,0,0,1,1,0,0,0,0,0,0,0,0,0,0,0,1
2024,1238160,611,Fenerbahce,1719,Mert Müldür,90,16,D,7.6,False,False,0,1,1,1,0,0,0,46,0,43,2,1,2,6,3,0,0,0,0,2,0,0,0,0,0,0,0
2024,1238160,611,Fenerbahce,21090,Diego Carlos,45,33,D,6.3,False,False,0,0,0,0,0,0,0,27,0,24,0,0,0,4,0,0,0,0,0,2,1,0,0,0,0,0,0
2024,1238160,611,Fenerbahce,198,Milan Škriniar,90,37,D,8.5,False,False,0,1,1,1,0,0,0,50,0,43,2,4,1,8,4,2,1,0,0,1,0,0,0,0,0,0,0
2024,1238160,611,Fenerbahce,1821,Filip Kostić,90,18,D,7.3,False,False,0,0,0,0,0,1,0,51,1,39,4,0,2,9,5,2,1,1,0,1,0,0,0,0,0,0,0
2024,1238160,611,Fenerbahce,214463,İsmail Yüksek,85,5,M,6.9,False,False,0,0,0,0,0,1,0,24,2,20,1,0,0,6,1,0,0,3,0,2,1,0,0,0,0,0,0
2024,1238160,611,Fenerbahce,74,Sofyan Amrabat,90,34,M,6.2,False,False,0,0,0,0,0,0,0,63,0,57,0,0,0,6,1,1,0,1,1,1,1,0,0,1,0,0,0
2024,1238160,611,Fenerbahce,905,Fred,79,13,M,7.3,False,False,0,0,0,0,0,0,0,37,3,33,6,1,1,14,8,2,1,2,1,2,0,0,0,0,0,0,0
2024,1238160,611,Fenerbahce,12724,Anderson Talisca,85,94,F,7,False,False,0,2,2,0,0,0,0,18,2,15,0,0,1,7,2,0,0,0,2,4,1,0,0,0,0,0,0
2024,1238160,611,Fenerbahce,790,Edin Džeko,71,9,F,6.6,True,False,2,4,0,0,0,0,0,17,1,13,0,0,0,7,3,2,1,1,0,0,0,0,0,0,0,0,0
2024,1238160,611,Fenerbahce,554,Dušan Tadić,90,10,F,7.2,False,False,1,1,0,0,0,0,0,48,2,39,1,0,1,9,3,2,0,0,1,1,0,0,0,0,0,0,0
2024,1238160,611,Fenerbahce,19588,Bright Osayi-Samuel,45,21,D,6.9,False,True,0,0,0,0,0,0,0,19,1,17,1,0,0,4,3,0,0,0,2,0,0,0,0,0,0,0,0
2024,1238160,611,Fenerbahce,47422,Youssef En-Nesyri,19,19,F,7.2,False,True,0,3,3,1,0,0,0,5,0,4,0,0,0,4,3,0,0,0,1,0,0,0,0,0,0,0,0
2024,1238160,611,Fenerbahce,40403,Sebastian Szymański,11,53,M,6.2,False,True,0,0,0,0,0,0,0,5,1,5,0,0,1,5,0,2,0,1,0,0,0,0,0,0,0,0,0
2024,1238160,611,Fenerbahce,134590,Oğuz Aydın,11,70,F,7.7,False,True,0,2,2,1,0,0,0,2,0,2,0,0,0,0,0,0,0,0,0,0,0,0,0,0,0,0,0
2024,1238160,611,Fenerbahce,49857,İrfan Can Kahveci,11,17,M,7.2,False,True,0,0,0,0,0,1,0,8,1,8,0,0,1,1,0,1,0,0,0,0,0,0,0,0,0,0,0
2024,1238160,611,Fenerbahce,62137,İrfan Can Eğribayat,0,1,G,,False,True,0,0,0,0,0,0,0,0,0,,0,0,0,0,0,0,0,0,0,0,0,0,0,0,0,0,0
2024,1238160,611,Fenerbahce,412703,Yusuf Akçiçek,0,95,D,,False,True,0,0,0,0,0,0,0,0,0,,0,0,0,0,0,0,0,0,0,0,0,0,0,0,0,0,0
2024,1238160,611,Fenerbahce,127609,Levent Mercan,0,22,D,,False,True,0,0,0,0,0,0,0,0,0,,0,0,0,0,0,0,0,0,0,0,0,0,0,0,0,0,0
2024,1238160,611,Fenerbahce,50221,Burak Kapacak,0,7,M,,False,True,0,0,0,0,0,0,0,0,0,,0,0,0,0,0,0,0,0,0,0,0,0,0,0,0,0,0
2024,1238160,611,Fenerbahce,18768,Cenk Tosun,0,23,F,,False,True,0,0,0,0,0,0,0,0,0,,0,0,0,0,0,0,0,0,0,0,0,0,0,0,0,0,0
2024,1237956,611,Fenerbahce,1305,Dominik Livaković,90,40,G,7.2,False,False,0,0,0,0,0,0,1,15,0,13,0,0,0,0,0,0,0,0,0,0,0,0,0,0,0,0,0
2024,1237956,611,Fenerbahce,19588,Bright Osayi-Samuel,90,21,D,7.7,False,False,0,0,0,0,0,0,0,42,1,39,0,0,2,6,3,2,1,0,2,2,0,0,0,0,0,0,0
2024,1237956,611,Fenerbahce,62490,Samet Akaydın,90,3,D,7.6,False,False,0,1,1,1,0,0,0,53,0,46,0,2,1,16,4,0,0,0,0,5,1,0,0,0,0,0,0
2024,1237956,611,Fenerbahce,18776,Çağlar Söyüncü,12,4,D,6.3,False,False,0,0,0,0,0,0,0,6,0,5,0,0,0,3,1,0,0,0,1,0,0,0,0,0,0,0,0
2024,1237956,611,Fenerbahce,1821,Filip Kostić,90,18,D,7.5,False,False,0,2,0,0,0,0,0,38,0,26,4,0,1,8,7,0,0,0,1,1,0,0,0,0,0,0,0
2024,1237956,611,Fenerbahce,50097,Mert Hakan Yandaş,71,8,M,8.3,False,False,0,2,1,0,0,1,0,34,3,27,2,0,0,13,7,5,3,2,1,0,0,0,0,0,0,0,0
2024,1237956,611,Fenerbahce,74,Sofyan Amrabat,88,34,M,7.6,False,False,0,2,1,1,0,0,0,71,2,64,2,0,0,11,4,1,0,0,2,1,0,0,0,0,0,0,0
2024,1237956,611,Fenerbahce,554,Dušan Tadić,90,10,M,8,True,False,0,3,1,1,0,0,0,41,4,34,0,0,1,4,2,2,1,0,1,0,0,0,0,0,1,0,0
2024,1237956,611,Fenerbahce,40403,Sebastian Szymański,90,53,M,7,False,False,0,1,0,0,0,1,0,25,4,21,1,0,0,10,4,3,1,1,1,1,0,0,0,0,0,0,0
2024,1237956,611,Fenerbahce,22173,Allan Saint-Maximin,90,97,M,9.2,False,False,1,4,3,1,0,0,0,31,0,24,7,0,0,13,12,4,4,0,1,0,0,0,0,0,0,0,0
2024,1237956,611,Fenerbahce,47422,Youssef En-Nesyri,71,19,F,7.5,False,False,1,3,0,0,0,0,0,11,1,7,2,0,0,11,7,0,0,0,1,0,0,0,1,0,0,0,0
2024,1237956,611,Fenerbahce,21633,Alexander Djiku,76,6,D,6.9,False,True,0,1,0,0,0,0,0,48,0,43,0,0,2,8,3,0,0,0,0,1,0,0,0,0,0,0,0
2024,1237956,611,Fenerbahce,905,Fred,19,13,M,6.9,False,True,0,1,1,0,0,0,0,14,0,12,1,0,0,2,1,0,0,0,0,0,0,0,0,0,0,0,0
2024,1237956,611,Fenerbahce,790,Edin Džeko,19,9,F,7.2,False,True,0,0,0,0,0,0,0,5,2,4,1,0,0,4,3,0,0,0,2,0,0,0,0,0,0,0,0
2024,1237956,611,Fenerbahce,829,Rodrigo Becão,8,50,D,6.3,False,True,0,0,0,0,0,0,0,5,0,5,0,0,0,0,0,0,0,0,0,0,0,0,0,0,0,0,0
2024,1237956,611,Fenerbahce,162004,Bartuğ Elmaz,8,28,M,6.6,False,True,0,0,0,0,0,0,0,8,0,8,1,0,0,1,1,0,0,0,0,0,0,0,0,0,0,0,0
2024,1237956,611,Fenerbahce,62137,İrfan Can Eğribayat,0,1,G,,False,True,0,0,0,0,0,0,0,0,0,,0,0,0,0,0,0,0,0,0,0,0,0,0,0,0,0,0
2024,1237956,611,Fenerbahce,1719,Mert Müldür,0,16,D,,False,True,0,0,0,0,0,0,0,0,0,,0,0,0,0,0,0,0,0,0,0,0,0,0,0,0,0,0
2024,1237956,611,Fenerbahce,214463,İsmail Yüksek,0,5,M,,False,True,0,0,0,0,0,0,0,0,0,,0,0,0,0,0,0,0,0,0,0,0,0,0,0,0,0,0
2024,1237956,611,Fenerbahce,134590,Oğuz Aydın,0,70,F,,False,True,0,0,0,0,0,0,0,0,0,,0,0,0,0,0,0,0,0,0,0,0,0,0,0,0,0,0
2024,1237956,611,Fenerbahce,18768,Cenk Tosun,0,23,F,,False,True,0,0,0,0,0,0,0,0,0,,0,0,0,0,0,0,0,0,0,0,0,0,0,0,0,0,0
2024,1237956,1002,Sivasspor,48653,Đorđe Nikolić,90,13,G,6.3,False,False,0,0,0,0,4,0,3,39,0,28,0,0,0,2,1,0,0,0,0,1,1,0,0,1,0,0,0
2024,1237956,1002,Sivasspor,61870,Murat Paluli,90,7,D,6,False,False,0,0,0,0,0,0,0,20,1,19,2,0,0,10,3,1,0,2,1,1,0,0,0,0,0,0,0
2024,1237956,1002,Sivasspor,66013,Uroš Radaković,90,26,D,7.3,False,False,0,2,0,0,0,0,0,41,0,36,1,2,1,7,5,1,1,0,0,1,0,0,0,0,0,0,0
2024,1237956,1002,Sivasspor,48091,Noah Sonko Sundberg,90,27,D,6.2,False,False,0,0,0,0,0,0,0,44,0,37,1,2,3,10,4,0,0,0,0,2,1,0,0,0,0,0,0
2024,1237956,1002,Sivasspor,103550,Azizbek Turgunboev,62,90,D,6.3,False,False,0,0,0,0,0,0,0,22,1,20,0,0,1,3,0,0,0,3,0,0,0,0,0,0,0,0,0
2024,1237956,1002,Sivasspor,26741,Achilleas Poungouras,78,44,M,6.2,False,False,0,0,0,0,0,0,0,37,0,35,1,1,0,6,1,1,0,1,0,2,1,0,0,0,0,0,0
2024,1237956,1002,Sivasspor,213,Keita Baldé,62,77,M,6.3,False,False,0,0,0,0,0,0,0,11,1,10,1,0,0,10,3,2,0,0,2,1,1,0,0,0,0,0,0
2024,1237956,1002,Sivasspor,21101,Samuel Moutoussamy,89,12,M,6.5,False,False,0,1,1,0,0,0,0,27,1,20,2,0,0,11,5,1,0,0,0,2,0,0,0,0,0,0,0
2024,1237956,1002,Sivasspor,8532,Charis Charisis,90,8,M,6,False,False,0,1,0,0,0,0,0,29,0,21,2,0,0,11,3,0,0,3,1,2,1,0,0,0,0,0,0
2024,1237956,1002,Sivasspor,44612,Garry Rodrigues,78,24,M,6.9,False,False,0,0,0,0,0,0,0,20,0,16,2,0,1,9,5,1,1,0,2,2,0,0,0,0,0,0,0
2024,1237956,1002,Sivasspor,50074,Bengali-Fodé Koita,90,55,F,7.3,True,False,2,0,0,0,0,0,0,36,1,25,1,0,0,25,17,1,1,0,5,1,1,0,0,0,0,0,0
2024,1237956,1002,Sivasspor,436324,Emirhan Basyigit,28,53,D,6.5,False,True,0,0,0,0,0,0,0,12,0,12,1,0,0,1,1,0,0,0,0,0,0,0,0,0,0,0,0
2024,1237956,1002,Sivasspor,87818,Queensy Menig,28,11,F,6.3,False,True,1,0,0,0,0,0,0,11,0,9,0,0,0,0,0,0,0,0,0,0,0,0,0,0,0,0,0
2024,1237956,1002,Sivasspor,40722,Jan Biegański,12,15,M,6.5,False,True,0,0,0,0,0,0,0,11,0,9,2,0,0,2,2,0,0,0,0,0,0,0,0,0,0,0,0
2024,1237956,1002,Sivasspor,50204,Emrah Başsan,12,17,M,6.3,False,True,0,0,0,0,0,0,0,5,0,3,1,0,0,3,1,1,0,1,0,0,0,0,0,0,0,0,0
2024,1237956,1002,Sivasspor,499052,Yilmaz Cin,1,16,M,,False,True,0,0,0,0,0,0,0,2,0,,0,0,0,0,0,0,0,0,0,0,0,0,0,0,0,0,0
2024,1237956,1002,Sivasspor,50078,Ali Şaşal Vural,0,35,G,,False,True,0,0,0,0,0,0,0,0,0,,0,0,0,0,0,0,0,0,0,0,0,0,0,0,0,0,0
2024,1237956,1002,Sivasspor,20686,Samba Camara,0,14,D,,False,True,0,0,0,0,0,0,0,0,0,,0,0,0,0,0,0,0,0,0,0,0,0,0,0,0,0,0
2024,1237956,1002,Sivasspor,50083,Ziya Erdal,0,58,D,,False,True,0,0,0,0,0,0,0,0,0,,0,0,0,0,0,0,0,0,0,0,0,0,0,0,0,0,0
2024,1237956,1002,Sivasspor,197114,Turac Böke,0,46,F,,False,True,0,0,0,0,0,0,0,0,0,,0,0,0,0,0,0,0,0,0,0,0,0,0,0,0,0,0
2024,1237956,1002,Sivasspor,454288,Oguzhan Aksoy,0,25,F,,False,True,0,0,0,0,0,0,0,0,0,,0,0,0,0,0,0,0,0,0,0,0,0,0,0,0,0,0
2024,1237874,1007,Rizespor,50020,Gökhan Akkan,90,23,G,5.9,True,False,0,0,0,0,5,0,4,37,0,24,0,0,0,0,0,0,0,0,0,0,0,0,0,0,0,0,0
2024,1237874,1007,Rizespor,151971,Muhammet Taha Şahin,67,37,D,5.9,False,False,0,0,0,0,0,0,0,26,1,20,0,0,1,9,5,1,1,1,3,2,1,0,0,0,0,0,0
2024,1237874,1007,Rizespor,2335,Attila Mocsi,90,4,D,6.2,False,False,0,0,0,0,0,0,0,61,1,51,0,0,2,2,1,0,0,0,0,1,0,0,0,0,0,0,0
2024,1237874,1007,Rizespor,73509,Husniddin Alikulov,90,2,D,6.3,False,False,0,2,1,0,0,0,0,63,1,54,2,3,0,7,3,0,0,0,0,2,1,0,0,0,0,0,0
2024,1237874,1007,Rizespor,61812,Halil Ibrahim Pehlivan,79,3,D,6.5,False,False,0,0,0,0,0,0,0,38,1,32,2,0,0,6,4,1,1,0,1,0,0,0,0,0,0,0,0
2024,1237874,1007,Rizespor,180644,Ibrahim Olawoyin,90,10,M,6.5,False,False,0,2,1,0,0,0,0,33,1,27,0,0,1,7,3,1,0,0,3,2,0,0,0,0,0,0,0
2024,1237874,1007,Rizespor,27039,Giannis Papanikolaou,61,6,M,6.7,False,False,0,0,0,0,0,0,0,40,2,35,1,0,0,2,1,0,0,0,0,1,0,0,0,0,0,0,0
2024,1237874,1007,Rizespor,1186,Babajide David Akintola,90,28,M,6.2,False,False,0,1,0,0,0,0,0,20,1,15,1,0,0,12,6,0,0,0,4,3,1,0,0,0,0,0,0
2024,1237874,1007,Rizespor,138833,Dal Varešanović,67,8,M,6.3,False,False,0,2,1,0,0,0,0,19,0,17,0,0,0,6,2,0,0,1,2,1,0,0,0,0,0,0,0
2024,1237874,1007,Rizespor,127164,Altin Zeqiri,61,77,M,6.2,False,False,0,0,0,0,0,0,0,14,0,13,2,0,0,6,2,1,0,0,0,0,0,0,0,0,0,0,0
2024,1237874,1007,Rizespor,11012,Ali Sowe,90,9,F,6.2,False,False,0,0,0,0,0,0,0,16,0,10,0,0,0,15,6,1,0,0,4,0,0,0,0,0,0,0,0
2024,1237874,1007,Rizespor,50006,Amir Hadžiahmetović,29,20,M,6.2,False,True,0,0,0,0,0,0,0,26,0,23,1,0,0,3,1,1,0,0,0,0,0,0,0,0,0,0,0
2024,1237874,1007,Rizespor,11116,Martin Minchev,29,90,F,6.5,False,True,0,0,0,0,0,0,0,11,0,9,1,0,0,4,1,0,0,1,0,1,0,0,0,0,0,0,0
2024,1237874,1007,Rizespor,338502,Eray Korkmaz,23,27,D,6.9,False,True,0,0,0,0,0,0,0,6,0,5,2,0,0,3,3,0,0,0,1,0,0,0,0,0,0,0,0
2024,1237874,1007,Rizespor,137430,Seyfettin Anil Yasar,23,16,D,6.7,False,True,0,0,0,0,0,0,0,11,0,11,0,0,0,0,0,0,0,0,0,0,0,0,0,0,0,0,0
2024,1237874,1007,Rizespor,151943,Mithat Pala,11,54,M,6.7,False,True,0,0,0,0,0,0,0,7,0,6,0,0,0,1,1,0,0,0,1,0,0,0,0,0,0,0,0
2024,1237874,1007,Rizespor,62401,Tarik Çetin,0,1,G,,False,True,0,0,0,0,0,0,0,0,0,,0,0,0,0,0,0,0,0,0,0,0,0,0,0,0,0,0
2024,1237874,1007,Rizespor,394448,Habil Özbakir,0,95,D,,False,True,0,0,0,0,0,0,0,0,0,,0,0,0,0,0,0,0,0,0,0,0,0,0,0,0,0,0
2024,1237874,1007,Rizespor,329377,Muhamed Buljubasic,0,18,M,,False,True,0,0,0,0,0,0,0,0,0,,0,0,0,0,0,0,0,0,0,0,0,0,0,0,0,0,0
2024,1237874,1007,Rizespor,104855,Óscar Pinchi,0,21,M,,False,True,0,0,0,0,0,0,0,0,0,,0,0,0,0,0,0,0,0,0,0,0,0,0,0,0,0,0
2024,1237874,1007,Rizespor,383860,Emrecan Bulut,0,17,F,,False,True,0,0,0,0,0,0,0,0,0,,0,0,0,0,0,0,0,0,0,0,0,0,0,0,0,0,0
2024,1237874,611,Fenerbahce,1305,Dominik Livaković,90,40,G,7.3,False,False,0,0,0,0,0,0,3,27,0,23,0,0,0,0,0,0,0,0,0,0,0,0,0,0,0,0,0
2024,1237874,611,Fenerbahce,1719,Mert Müldür,90,16,D,7.3,False,False,0,0,0,0,0,1,0,37,1,34,0,0,0,2,1,0,0,0,0,0,0,0,0,0,0,0,0
2024,1237874,611,Fenerbahce,18776,Çağlar Söyüncü,70,2,D,6.9,False,False,0,0,0,0,0,0,0,26,0,20,1,0,3,10,7,1,1,0,0,2,1,0,0,0,0,0,0
2024,1237874,611,Fenerbahce,21633,Alexander Djiku,90,6,D,7.2,False,False,0,2,0,0,0,0,0,55,0,51,0,1,2,9,2,0,0,0,0,5,0,0,0,0,0,0,0
2024,1237874,611,Fenerbahce,272721,Jayden Oosterwolde,90,24,D,7.2,False,False,0,1,1,0,0,0,0,34,1,26,1,1,1,9,4,0,0,0,1,4,0,0,0,0,0,0,0
2024,1237874,611,Fenerbahce,905,Fred,81,13,M,9.3,False,False,0,3,3,3,0,0,0,42,1,34,0,0,2,3,0,1,0,0,0,0,1,0,0,0,0,0,0
2024,1237874,611,Fenerbahce,214463,İsmail Yüksek,90,5,M,7.9,False,False,0,1,0,0,0,0,0,70,1,64,7,0,2,10,8,1,1,0,0,2,0,0,0,0,0,0,0
2024,1237874,611,Fenerbahce,554,Dušan Tadić,78,10,M,8.2,False,False,0,0,0,0,0,1,0,31,5,25,1,0,0,2,1,0,0,0,0,0,0,0,0,0,0,0,0
2024,1237874,611,Fenerbahce,40403,Sebastian Szymański,90,53,M,7.3,False,False,0,1,0,0,0,0,0,31,1,24,1,0,2,9,4,1,0,1,3,2,0,0,0,0,0,0,0
2024,1237874,611,Fenerbahce,22173,Allan Saint-Maximin,70,97,M,7.9,False,False,0,2,0,0,0,1,0,20,2,16,2,0,0,9,6,1,1,1,3,1,0,0,0,0,0,0,0
2024,1237874,611,Fenerbahce,790,Edin Džeko,70,9,F,7,True,False,0,4,3,1,0,0,0,19,0,13,1,0,0,8,6,0,0,0,3,1,0,0,0,0,0,0,0
2024,1237874,611,Fenerbahce,829,Rodrigo Becão,20,50,D,6.7,False,True,0,0,0,0,0,0,0,20,0,19,0,0,0,2,1,0,0,0,0,1,0,0,0,0,0,0,0
2024,1237874,611,Fenerbahce,49857,İrfan Can Kahveci,20,17,M,6.9,False,True,0,0,0,0,0,0,0,17,1,16,1,0,1,2,1,1,0,0,0,0,0,0,0,0,0,0,0
2024,1237874,611,Fenerbahce,47422,Youssef En-Nesyri,20,19,F,6.9,False,True,0,2,1,0,0,0,0,10,0,6,0,0,0,4,1,0,0,0,0,0,0,0,0,0,0,0,0
2024,1237874,611,Fenerbahce,785,Cengiz Ünder,12,20,F,6.7,False,True,0,0,0,0,0,0,0,9,0,9,0,0,0,2,0,0,0,0,0,1,0,0,0,0,0,0,0
2024,1237874,611,Fenerbahce,127609,Münir Levent Mercan,9,22,D,6.9,False,True,0,0,0,0,0,0,0,6,0,6,2,0,1,2,2,0,0,0,0,0,0,0,0,0,0,0,0
2024,1237874,611,Fenerbahce,62137,İrfan Can Eğribayat,0,1,G,,False,True,0,0,0,0,0,0,0,0,0,,0,0,0,0,0,0,0,0,0,0,0,0,0,0,0,0,0
2024,1237874,611,Fenerbahce,62490,Samet Akaydın,0,3,D,,False,True,0,0,0,0,0,0,0,0,0,,0,0,0,0,0,0,0,0,0,0,0,0,0,0,0,0,0
2024,1237874,611,Fenerbahce,134590,Oğuz Aydın,0,70,F,,False,True,0,0,0,0,0,0,0,0,0,,0,0,0,0,0,0,0,0,0,0,0,0,0,0,0,0,0
2024,1237874,611,Fenerbahce,162004,Bartuğ Elmaz,0,28,M,,False,True,0,0,0,0,0,0,0,0,0,,0,0,0,0,0,0,0,0,0,0,0,0,0,0,0,0,0
2024,1237874,611,Fenerbahce,18768,Cenk Tosun,0,23,F,,False,True,0,0,0,0,0,0,0,0,0,,0,0,0,0,0,0,0,0,0,0,0,0,0,0,0,0,0
2024,1238172,611,Fenerbahce,1305,Dominik Livaković,90,40,G,6.9,False,False,0,0,0,0,1,0,2,30,0,26,0,0,0,0,0,0,0,0,0,0,0,0,0,0,0,0,0
2024,1238172,611,Fenerbahce,1719,Mert Müldür,90,16,D,7.7,False,False,0,2,1,0,0,0,0,50,0,38,5,0,6,12,8,2,2,2,0,1,0,0,0,0,0,0,0
2024,1238172,611,Fenerbahce,198,Milan Škriniar,90,37,D,6.6,False,False,0,1,0,0,0,0,0,41,0,38,0,0,0,4,2,0,0,0,0,1,0,0,0,0,0,0,0
2024,1238172,611,Fenerbahce,21633,Alexander Djiku,90,6,D,6.5,False,False,0,0,0,0,0,0,0,54,0,48,1,0,1,4,2,0,0,2,0,0,0,0,0,0,0,0,0
2024,1238172,611,Fenerbahce,134590,Oğuz Aydın,70,70,M,7.3,False,False,0,2,1,0,0,0,0,20,1,14,4,0,0,7,4,0,0,1,0,1,0,0,0,0,0,0,0
2024,1238172,611,Fenerbahce,905,Fred,90,13,M,6.9,False,False,0,1,0,0,0,0,0,36,1,26,5,1,1,13,7,1,0,2,2,1,1,0,0,0,0,0,0
2024,1238172,611,Fenerbahce,40403,Sebastian Szymański,80,53,M,6.7,False,False,0,0,0,0,0,0,0,20,1,14,2,0,0,7,3,2,1,1,0,1,0,0,0,0,0,0,0
2024,1238172,611,Fenerbahce,1821,Filip Kostić,90,18,M,7.5,False,False,0,0,0,0,0,0,0,40,4,31,1,1,0,8,4,1,0,1,2,1,1,0,0,0,0,0,0
2024,1238172,611,Fenerbahce,554,Dušan Tadić,88,10,F,9.2,True,False,0,2,1,0,0,2,0,32,6,25,0,0,1,5,3,3,2,0,1,0,0,0,0,0,0,0,0
2024,1238172,611,Fenerbahce,12724,Anderson Talisca,88,94,F,7.3,False,False,0,3,2,0,0,0,0,21,1,16,0,0,0,5,4,3,3,0,1,1,0,0,0,0,0,0,0
2024,1238172,611,Fenerbahce,47422,Youssef En-Nesyri,70,19,F,7.3,False,False,0,3,1,1,0,0,0,5,1,5,1,0,0,9,3,1,0,0,1,0,0,0,0,0,0,0,0
2024,1238172,611,Fenerbahce,19588,Bright Osayi-Samuel,20,21,D,6.3,False,True,0,0,0,0,0,0,0,1,0,1,0,0,0,1,0,0,0,0,0,2,0,0,0,0,0,0,0
2024,1238172,611,Fenerbahce,790,Edin Džeko,20,9,F,6.9,False,True,0,2,1,1,0,0,0,5,0,1,0,0,0,1,1,0,0,0,0,0,0,0,0,0,0,0,0
2024,1238172,611,Fenerbahce,127609,Levent Mercan,10,22,D,6.5,False,True,0,0,0,0,0,0,0,2,0,1,1,0,0,2,2,0,0,0,1,0,0,0,0,0,0,0,0
2024,1238172,611,Fenerbahce,412703,Yusuf Akçiçek,10,95,D,6.2,False,True,0,0,0,0,0,0,0,0,0,,0,0,0,0,0,0,0,0,0,0,0,0,0,0,0,0,0
2024,1238172,611,Fenerbahce,50221,Burak Kapacak,10,7,M,6.3,False,True,0,0,0,0,0,0,0,2,0,2,0,0,0,1,0,1,0,0,0,0,0,0,0,0,0,0,0
2024,1238172,611,Fenerbahce,210244,Osman Ertuğrul Çetin,0,54,G,,False,True,0,0,0,0,0,0,0,0,0,,0,0,0,0,0,0,0,0,0,0,0,0,0,0,0,0,0
2024,1238172,611,Fenerbahce,62137,İrfan Can Eğribayat,0,1,G,,False,True,0,0,0,0,0,0,0,0,0,,0,0,0,0,0,0,0,0,0,0,0,0,0,0,0,0,0
2024,1238172,611,Fenerbahce,18776,Çağlar Söyüncü,0,4,D,,False,True,0,0,0,0,0,0,0,0,0,,0,0,0,0,0,0,0,0,0,0,0,0,0,0,0,0,0
2024,1238172,611,Fenerbahce,18768,Cenk Tosun,0,23,F,,False,True,0,0,0,0,0,0,0,0,0,,0,0,0,0,0,0,0,0,0,0,0,0,0,0,0,0,0
2024,1238172,3588,Eyüpspor,1337,Berke Özer,90,1,G,7.3,False,False,0,0,0,0,2,0,4,51,0,33,1,0,0,1,1,0,0,0,0,0,0,0,0,0,0,0,0
2024,1238172,3588,Eyüpspor,50176,Tayfur Bingöl,90,75,D,6.3,False,False,0,0,0,0,0,0,0,53,1,52,0,0,0,4,1,1,0,1,0,1,0,0,0,0,0,0,0
2024,1238172,3588,Eyüpspor,49917,Robin Yalçın,63,6,D,7.2,False,False,1,0,0,0,0,0,0,44,0,40,2,1,2,2,2,0,0,0,0,0,0,0,0,0,0,0,0
2024,1238172,3588,Eyüpspor,61809,Luccas Claro,90,4,D,7,True,False,0,1,0,0,0,0,0,69,0,67,1,1,2,10,6,0,0,1,1,1,0,0,0,0,0,0,0
2024,1238172,3588,Eyüpspor,50223,Umut Meraş,90,77,D,7.2,False,False,1,1,1,1,0,0,0,46,0,41,0,2,0,6,2,3,0,0,0,0,0,0,0,0,0,0,0
2024,1238172,3588,Eyüpspor,698,Taras Stepanenko,90,33,M,7,False,False,0,1,1,0,0,0,0,79,0,74,0,0,6,4,0,0,0,2,0,1,0,0,0,0,0,0,0
2024,1238172,3588,Eyüpspor,14565,Prince Ampem,90,40,M,7.9,False,False,0,2,0,0,0,0,0,53,1,49,0,1,2,10,6,3,3,1,2,1,0,0,0,0,0,0,0
2024,1238172,3588,Eyüpspor,47446,Emre Mor,63,66,M,7.3,False,False,0,0,0,0,0,0,0,34,2,32,0,1,1,5,2,4,2,0,0,0,1,0,0,0,0,0,0
2024,1238172,3588,Eyüpspor,50181,Yalçın Kayan,88,30,M,6.6,False,False,0,0,0,0,0,0,0,51,0,48,1,0,1,8,3,3,2,0,0,1,0,0,0,0,0,0,0
2024,1238172,3588,Eyüpspor,21447,Umut Bozok,90,19,M,7,False,False,0,0,0,0,0,0,0,37,2,36,0,0,0,13,6,6,2,1,4,1,0,0,0,0,0,0,0
2024,1238172,3588,Eyüpspor,50464,Mame Thiam,73,9,F,6.2,False,False,0,1,0,0,0,0,0,15,0,11,2,0,0,6,2,1,0,1,0,1,0,0,0,0,0,0,0
2024,1238172,3588,Eyüpspor,47457,Rúben Vezo,27,14,D,6.2,False,True,0,0,0,0,0,0,0,18,0,15,0,0,0,0,0,0,0,0,0,0,0,0,0,0,0,0,0
2024,1238172,3588,Eyüpspor,443,Emre Akbaba,27,8,M,7,False,True,0,1,1,0,0,0,0,12,0,9,1,0,1,5,3,0,0,1,1,1,0,0,0,0,0,0,0
2024,1238172,3588,Eyüpspor,1978,Caner Erkin,17,88,D,6.3,False,True,0,0,0,0,0,0,0,7,1,3,1,0,0,5,2,1,0,0,0,1,0,0,0,0,0,0,0
2024,1238172,3588,Eyüpspor,364378,Hamza Akman,10,81,M,6.3,False,True,0,0,0,0,0,0,0,2,0,2,0,0,0,0,0,0,0,0,0,0,0,0,0,0,0,0,0
2024,1238172,3588,Eyüpspor,62168,Cengiz Alp Köseer,0,26,G,,False,True,0,0,0,0,0,0,0,0,0,,0,0,0,0,0,0,0,0,0,0,0,0,0,0,0,0,0
2024,1238172,3588,Eyüpspor,62906,Muhammed Birkan Tetik,0,71,G,,False,True,0,0,0,0,0,0,0,0,0,,0,0,0,0,0,0,0,0,0,0,0,0,0,0,0,0,0
2024,1238172,3588,Eyüpspor,50174,Halil Akbunar,0,7,F,,False,True,0,0,0,0,0,0,0,0,0,,0,0,0,0,0,0,0,0,0,0,0,0,0,0,0,0,0
2024,1238172,3588,Eyüpspor,61847,Recep Niyaz,0,20,M,,False,True,0,0,0,0,0,0,0,0,0,,0,0,0,0,0,0,0,0,0,0,0,0,0,0,0,0,0
2024,1238172,3588,Eyüpspor,1985,Dorukhan Toköz,0,5,M,,False,True,0,0,0,0,0,0,0,0,0,,0,0,0,0,0,0,0,0,0,0,0,0,0,0,0,0,0
2024,1238172,3588,Eyüpspor,451830,Hüseyin Maldar,0,17,F,,False,True,0,0,0,0,0,0,0,0,0,,0,0,0,0,0,0,0,0,0,0,0,0,0,0,0,0,0
2024,1237998,3588,Eyüpspor,1337,Berke Özer,90,1,G,8.6,False,False,0,0,0,0,1,0,8,39,0,22,0,0,0,2,2,0,0,0,1,0,0,0,0,0,0,0,0
2024,1237998,3588,Eyüpspor,47457,Rúben Vezo,90,14,D,6.9,False,False,0,0,0,0,0,0,0,36,1,28,4,1,1,9,5,0,0,1,0,1,0,0,0,0,0,0,0
2024,1237998,3588,Eyüpspor,49917,Robin Yalçın,79,6,D,6.5,False,False,0,0,0,0,0,0,0,29,0,21,0,0,0,3,1,0,0,0,1,0,1,0,0,0,0,0,0
2024,1237998,3588,Eyüpspor,61809,Luccas Claro,90,4,D,6.7,False,False,0,0,0,0,0,0,0,25,0,15,1,0,2,10,6,0,0,0,0,1,0,0,0,0,0,0,0
2024,1237998,3588,Eyüpspor,1978,Caner Erkin,69,88,D,7,True,False,0,1,1,0,0,0,0,29,2,19,0,0,2,3,3,2,2,0,0,0,1,0,0,0,0,0,0
2024,1237998,3588,Eyüpspor,158431,Melih Kabasakal,90,57,M,6.3,False,False,0,0,0,0,0,0,0,32,0,27,3,0,1,9,4,1,1,0,0,3,0,0,0,0,0,0,0
2024,1237998,3588,Eyüpspor,50174,Halil Akbunar,69,7,M,5.6,False,False,0,0,0,0,0,0,0,18,0,12,1,0,0,20,5,6,3,3,0,1,0,0,0,0,0,0,0
2024,1237998,3588,Eyüpspor,443,Emre Akbaba,90,8,M,6.9,False,False,2,0,0,0,0,0,0,40,3,30,0,0,0,11,3,4,2,0,1,1,1,0,0,0,0,0,0
2024,1237998,3588,Eyüpspor,1985,Dorukhan Toköz,79,5,M,6.3,False,False,0,0,0,0,0,0,0,12,1,8,3,0,0,7,3,2,0,0,0,2,1,0,0,0,0,0,0
2024,1237998,3588,Eyüpspor,422,Ahmed Kutucu,84,23,M,7.6,False,False,1,2,2,1,0,0,0,16,0,10,2,0,0,11,7,4,2,0,1,2,1,0,0,0,0,0,0
2024,1237998,3588,Eyüpspor,50464,Mame Thiam,90,9,F,7.2,False,False,0,4,0,0,0,1,0,20,2,16,0,0,0,16,5,0,0,0,1,1,1,0,0,0,0,0,0
2024,1237998,3588,Eyüpspor,50223,Umut Meraş,21,77,D,7.2,False,True,0,0,0,0,0,0,0,8,0,7,1,1,0,3,3,0,0,0,0,0,0,0,0,0,0,0,0
2024,1237998,3588,Eyüpspor,14565,Prince Ampem,21,40,F,6.6,False,True,0,0,0,0,0,0,0,6,0,5,0,0,0,4,3,2,2,0,1,0,0,0,0,0,0,0,0
2024,1237998,3588,Eyüpspor,50176,Tayfur Bingöl,11,75,D,6.7,False,True,0,0,0,0,0,0,0,6,0,6,1,0,0,4,2,1,1,1,0,0,0,0,0,0,0,0,0
2024,1237998,3588,Eyüpspor,47446,Emre Mor,11,66,F,6.3,False,True,0,0,0,0,0,0,0,8,0,6,0,0,0,5,2,4,2,1,0,0,0,0,0,0,0,0,0
2024,1237998,3588,Eyüpspor,8682,Gianni Bruno,14,99,F,6.2,False,True,0,1,0,0,0,0,0,3,0,1,0,0,0,4,2,1,1,0,1,0,0,0,0,0,0,0,0
2024,1237998,3588,Eyüpspor,62906,Muhammed Birkan Tetik,0,71,G,,False,True,0,0,0,0,0,0,0,0,0,,0,0,0,0,0,0,0,0,0,0,0,0,0,0,0,0,0
2024,1237998,3588,Eyüpspor,650,Léo Dubois,0,15,D,,False,True,0,0,0,0,0,0,0,0,0,,0,0,0,0,0,0,0,0,0,0,0,0,0,0,0,0,0
2024,1237998,3588,Eyüpspor,47263,Samu Sáiz,0,10,M,,False,True,0,0,0,0,0,0,0,0,0,,0,0,0,0,0,0,0,0,0,0,0,0,0,0,0,0,0
2024,1237998,3588,Eyüpspor,459,Sinan Gümüş,0,11,F,,False,True,0,0,0,0,0,0,0,0,0,,0,0,0,0,0,0,0,0,0,0,0,0,0,0,0,0,0
2024,1237998,3588,Eyüpspor,451830,Hüseyin Maldar,0,17,F,,False,True,0,0,0,0,0,0,0,0,0,,0,0,0,0,0,0,0,0,0,0,0,0,0,0,0,0,0
2024,1237998,611,Fenerbahce,62137,İrfan Can Eğribayat,90,1,G,6.7,False,False,0,0,0,0,1,0,2,21,0,14,0,0,0,0,0,0,0,0,0,0,0,0,0,0,0,0,0
2024,1237998,611,Fenerbahce,19588,Bright Osayi-Samuel,82,21,D,6.6,False,False,0,0,0,0,0,0,0,28,0,24,1,0,1,4,2,0,0,2,1,0,0,0,0,0,0,0,0
2024,1237998,611,Fenerbahce,18776,Çağlar Söyüncü,90,4,D,7.7,False,False,0,0,0,0,0,0,0,50,0,37,4,1,3,19,15,0,0,0,1,1,1,0,0,0,0,0,0
2024,1237998,611,Fenerbahce,21633,Alexander Djiku,90,6,D,7.9,False,False,0,1,1,0,0,0,0,62,0,54,2,1,2,14,8,0,0,1,1,1,0,0,0,0,0,0,0
2024,1237998,611,Fenerbahce,1821,Filip Kostić,90,18,D,8.2,False,False,0,1,1,0,0,1,0,57,3,41,6,0,2,15,11,3,3,2,0,0,0,0,0,0,0,0,0
2024,1237998,611,Fenerbahce,905,Fred,82,13,M,7,False,False,0,0,0,0,0,0,0,31,0,20,4,0,2,9,6,0,0,1,2,1,0,0,0,0,0,0,0
2024,1237998,611,Fenerbahce,74,Sofyan Amrabat,90,34,M,7.3,False,False,0,0,0,0,0,0,0,73,0,61,1,0,0,3,2,0,0,1,0,0,0,0,0,0,0,0,0
2024,1237998,611,Fenerbahce,49857,İrfan Can Kahveci,69,17,M,6.5,False,False,0,0,0,0,0,0,0,24,0,19,0,0,0,5,1,2,0,0,1,1,0,0,0,0,0,0,0
2024,1237998,611,Fenerbahce,40403,Sebastian Szymański,69,53,M,6.2,False,False,0,1,1,0,0,0,0,9,0,7,1,0,0,7,3,0,0,2,2,0,0,0,0,0,0,0,0
2024,1237998,611,Fenerbahce,554,Dušan Tadić,82,10,M,7,True,False,0,2,2,0,0,0,0,26,2,19,3,0,0,12,5,1,1,2,0,1,0,0,0,0,0,0,0
2024,1237998,611,Fenerbahce,47422,Youssef En-Nesyri,90,19,F,8,False,False,1,4,2,1,0,0,0,13,3,10,0,0,0,17,6,0,0,1,0,3,1,0,0,0,0,0,0
2024,1237998,611,Fenerbahce,22173,Allan Saint-Maximin,21,97,F,6.9,False,True,0,0,0,0,0,0,0,10,2,5,0,0,0,5,1,2,1,1,0,1,1,0,0,0,0,0,0
2024,1237998,611,Fenerbahce,790,Edin Džeko,21,9,F,6.7,False,True,0,2,2,0,0,0,0,5,0,4,0,0,0,3,2,0,0,0,1,1,0,0,0,0,0,0,0
2024,1237998,611,Fenerbahce,1719,Mert Müldür,8,16,D,6.9,False,True,0,0,0,0,0,0,0,7,0,6,0,1,0,0,0,0,0,0,0,0,0,0,0,0,0,0,0
2024,1237998,611,Fenerbahce,214463,İsmail Yüksek,8,5,M,6.9,False,True,0,1,0,0,0,0,0,11,0,9,0,0,1,4,2,1,1,2,0,0,0,0,0,0,0,0,0
2024,1237998,611,Fenerbahce,785,Cengiz Ünder,8,20,F,6.5,False,True,0,0,0,0,0,0,0,7,0,4,0,0,0,4,1,0,0,1,1,0,1,0,0,0,0,0,0
2024,1237998,611,Fenerbahce,210244,Osman Ertuğrul Çetin,0,54,G,,False,True,0,0,0,0,0,0,0,0,0,,0,0,0,0,0,0,0,0,0,0,0,0,0,0,0,0,0
2024,1237998,611,Fenerbahce,62490,Samet Akaydın,0,3,D,,False,True,0,0,0,0,0,0,0,0,0,,0,0,0,0,0,0,0,0,0,0,0,0,0,0,0,0,0
2024,1237998,611,Fenerbahce,127609,Münir Levent Mercan,0,22,D,,False,True,0,0,0,0,0,0,0,0,0,,0,0,0,0,0,0,0,0,0,0,0,0,0,0,0,0,0
2024,1237998,611,Fenerbahce,412703,Yusuf Akçiçek,0,95,D,,False,True,0,0,0,0,0,0,0,0,0,,0,0,0,0,0,0,0,0,0,0,0,0,0,0,0,0,0
2024,1237998,611,Fenerbahce,18768,Cenk Tosun,0,23,F,,False,True,0,0,0,0,0,0,0,0,0,,0,0,0,0,0,0,0,0,0,0,0,0,0,0,0,0,0
2024,1237975,549,Besiktas,49837,Mert Günok,90,34,G,7,True,False,0,0,0,0,0,0,1,44,0,22,0,0,0,2,2,0,0,0,0,0,0,0,0,0,0,0,0
2024,1237975,549,Besiktas,36889,Jonas Svensson,90,2,D,7.3,False,False,0,0,0,0,0,0,0,40,0,30,4,0,1,9,5,0,0,1,1,1,0,0,0,0,0,0,0
2024,1237975,549,Besiktas,61993,Tayyip Talha Sanuç,70,5,D,7.3,False,False,0,0,0,0,0,0,0,33,0,27,1,2,2,8,4,0,0,0,0,1,0,0,0,0,0,0,0
2024,1237975,549,Besiktas,50046,Emirhan Topçu,90,53,D,7.3,False,False,0,0,0,0,0,0,0,54,0,43,0,2,2,7,3,0,0,1,0,1,0,0,0,0,0,0,0
2024,1237975,549,Besiktas,18816,Arthur Masuaku,90,26,D,7.5,False,False,0,0,0,0,0,1,0,36,2,24,3,1,2,7,4,1,1,0,0,2,0,0,0,0,0,0,0
2024,1237975,549,Besiktas,31058,Salih Uçan,70,8,M,6.9,False,False,0,1,1,0,0,0,0,33,0,25,3,0,0,9,5,0,0,0,1,1,0,0,0,0,0,0,0
2024,1237975,549,Besiktas,42006,Mutassim Al Musrati,90,6,M,7.2,False,False,0,1,0,0,0,0,0,51,1,44,1,0,2,6,2,0,0,0,0,0,0,0,0,0,0,0,0
2024,1237975,549,Besiktas,25324,Milot Rashica,78,7,M,6.9,False,False,0,1,0,0,0,0,0,24,1,18,2,0,1,5,3,1,0,0,1,1,0,0,0,0,0,0,0
2024,1237975,549,Besiktas,569,Gedson Fernandes,90,83,M,7.3,False,False,0,0,0,0,0,0,0,21,2,15,2,0,0,15,11,3,3,0,5,4,2,1,0,0,0,0,0
2024,1237975,549,Besiktas,573,Rafa Silva,89,27,M,7.5,False,False,1,3,2,0,0,0,0,30,3,26,2,0,0,11,6,4,2,1,2,0,0,0,0,0,0,0,0
2024,1237975,549,Besiktas,1863,Ciro Immobile,78,17,F,6.6,False,False,1,2,0,0,0,0,0,17,0,9,1,0,0,21,9,6,3,1,2,0,0,0,0,0,0,0,0
2024,1237975,549,Besiktas,53533,Bakhtiyar Zaynutdinov,20,22,M,6.7,False,True,0,0,0,0,0,0,0,9,0,7,0,0,1,1,0,0,0,0,0,0,0,0,0,0,0,0,0
2024,1237975,549,Besiktas,297,Alex Oxlade-Chamberlain,20,15,M,7.3,False,True,0,1,1,1,0,0,0,9,0,8,0,0,0,3,2,0,0,0,1,0,0,0,0,0,0,0,0
2024,1237975,549,Besiktas,311083,Cher Ndour,12,73,M,6.7,False,True,0,0,0,0,0,0,0,9,0,7,0,0,0,1,1,0,0,0,0,0,0,0,0,0,0,0,0
2024,1237975,549,Besiktas,336567,Semih Kılıçsoy,12,9,F,6.3,False,True,1,0,0,0,0,0,0,5,1,3,0,0,0,7,0,1,0,0,0,1,0,0,0,0,0,0,0
2024,1237975,549,Besiktas,3638,Ernest Muçi,1,23,M,,False,True,0,1,1,0,0,0,0,0,0,,0,0,0,1,0,0,0,0,0,0,0,0,0,0,0,0,0
2024,1237975,549,Besiktas,1971,Ersin Destanoğlu,0,30,G,,False,True,0,0,0,0,0,0,0,0,0,,0,0,0,0,0,0,0,0,0,0,0,0,0,0,0,0,0
2024,1237975,549,Besiktas,26275,Onur Bulut,0,4,D,,False,True,0,0,0,0,0,0,0,0,0,,0,0,0,0,0,0,0,0,0,0,0,0,0,0,0,0,0
2024,1237975,549,Besiktas,336664,Serkan Emrecan Terzi,0,79,D,,False,True,0,0,0,0,0,0,0,0,0,,0,0,0,0,0,0,0,0,0,0,0,0,0,0,0,0,0
2024,1237975,549,Besiktas,206,João Mário,0,18,M,,False,True,0,0,0,0,0,0,0,0,0,,0,0,0,0,0,0,0,0,0,0,0,0,0,0,0,0,0
2024,1237975,549,Besiktas,436179,Mustafa Hekimoglu,0,91,F,,False,True,0,0,0,0,0,0,0,0,0,,0,0,0,0,0,0,0,0,0,0,0,0,0,0,0,0,0
2024,1237975,611,Fenerbahce,1305,Dominik Livaković,90,40,G,7.2,False,False,0,0,0,0,1,0,4,33,0,24,0,0,0,0,0,0,0,0,0,0,0,0,0,0,0,0,0
2024,1237975,611,Fenerbahce,1719,Mert Müldür,82,16,D,6.6,False,False,0,0,0,0,0,0,0,23,0,17,3,0,4,7,4,0,0,1,0,0,0,0,0,0,0,0,0
2024,1237975,611,Fenerbahce,62490,Samet Akaydın,90,3,D,7.5,False,False,0,0,0,0,0,0,0,44,0,34,5,1,2,17,12,1,1,2,0,0,0,0,0,0,0,0,0
2024,1237975,611,Fenerbahce,21633,Alexander Djiku,90,6,D,6.9,False,False,0,1,0,0,0,0,0,70,0,58,0,0,2,13,6,0,0,0,1,4,1,0,0,0,0,0,0
2024,1237975,611,Fenerbahce,1821,Filip Kostić,82,18,D,6.7,False,False,0,0,0,0,0,0,0,35,1,27,1,1,0,4,1,0,0,0,0,2,0,0,0,0,0,0,0
2024,1237975,611,Fenerbahce,905,Fred,82,13,M,6.6,False,False,0,0,0,0,0,0,0,40,1,32,2,0,1,13,4,3,0,2,2,3,0,0,0,0,0,0,0
2024,1237975,611,Fenerbahce,74,Sofyan Amrabat,90,34,M,7,False,False,0,0,0,0,0,0,0,52,1,42,2,0,1,10,5,1,0,1,3,1,0,0,0,0,0,0,0
2024,1237975,611,Fenerbahce,134590,Oğuz Aydın,90,70,M,6.9,False,False,1,0,0,0,0,0,0,33,1,30,1,0,1,8,2,2,1,2,0,1,0,0,0,0,0,0,0
2024,1237975,611,Fenerbahce,554,Dušan Tadić,90,10,M,7.2,False,False,2,2,1,0,0,0,0,36,2,31,2,0,0,6,2,0,0,0,0,1,0,0,0,0,0,0,0
2024,1237975,611,Fenerbahce,22173,Allan Saint-Maximin,67,97,M,7.7,False,False,0,1,0,0,0,0,0,17,3,12,0,0,0,10,4,4,1,0,1,1,0,0,0,0,0,0,0
2024,1237975,611,Fenerbahce,790,Edin Džeko,67,9,F,5.9,True,False,0,3,1,0,0,0,0,23,0,14,0,0,0,12,7,2,1,0,0,0,0,0,0,0,0,0,0
2024,1237975,611,Fenerbahce,40403,Sebastian Szymański,23,53,M,6.7,False,True,0,0,0,0,0,0,0,10,0,10,1,0,0,3,2,0,0,1,1,0,0,0,0,0,0,0,0
2024,1237975,611,Fenerbahce,47422,Youssef En-Nesyri,23,19,F,6.5,False,True,0,1,0,0,0,0,0,4,0,3,0,0,0,4,3,0,0,0,0,0,0,0,0,0,0,0,0
2024,1237975,611,Fenerbahce,19588,Bright Osayi-Samuel,8,21,D,6.9,False,True,0,0,0,0,0,0,0,4,0,3,0,0,0,3,2,0,0,0,2,0,0,0,0,0,0,0,0
2024,1237975,611,Fenerbahce,49857,İrfan Can Kahveci,8,17,M,6.7,False,True,0,0,0,0,0,0,0,8,0,5,0,0,1,2,2,0,0,0,0,0,0,0,0,0,0,0,0
2024,1237975,611,Fenerbahce,18768,Cenk Tosun,8,23,F,6.9,False,True,1,0,0,0,0,0,0,0,1,,0,0,0,1,0,0,0,0,0,1,0,0,0,0,0,0,0
2024,1237975,611,Fenerbahce,62137,İrfan Can Eğribayat,0,1,G,,False,True,0,0,0,0,0,0,0,0,0,,0,0,0,0,0,0,0,0,0,0,0,0,0,0,0,0,0
2024,1237975,611,Fenerbahce,127609,Münir Levent Mercan,0,22,D,,False,True,0,0,0,0,0,0,0,0,0,,0,0,0,0,0,0,0,0,0,0,0,0,0,0,0,0,0
2024,1237975,611,Fenerbahce,829,Rodrigo Becão,0,50,D,,False,True,0,0,0,0,0,0,0,0,0,,0,0,0,0,0,0,0,0,0,0,0,0,0,0,0,0,0
2024,1237975,611,Fenerbahce,214463,İsmail Yüksek,0,5,M,,False,True,0,0,0,0,0,0,0,0,0,,0,0,0,0,0,0,0,0,0,0,0,0,0,0,0,0,0
2024,1237975,611,Fenerbahce,785,Cengiz Ünder,0,20,F,,False,True,0,0,0,0,0,0,0,0,0,,0,0,0,0,0,0,0,0,0,0,0,0,0,0,0,0,0
2024,1238026,3563,Adana Demirspor,442410,Deniz Eren Donmezer,90,27,G,7.2,False,False,0,0,0,0,4,0,7,31,0,19,0,0,0,0,0,0,0,0,0,0,0,0,0,0,0,0,0
2024,1238026,3563,Adana Demirspor,328155,Arda Kurtulan,90,99,D,5.9,False,False,0,0,0,0,0,0,0,32,0,19,1,0,2,8,3,2,1,0,1,2,0,0,0,0,0,0,0
2024,1238026,3563,Adana Demirspor,62472,Tolga Kalender,66,55,D,7,False,False,0,1,1,0,0,0,0,22,0,15,1,1,1,6,4,0,0,0,1,0,0,0,0,0,0,0,0
2024,1238026,3563,Adana Demirspor,61987,Semih Güler,90,4,D,6.9,True,False,0,0,0,0,0,0,0,48,0,36,4,2,0,6,5,1,1,0,0,1,0,0,0,0,0,0,0
2024,1238026,3563,Adana Demirspor,216247,Jovan Manev,90,15,D,6.2,False,False,0,0,0,0,0,0,0,32,0,28,0,0,1,10,5,0,0,1,1,0,0,0,0,0,0,0,0
2024,1238026,3563,Adana Demirspor,143268,Abdulsamet Burak,90,23,D,6.2,False,False,0,0,0,0,0,0,0,41,0,28,1,0,0,8,3,0,0,0,1,0,0,0,0,0,0,0,0
2024,1238026,3563,Adana Demirspor,461,Ali Yavuz Kol,80,80,M,6.3,False,False,1,0,0,0,0,0,0,18,0,9,3,0,0,17,9,1,0,0,1,4,0,0,0,0,0,0,0
2024,1238026,3563,Adana Demirspor,282773,İzzet Çelik,80,16,M,6.2,False,False,0,0,0,0,0,0,0,29,1,23,3,0,0,9,4,1,0,3,1,1,1,0,0,0,0,0,0
2024,1238026,3563,Adana Demirspor,237120,Maestro,89,58,M,6.6,False,False,0,0,0,0,0,0,0,31,0,27,1,0,2,6,4,1,0,0,3,0,0,0,0,0,0,0,0
2024,1238026,3563,Adana Demirspor,36906,Yusuf Barası,56,11,M,5.7,False,False,1,0,0,0,0,0,0,9,0,8,1,0,1,12,3,2,1,0,1,3,0,1,0,0,0,0,0
2024,1238026,3563,Adana Demirspor,8681,Nabil Alioui,45,10,F,6.6,False,False,0,1,1,0,0,0,0,2,1,1,1,0,0,3,1,1,0,0,0,1,0,0,0,0,0,0,0
2024,1238026,3563,Adana Demirspor,70346,Abat Aimbetov,45,17,F,5.9,False,True,0,0,0,0,0,0,0,5,0,4,0,0,0,4,0,2,0,0,0,1,0,0,0,0,0,0,0
2024,1238026,3563,Adana Demirspor,456146,Ozan Demirbağ,24,60,F,6.5,False,True,0,0,0,0,0,0,0,7,0,4,1,0,0,2,1,0,0,0,0,0,0,0,0,0,0,0,0
2024,1238026,3563,Adana Demirspor,87368,Aksel Aktaş,10,22,M,6.3,False,True,0,0,0,0,0,0,0,11,0,9,0,0,0,2,1,1,1,0,0,1,0,0,0,0,0,0,0
2024,1238026,3563,Adana Demirspor,125450,Bunyamin Balat,10,21,M,6.2,False,True,0,0,0,0,0,0,0,9,0,5,0,0,0,1,0,1,0,0,0,0,0,0,0,0,0,0,0
2024,1238026,3563,Adana Demirspor,335577,Burhan Ersoy,8,24,M,6.5,False,True,0,0,0,0,0,0,0,1,0,1,0,0,0,0,0,0,0,0,0,0,0,0,0,0,0,0,0
2024,1238026,3563,Adana Demirspor,442408,Murat Uğur Eser,0,25,G,,False,True,0,0,0,0,0,0,0,0,0,,0,0,0,0,0,0,0,0,0,0,0,0,0,0,0,0,0
2024,1238026,3563,Adana Demirspor,50105,Vedat Karakuş,0,39,G,,False,True,0,0,0,0,0,0,0,0,0,,0,0,0,0,0,0,0,0,0,0,0,0,0,0,0,0,0
2024,1238026,3563,Adana Demirspor,484100,Kadir Karayigit,0,91,D,,False,True,0,0,0,0,0,0,0,0,0,,0,0,0,0,0,0,0,0,0,0,0,0,0,0,0,0,0
2024,1238026,3563,Adana Demirspor,306566,Florent Shehu,0,29,M,,False,True,0,0,0,0,0,0,0,0,0,,0,0,0,0,0,0,0,0,0,0,0,0,0,0,0,0,0
2024,1238026,3563,Adana Demirspor,350319,Osman Kaynak,0,87,F,,False,True,0,0,0,0,0,0,0,0,0,,0,0,0,0,0,0,0,0,0,0,0,0,0,0,0,0,0
2024,1238026,611,Fenerbahce,62137,İrfan Can Eğribayat,90,1,G,7.3,False,False,0,0,0,0,0,0,2,15,0,12,0,0,0,0,0,0,0,0,0,0,0,0,0,0,0,0,0
2024,1238026,611,Fenerbahce,1719,Mert Müldür,90,16,D,7.7,False,False,0,1,0,0,0,0,0,50,1,45,3,0,4,9,6,1,0,1,2,1,0,0,0,0,0,0,0
2024,1238026,611,Fenerbahce,21633,Alexander Djiku,45,6,D,7,False,False,0,0,0,0,0,0,0,45,1,40,1,0,1,6,3,0,0,0,0,1,1,0,0,0,0,0,0
2024,1238026,611,Fenerbahce,127609,Münir Levent Mercan,90,22,D,7.9,False,False,0,0,0,0,0,0,0,62,0,50,0,1,5,7,5,1,1,0,2,0,0,0,0,0,0,0,0
2024,1238026,611,Fenerbahce,905,Fred,90,13,M,7.9,False,False,0,0,0,0,0,0,0,75,1,66,5,0,3,15,11,1,1,0,5,1,0,0,0,0,0,0,0
2024,1238026,611,Fenerbahce,134590,Oğuz Aydın,66,70,M,7.5,False,False,0,1,1,0,0,0,0,26,1,19,1,0,2,8,7,0,0,0,1,0,0,0,0,0,0,0,0
2024,1238026,611,Fenerbahce,49857,İrfan Can Kahveci,72,17,M,7,False,False,0,2,1,0,0,0,0,20,3,16,2,0,0,10,3,2,1,1,0,2,0,0,0,0,0,0,0
2024,1238026,611,Fenerbahce,40403,Sebastian Szymański,90,53,M,7.2,False,False,0,0,0,0,0,0,0,25,3,17,3,0,0,8,3,1,0,1,0,1,0,0,0,0,0,0,0
2024,1238026,611,Fenerbahce,1821,Filip Kostić,45,18,M,6.6,False,False,0,0,0,0,0,0,0,19,1,16,1,0,0,5,3,1,0,1,1,0,0,0,0,0,0,0,0
2024,1238026,611,Fenerbahce,47422,Youssef En-Nesyri,90,19,F,9.3,False,False,1,5,2,2,0,1,0,6,2,5,0,0,0,12,3,1,0,0,1,1,0,0,0,0,0,0,0
2024,1238026,611,Fenerbahce,790,Edin Džeko,76,9,F,7.9,True,False,0,5,2,1,0,0,0,16,1,9,0,0,0,4,3,0,0,0,0,2,0,0,0,0,0,0,0
2024,1238026,611,Fenerbahce,19588,Bright Osayi-Samuel,45,21,D,7,False,True,0,0,0,0,0,0,0,19,3,16,0,0,0,3,1,2,1,0,0,0,0,0,0,0,0,0,0
2024,1238026,611,Fenerbahce,18776,Çağlar Söyüncü,45,4,D,7.2,False,True,0,0,0,0,0,0,0,37,0,35,2,0,2,2,2,0,0,0,0,0,0,0,0,0,0,0,0
2024,1238026,611,Fenerbahce,554,Dušan Tadić,24,10,F,7.9,False,True,0,1,1,0,0,2,0,11,3,8,0,0,1,2,0,1,0,0,0,0,0,0,0,0,0,0,0
2024,1238026,611,Fenerbahce,74,Sofyan Amrabat,18,34,M,7.3,False,True,0,1,1,0,0,1,0,23,1,22,0,0,0,0,0,0,0,0,0,0,0,0,0,0,0,0,0
2024,1238026,611,Fenerbahce,18768,Cenk Tosun,14,23,F,7.2,False,True,0,2,2,1,0,0,0,0,0,,0,0,0,3,1,0,0,0,1,2,0,0,0,0,0,0,0
2024,1238026,611,Fenerbahce,210244,Osman Ertuğrul Çetin,0,54,G,,False,True,0,0,0,0,0,0,0,0,0,,0,0,0,0,0,0,0,0,0,0,0,0,0,0,0,0,0
2024,1238026,611,Fenerbahce,412703,Yusuf Akçiçek,0,95,D,,False,True,0,0,0,0,0,0,0,0,0,,0,0,0,0,0,0,0,0,0,0,0,0,0,0,0,0,0
2024,1238026,611,Fenerbahce,162004,Bartuğ Elmaz,0,28,M,,False,True,0,0,0,0,0,0,0,0,0,,0,0,0,0,0,0,0,0,0,0,0,0,0,0,0,0,0
2024,1238026,611,Fenerbahce,785,Cengiz Ünder,0,20,F,,False,True,0,0,0,0,0,0,0,0,0,,0,0,0,0,0,0,0,0,0,0,0,0,0,0,0,0,0
2024,1238026,611,Fenerbahce,50097,Mert Hakan Yandaş,0,8,M,,False,True,0,0,0,0,0,0,0,0,0,,0,0,0,0,0,0,0,0,0,0,0,0,0,0,0,0,0
2024,1238174,3575,Hatayspor,55867,Visar Bekaj,90,12,G,7.5,False,False,0,0,0,0,2,0,4,40,0,28,0,0,0,1,1,0,0,0,0,0,0,0,0,0,0,0,0
2024,1238174,3575,Hatayspor,49870,Kamil Ahmet Çörekçi,74,2,D,7,True,False,0,1,0,0,0,0,0,48,0,45,0,1,0,6,1,1,0,0,1,1,1,0,0,0,0,0,0
2024,1238174,3575,Hatayspor,63030,Recep Burak Yılmaz,90,15,D,6.6,False,False,0,0,0,0,0,0,0,33,0,30,0,2,0,2,1,0,0,0,1,1,0,0,0,0,0,0,0
2024,1238174,3575,Hatayspor,20805,Guy-Marcelin Kilama,90,3,D,6.6,False,False,0,1,0,0,0,0,0,54,0,52,2,1,0,4,3,1,1,0,0,0,0,0,0,0,0,0,0
2024,1238174,3575,Hatayspor,194850,Cengiz Demir,90,27,D,7,False,False,0,0,0,0,0,0,0,44,2,40,1,0,4,5,2,0,0,1,0,1,0,0,0,0,0,0,0
2024,1238174,3575,Hatayspor,62195,Cemali Sertel,64,88,D,7,False,False,0,1,0,0,0,0,0,20,1,17,1,0,1,6,3,2,1,0,1,1,0,0,1,0,0,0,0
2024,1238174,3575,Hatayspor,291531,Chandrel Massanga,75,8,M,7.5,False,False,0,1,0,0,0,0,0,56,0,50,1,0,1,4,3,1,1,0,1,0,0,0,0,0,0,0,0
2024,1238174,3575,Hatayspor,25076,Görkem Sağlam,90,5,M,8.7,False,False,0,4,2,1,0,1,0,59,4,55,3,0,0,5,3,1,0,0,0,1,0,0,0,0,1,0,0
2024,1238174,3575,Hatayspor,49885,Abdulkadir Parmak,84,6,M,7,False,False,0,1,1,0,0,0,0,38,2,34,1,0,0,7,5,1,1,1,2,0,0,0,0,0,0,0,0
2024,1238174,3575,Hatayspor,21589,Bilal Boutobba,84,98,F,7.2,False,False,0,1,1,1,0,0,0,26,2,22,0,0,0,12,2,4,1,0,1,3,0,0,0,0,0,0,0
2024,1238174,3575,Hatayspor,358558,Jonathan Okoronkwo,90,11,F,7.2,False,False,0,1,1,1,0,0,0,9,0,7,0,0,0,6,3,0,0,1,3,0,0,0,0,0,0,0,0
2024,1238174,3575,Hatayspor,264118,Joelson Fernandes,26,77,F,6.7,False,True,0,1,1,0,0,0,0,7,0,7,0,0,0,1,0,0,0,0,0,1,0,0,0,0,0,0,0
2024,1238174,3575,Hatayspor,61927,Kerim Alıcı,16,22,D,6.6,False,True,0,0,0,0,0,0,0,10,0,9,1,0,2,2,2,0,0,0,1,0,0,0,0,0,0,0,0
2024,1238174,3575,Hatayspor,119029,Lamine Diack,15,17,M,6.5,False,True,0,0,0,0,0,0,0,8,0,8,0,0,0,0,0,0,0,0,0,0,0,0,0,0,0,0,0
2024,1238174,3575,Hatayspor,28630,Funsho Bamgboye,11,7,F,6.6,False,True,0,1,1,0,0,0,0,1,0,1,0,0,1,2,0,0,0,0,0,1,0,0,0,0,0,0,0
2024,1238174,3575,Hatayspor,406159,Ali Yıldız,11,25,F,6.3,False,True,0,0,0,0,0,0,0,9,0,9,0,0,0,0,0,0,0,0,0,0,0,0,0,0,0,0,0
2024,1238174,3575,Hatayspor,442300,Demir Sarıcalı,0,34,G,,False,True,0,0,0,0,0,0,0,0,0,,0,0,0,0,0,0,0,0,0,0,0,0,0,0,0,0,0
2024,1238174,3575,Hatayspor,502999,Yigit Ali Buz,0,95,D,,False,True,0,0,0,0,0,0,0,0,0,,0,0,0,0,0,0,0,0,0,0,0,0,0,0,0,0,0
2024,1238174,3575,Hatayspor,359301,Baran Sarka,0,23,M,,False,True,0,0,0,0,0,0,0,0,0,,0,0,0,0,0,0,0,0,0,0,0,0,0,0,0,0,0
2024,1238174,3575,Hatayspor,63149,Selimcan Temel,0,16,M,,False,True,0,0,0,0,0,0,0,0,0,,0,0,0,0,0,0,0,0,0,0,0,0,0,0,0,0,0
2024,1238174,3575,Hatayspor,505018,Deniz Aksoy,0,94,F,,False,True,0,0,0,0,0,0,0,0,0,,0,0,0,0,0,0,0,0,0,0,0,0,0,0,0,0,0
2024,1238174,611,Fenerbahce,210244,Osman Ertuğrul Çetin,90,54,G,5.6,False,False,0,0,0,0,4,0,4,11,0,10,0,0,0,0,0,0,0,0,0,0,0,0,0,0,0,0,0
2024,1238174,611,Fenerbahce,1719,Mert Müldür,38,16,D,5.7,False,False,0,0,0,0,0,0,0,27,0,25,0,0,0,1,0,0,0,0,0,1,0,1,0,0,0,0,0
2024,1238174,611,Fenerbahce,198,Milan Škriniar,90,37,D,5.9,False,False,0,1,0,0,0,0,0,45,0,45,0,0,0,11,5,0,0,1,2,3,0,0,0,1,0,0,0
2024,1238174,611,Fenerbahce,21633,Alexander Djiku,90,6,D,6.6,False,False,0,1,0,0,0,0,0,48,0,44,3,1,1,8,7,0,0,0,1,1,0,0,0,0,0,0,0
2024,1238174,611,Fenerbahce,74,Sofyan Amrabat,72,34,M,6.3,False,False,0,1,1,0,0,0,0,43,1,39,0,0,0,6,0,1,0,2,0,3,1,0,0,0,0,0,0
2024,1238174,611,Fenerbahce,134590,Oğuz Aydın,63,70,M,7,False,False,0,2,1,0,0,0,0,21,3,13,2,0,0,3,2,1,0,0,0,0,0,0,0,0,0,0,0
2024,1238174,611,Fenerbahce,12724,Anderson Talisca,90,94,M,7.2,False,False,0,3,1,0,0,1,0,26,2,22,2,0,0,8,3,1,1,2,0,2,0,0,0,0,0,0,0
2024,1238174,611,Fenerbahce,554,Dušan Tadić,63,10,M,7.3,False,False,0,0,0,0,0,0,0,29,5,26,2,0,0,5,4,2,1,0,1,0,0,0,0,0,0,0,0
2024,1238174,611,Fenerbahce,1821,Filip Kostić,90,18,M,6.9,False,False,2,1,0,0,0,0,0,55,2,46,0,0,1,2,1,1,0,0,0,0,0,0,0,0,0,0,0
2024,1238174,611,Fenerbahce,47422,Youssef En-Nesyri,63,19,F,7.2,False,False,2,3,1,1,0,0,0,6,0,6,1,0,0,3,3,0,0,0,0,0,0,0,0,0,0,0,0
2024,1238174,611,Fenerbahce,790,Edin Džeko,76,9,F,6.7,True,False,0,3,2,0,0,0,0,22,0,17,1,0,0,6,2,1,0,0,1,0,0,0,0,0,0,0,0
2024,1238174,611,Fenerbahce,19588,Bright Osayi-Samuel,27,21,D,6.7,False,True,0,0,0,0,0,0,0,10,0,10,0,0,0,1,1,0,0,0,1,0,0,0,0,0,0,0,0
2024,1238174,611,Fenerbahce,49857,İrfan Can Kahveci,27,17,M,7.7,False,True,1,1,1,1,0,0,0,15,0,11,1,0,0,3,3,1,1,0,1,0,0,0,0,0,0,0,0
2024,1238174,611,Fenerbahce,40403,Sebastian Szymański,27,53,M,6.6,False,True,0,1,0,0,0,0,0,10,1,7,1,0,0,1,1,0,0,0,0,0,0,0,0,0,0,0,0
2024,1238174,611,Fenerbahce,214463,İsmail Yüksek,18,5,M,6.7,False,True,0,0,0,0,0,0,0,14,0,11,0,1,0,3,1,1,0,0,0,1,1,0,0,0,0,0,0
2024,1238174,611,Fenerbahce,18768,Cenk Tosun,14,23,F,6.3,False,True,0,0,0,0,0,0,0,7,0,3,0,0,0,2,1,1,0,0,0,0,0,0,0,0,0,0,0
2024,1238174,611,Fenerbahce,500088,Engin Biterge,0,57,G,,False,True,0,0,0,0,0,0,0,0,0,,0,0,0,0,0,0,0,0,0,0,0,0,0,0,0,0,0
2024,1238174,611,Fenerbahce,62137,İrfan Can Eğribayat,0,1,G,,False,True,0,0,0,0,0,0,0,0,0,,0,0,0,0,0,0,0,0,0,0,0,0,0,0,0,0,0
2024,1238174,611,Fenerbahce,412703,Yusuf Akçiçek,0,95,D,,False,True,0,0,0,0,0,0,0,0,0,,0,0,0,0,0,0,0,0,0,0,0,0,0,0,0,0,0
2024,1238174,611,Fenerbahce,127609,Levent Mercan,0,22,D,,False,True,0,0,0,0,0,0,0,0,0,,0,0,0,0,0,0,0,0,0,0,0,0,0,0,0,0,0
2024,1238174,611,Fenerbahce,18776,Çağlar Söyüncü,0,4,D,,False,True,0,0,0,0,0,0,0,0,0,,0,0,0,0,0,0,0,0,0,0,0,0,0,0,0,0,0
2024,1237926,3603,Samsunspor,50217,Okan Kocuk,90,1,G,6.6,False,False,0,0,0,0,2,0,2,30,0,15,0,0,0,0,0,0,0,0,0,0,0,0,0,0,0,0,0
2024,1237926,3603,Samsunspor,2139,Zeki Yavru,70,18,D,6.3,True,False,0,0,0,0,0,0,0,44,0,33,0,0,1,4,0,0,0,1,0,2,0,0,0,0,0,0,0
2024,1237926,3603,Samsunspor,55949,Ľubomír Šatka,90,37,D,6.6,False,False,0,0,0,0,0,0,0,65,0,58,0,1,2,5,3,0,0,0,0,1,1,0,0,0,0,0,0
2024,1237926,3603,Samsunspor,24873,Rick Van Drongelen,90,4,D,6.6,False,False,0,0,0,0,0,0,0,61,1,50,0,2,1,4,2,1,0,1,0,0,0,0,0,0,0,0,0
2024,1237926,3603,Samsunspor,20044,Marc Bola,84,16,D,7.3,False,False,0,0,0,0,0,0,0,46,2,35,3,0,2,10,6,0,0,0,1,3,1,0,0,0,0,0,0
2024,1237926,3603,Samsunspor,2709,Youssef Aït Bennasser,90,6,M,6.9,False,False,0,0,0,0,0,0,0,69,0,59,0,0,1,4,3,0,0,0,0,0,1,0,0,0,0,0,0
2024,1237926,3603,Samsunspor,1130,Olivier Ntcham,90,10,M,7,False,False,0,1,0,0,0,0,0,72,0,60,2,1,0,5,4,1,0,0,2,0,1,0,0,0,0,0,0
2024,1237926,3603,Samsunspor,137403,Arbnor Muja,45,7,M,6.3,False,False,0,1,0,0,0,0,0,10,0,8,0,0,0,7,4,3,1,1,1,0,0,0,0,0,0,0,0
2024,1237926,3603,Samsunspor,15837,Carlo Holse,84,21,M,7.6,False,False,0,2,2,1,0,0,0,34,2,29,2,0,0,7,5,0,0,0,1,1,0,0,0,0,0,0,0
2024,1237926,3603,Samsunspor,50091,Emre Kılınç,70,11,M,7.2,False,False,0,1,0,0,0,1,0,19,1,13,0,0,0,8,5,2,2,0,2,1,1,0,0,0,0,0,0
2024,1237926,3603,Samsunspor,394,Marius Mouandilmadji,90,9,F,6.6,False,False,4,0,0,0,0,0,0,17,3,11,0,0,0,11,4,1,0,1,0,1,1,0,0,0,0,0,0
2024,1237926,3603,Samsunspor,24970,Kingsley Schindler,45,17,F,6.6,False,True,0,1,0,0,0,0,0,16,0,11,0,0,0,0,0,0,0,0,0,0,0,0,0,0,0,0,0
2024,1237926,3603,Samsunspor,1434,Landry Dimata,20,14,F,6.9,False,True,0,0,0,0,0,0,0,12,0,9,1,0,0,5,2,0,0,0,1,1,0,0,0,0,0,0,0
2024,1237926,3603,Samsunspor,85369,Gaëtan Laura,20,27,F,6.9,False,True,1,0,0,0,0,1,0,3,1,2,0,0,0,3,1,1,1,0,0,0,0,0,0,0,0,0,0
2024,1237926,3603,Samsunspor,62681,Soner Gönül,13,28,D,6.3,False,True,0,0,0,0,0,0,0,6,0,5,0,0,0,0,0,0,0,0,0,0,0,0,0,0,0,0,0
2024,1237926,3603,Samsunspor,49848,Soner Aydoğdu,13,8,M,8,False,True,0,2,1,1,0,0,0,7,1,7,1,0,0,3,3,2,2,0,0,0,0,0,0,0,0,0,0
2024,1237926,3603,Samsunspor,2127,Halil Yeral,0,45,G,,False,True,0,0,0,0,0,0,0,0,0,,0,0,0,0,0,0,0,0,0,0,0,0,0,0,0,0,0
2024,1237926,3603,Samsunspor,451828,Haluk Mustafa Tan,0,72,D,,False,True,0,0,0,0,0,0,0,0,0,,0,0,0,0,0,0,0,0,0,0,0,0,0,0,0,0,0
2024,1237926,3603,Samsunspor,368103,Bedirhan Çetin,0,96,D,,False,True,0,0,0,0,0,0,0,0,0,,0,0,0,0,0,0,0,0,0,0,0,0,0,0,0,0,0
2024,1237926,3603,Samsunspor,453,Celil Yüksel,0,5,M,,False,True,0,0,0,0,0,0,0,0,0,,0,0,0,0,0,0,0,0,0,0,0,0,0,0,0,0,0
2024,1237926,3603,Samsunspor,21154,Flavien Tait,0,13,M,,False,True,0,0,0,0,0,0,0,0,0,,0,0,0,0,0,0,0,0,0,0,0,0,0,0,0,0,0
2024,1237926,611,Fenerbahce,1305,Dominik Livaković,90,40,G,6.3,False,False,0,0,0,0,2,0,1,26,0,14,0,0,0,0,0,0,0,0,0,0,0,0,0,0,0,0,0
2024,1237926,611,Fenerbahce,1719,Mert Müldür,90,16,D,6.9,False,False,0,1,1,0,0,0,0,47,0,34,2,1,3,7,4,0,0,0,0,2,0,0,0,0,0,0,0
2024,1237926,611,Fenerbahce,829,Rodrigo Becão,58,50,D,6.3,False,False,0,0,0,0,0,0,0,31,0,20,0,0,0,3,1,0,0,0,0,1,1,0,0,0,0,0,0
2024,1237926,611,Fenerbahce,21633,Alexander Djiku,90,6,D,6.5,False,False,0,0,0,0,0,0,0,47,0,38,1,0,3,9,3,0,0,2,0,0,1,0,0,0,0,0,0
2024,1237926,611,Fenerbahce,272721,Jayden Oosterwolde,76,24,D,6.7,False,False,0,0,0,0,0,0,0,28,0,20,0,0,2,3,2,2,1,0,0,0,0,0,0,0,0,0,0
2024,1237926,611,Fenerbahce,74,Sofyan Amrabat,90,34,M,6.2,False,False,0,1,0,0,0,0,0,53,0,47,0,1,1,5,0,0,0,3,0,0,0,0,0,0,0,0,0
2024,1237926,611,Fenerbahce,554,Dušan Tadić,90,10,M,8.7,True,False,1,1,1,1,0,1,0,34,3,23,1,1,2,13,7,0,0,1,4,1,0,0,0,0,0,0,0
2024,1237926,611,Fenerbahce,905,Fred,58,13,M,6.3,False,False,0,0,0,0,0,0,0,31,0,27,2,0,1,7,3,0,0,0,1,1,1,0,0,0,0,0,0
2024,1237926,611,Fenerbahce,40403,Sebastian Szymański,90,53,M,6.5,False,False,0,1,0,0,0,0,0,31,0,24,1,0,0,6,2,0,0,0,1,0,0,0,0,0,0,0,0
2024,1237926,611,Fenerbahce,1821,Filip Kostić,58,18,M,6.9,False,False,0,0,0,0,0,0,0,14,2,10,0,0,1,3,1,0,0,0,1,3,1,0,0,0,0,0,0
2024,1237926,611,Fenerbahce,790,Edin Džeko,81,9,F,6.5,False,False,0,1,0,0,0,0,0,34,0,22,0,0,0,5,1,0,0,0,0,0,0,0,0,0,0,0,0
2024,1237926,611,Fenerbahce,18776,Çağlar Söyüncü,32,4,D,6.5,False,True,0,0,0,0,0,0,0,8,0,6,0,0,0,3,2,0,0,0,1,0,0,0,0,0,0,0,0
2024,1237926,611,Fenerbahce,49857,İrfan Can Kahveci,32,17,M,6.6,False,True,0,0,0,0,0,0,0,17,2,14,0,0,0,2,1,0,0,0,1,1,1,0,0,0,0,0,0
2024,1237926,611,Fenerbahce,22173,Allan Saint-Maximin,32,97,F,7.5,False,True,0,1,1,1,0,0,0,8,1,3,1,0,0,7,5,5,3,0,1,0,0,0,0,0,0,0,0
2024,1237926,611,Fenerbahce,62490,Samet Akaydın,14,3,D,6.9,False,True,0,0,0,0,0,0,0,8,1,4,1,0,0,1,1,0,0,0,0,0,0,0,0,0,0,0,0
2024,1237926,611,Fenerbahce,47422,Youssef En-Nesyri,9,19,F,6.5,False,True,0,2,1,0,0,0,0,1,0,1,0,0,0,2,1,0,0,0,0,0,0,0,0,0,0,0,0
2024,1237926,611,Fenerbahce,210244,Osman Ertuğrul Çetin,0,54,G,,False,True,0,0,0,0,0,0,0,0,0,,0,0,0,0,0,0,0,0,0,0,0,0,0,0,0,0,0
2024,1237926,611,Fenerbahce,127609,Münir Levent Mercan,0,22,D,,False,True,0,0,0,0,0,0,0,0,0,,0,0,0,0,0,0,0,0,0,0,0,0,0,0,0,0,0
2024,1237926,611,Fenerbahce,50097,Mert Hakan Yandaş,0,8,M,,False,True,0,0,0,0,0,0,0,0,0,,0,0,0,0,0,0,0,0,0,0,0,0,0,0,0,0,0
2024,1237926,611,Fenerbahce,134590,Oğuz Aydın,0,70,F,,False,True,0,0,0,0,0,0,0,0,0,,0,0,0,0,0,0,0,0,0,0,0,0,0,0,0,0,0
2024,1237926,611,Fenerbahce,18768,Cenk Tosun,0,23,F,,False,True,0,0,0,0,0,0,0,0,0,,0,0,0,0,0,0,0,0,0,0,0,0,0,0,0,0,0
2024,1237974,611,Fenerbahce,1305,Dominik Livaković,90,40,G,6.7,False,False,0,0,0,0,1,0,1,24,0,18,0,0,0,0,0,0,0,0,0,0,0,0,0,0,0,0,0
2024,1237974,611,Fenerbahce,19588,Bright Osayi-Samuel,66,21,D,6.6,False,False,0,0,0,0,0,0,0,11,0,10,4,0,0,11,6,2,1,1,1,0,0,0,0,0,0,0,0
2024,1237974,611,Fenerbahce,829,Rodrigo Becão,90,50,D,7.2,False,False,0,2,1,1,0,0,0,48,0,42,0,1,0,13,7,1,0,0,1,2,0,0,0,0,0,0,0
2024,1237974,611,Fenerbahce,62490,Samet Akaydın,90,3,D,6.7,False,False,0,0,0,0,0,0,0,46,0,40,1,0,1,10,2,0,0,0,0,2,1,0,0,0,0,0,0
2024,1237974,611,Fenerbahce,1821,Filip Kostić,90,18,D,6.9,False,False,0,0,0,0,0,0,0,36,1,30,2,0,0,6,4,1,0,1,0,0,0,0,0,0,0,0,0
2024,1237974,611,Fenerbahce,214463,İsmail Yüksek,45,5,M,7.3,False,False,0,1,0,0,0,0,0,33,1,26,2,1,0,9,7,1,1,0,0,0,1,0,0,0,0,0,0
2024,1237974,611,Fenerbahce,905,Fred,90,13,M,7.2,False,False,0,2,0,0,0,1,0,60,1,51,3,0,2,13,6,0,0,2,1,0,0,0,0,0,0,0,0
2024,1237974,611,Fenerbahce,49857,İrfan Can Kahveci,45,17,M,6.6,False,False,0,1,0,0,0,0,0,24,1,17,1,0,0,6,3,0,0,1,0,1,0,0,0,0,0,0,0
2024,1237974,611,Fenerbahce,554,Dušan Tadić,80,10,M,8.2,True,False,0,0,0,0,0,1,0,41,3,30,2,0,1,7,5,0,0,0,3,0,0,0,0,0,0,0,0
2024,1237974,611,Fenerbahce,134590,Oğuz Aydın,90,70,M,8.3,False,False,1,2,1,1,0,0,0,32,2,25,3,0,1,13,10,4,4,1,2,0,0,0,0,0,0,0,0
2024,1237974,611,Fenerbahce,47422,Youssef En-Nesyri,66,19,F,7,False,False,0,2,0,0,0,1,0,12,1,9,1,0,0,4,2,0,0,0,0,0,0,0,0,0,0,0,0
2024,1237974,611,Fenerbahce,22173,Allan Saint-Maximin,45,97,F,7.6,False,True,0,2,1,0,0,0,0,13,1,10,1,0,0,9,7,7,6,0,0,1,0,0,0,0,0,0,0
2024,1237974,611,Fenerbahce,74,Sofyan Amrabat,45,34,M,7.3,False,True,0,0,0,0,0,0,0,45,1,39,0,0,0,6,5,2,2,0,1,0,0,0,0,0,0,0,0
2024,1237974,611,Fenerbahce,40403,Sebastian Szymański,24,53,M,6.5,False,True,0,0,0,0,0,0,0,5,0,5,1,0,0,4,1,0,0,1,0,1,1,0,0,0,0,0,0
2024,1237974,611,Fenerbahce,790,Edin Džeko,24,9,F,7.2,False,True,0,1,1,1,0,0,0,7,0,5,0,0,0,5,1,1,0,0,1,1,0,0,0,0,0,0,0
2024,1237974,611,Fenerbahce,1719,Mert Müldür,10,16,D,6.3,False,True,0,0,0,0,0,0,0,10,0,4,1,0,0,1,1,0,0,0,0,0,1,0,0,0,0,0,0
2024,1237974,611,Fenerbahce,62137,İrfan Can Eğribayat,0,1,G,,False,True,0,0,0,0,0,0,0,0,0,,0,0,0,0,0,0,0,0,0,0,0,0,0,0,0,0,0
2024,1237974,611,Fenerbahce,412703,Yusuf Akçiçek,0,95,D,,False,True,0,0,0,0,0,0,0,0,0,,0,0,0,0,0,0,0,0,0,0,0,0,0,0,0,0,0
2024,1237974,611,Fenerbahce,21633,Alexander Djiku,0,6,D,,False,True,0,0,0,0,0,0,0,0,0,,0,0,0,0,0,0,0,0,0,0,0,0,0,0,0,0,0
2024,1237974,611,Fenerbahce,127609,Münir Levent Mercan,0,22,D,,False,True,0,0,0,0,0,0,0,0,0,,0,0,0,0,0,0,0,0,0,0,0,0,0,0,0,0,0
2024,1237974,611,Fenerbahce,18768,Cenk Tosun,0,23,F,,False,True,0,0,0,0,0,0,0,0,0,,0,0,0,0,0,0,0,0,0,0,0,0,0,0,0,0,0
2024,1237974,3573,Gazişehir Gaziantep,26730,Sokratis Dioudis,90,1,G,6.5,False,False,0,0,0,0,3,0,1,49,0,29,0,0,0,0,0,0,0,0,0,0,0,0,0,0,0,0,0
2024,1237974,3573,Gazişehir Gaziantep,63284,Arda Kızıldağ,90,4,D,7.3,False,False,0,0,0,0,0,0,0,46,0,38,1,1,5,6,5,0,0,0,2,0,0,0,0,0,0,0,0
2024,1237974,3573,Gazişehir Gaziantep,41100,Bruno Viana,90,36,D,6.3,False,False,0,1,0,0,0,0,0,43,0,36,1,0,0,9,4,0,0,0,0,2,1,0,0,0,0,0,0
2024,1237974,3573,Gazişehir Gaziantep,21008,Salem M'Bakata,90,22,D,6.3,False,False,0,0,0,0,0,0,0,37,0,32,1,0,1,5,3,1,1,0,0,0,0,0,0,0,0,0,0
2024,1237974,3573,Gazişehir Gaziantep,451,Badou Ndiaye,85,20,M,6.9,False,False,0,1,0,0,0,0,0,40,1,33,2,0,3,9,3,0,0,3,0,2,0,0,0,0,0,0,0
2024,1237974,3573,Gazişehir Gaziantep,43194,Deian Sorescu,90,18,M,6.6,False,False,0,0,0,0,0,0,0,34,0,25,2,1,0,13,6,5,2,2,2,0,0,0,0,0,0,0,0
2024,1237974,3573,Gazişehir Gaziantep,143295,Ogün Özçiçek,74,25,M,7,False,False,0,0,0,0,0,0,0,32,1,30,4,0,0,12,7,1,1,2,1,0,0,0,0,0,0,0,0
2024,1237974,3573,Gazişehir Gaziantep,25921,Alexandru Maxim,85,44,M,5.7,True,False,0,0,0,0,0,0,0,43,2,38,0,0,1,12,1,0,0,2,0,2,0,0,0,0,0,0,0
2024,1237974,3573,Gazişehir Gaziantep,100612,Christophe Lungoyi,90,11,M,5.9,False,False,0,0,0,0,0,0,0,19,0,14,3,0,0,20,6,5,2,2,0,4,0,0,0,0,0,0,0
2024,1237974,3573,Gazişehir Gaziantep,30848,David Okereke,90,77,F,7.2,False,False,0,2,2,1,0,0,0,15,1,11,0,0,0,12,6,1,1,1,2,0,0,0,0,0,0,0,0
2024,1237974,3573,Gazişehir Gaziantep,47292,Kenan Kodro,60,19,F,6.3,False,False,0,0,0,0,0,0,0,19,0,12,0,0,0,11,5,0,0,1,1,0,1,0,0,0,0,0,0
2024,1237974,3573,Gazişehir Gaziantep,23121,Quentin Daubin,30,6,M,6.3,False,True,0,0,0,0,0,0,0,7,0,7,1,0,1,3,2,0,0,1,0,0,0,0,0,0,0,0,0
2024,1237974,3573,Gazişehir Gaziantep,20607,Cyril Mandouki,16,14,M,6.6,False,True,0,0,0,0,0,0,0,6,0,6,2,1,0,2,2,0,0,0,0,0,0,0,0,0,0,0,0
2024,1237974,3573,Gazişehir Gaziantep,50239,Furkan Soyalp,12,8,M,6.5,False,True,0,0,0,0,0,0,0,2,0,1,0,0,0,1,0,0,0,0,0,0,0,0,0,0,0,0,0
2024,1237974,3573,Gazişehir Gaziantep,37440,Halil Dervişoğlu,12,9,F,6.3,False,True,0,0,0,0,0,0,0,0,0,,0,0,0,2,0,1,0,0,0,0,0,0,0,0,0,0,0
2024,1237974,3573,Gazişehir Gaziantep,61949,Mustafa Burak Bozan,0,71,G,,False,True,0,0,0,0,0,0,0,0,0,,0,0,0,0,0,0,0,0,0,0,0,0,0,0,0,0,0
2024,1237974,3573,Gazişehir Gaziantep,137255,Ömürcan Artan,0,27,D,,False,True,0,0,0,0,0,0,0,0,0,,0,0,0,0,0,0,0,0,0,0,0,0,0,0,0,0,0
2024,1237974,3573,Gazişehir Gaziantep,50220,Ertuğrul Ersoy,0,5,D,,False,True,0,0,0,0,0,0,0,0,0,,0,0,0,0,0,0,0,0,0,0,0,0,0,0,0,0,0
2024,1237974,3573,Gazişehir Gaziantep,442,Emre Taşdemir,0,3,D,,False,True,0,0,0,0,0,0,0,0,0,,0,0,0,0,0,0,0,0,0,0,0,0,0,0,0,0,0
2024,1237974,3573,Gazişehir Gaziantep,163188,Mirza Cihan,0,17,M,,False,True,0,0,0,0,0,0,0,0,0,,0,0,0,0,0,0,0,0,0,0,0,0,0,0,0,0,0
2024,1237974,3573,Gazişehir Gaziantep,63304,İlker Karakaş,0,23,F,,False,True,0,0,0,0,0,0,0,0,0,,0,0,0,0,0,0,0,0,0,0,0,0,0,0,0,0,0
2024,1238145,3573,Gazişehir Gaziantep,61949,Mustafa Burak Bozan,90,71,G,6.9,False,False,0,0,0,0,3,0,4,26,0,11,0,0,0,1,1,0,0,0,0,0,0,0,0,0,0,0,0
2024,1238145,3573,Gazişehir Gaziantep,61987,Semih Güler,90,17,D,6.7,False,False,0,0,0,0,0,0,0,25,0,23,1,2,2,7,2,0,0,0,1,2,0,0,0,0,0,0,0
2024,1238145,3573,Gazişehir Gaziantep,314849,Anel Husić,62,51,D,6.3,False,False,0,0,0,0,0,0,0,16,0,10,0,0,0,5,0,1,0,1,0,3,1,0,0,0,0,0,0
2024,1238145,3573,Gazişehir Gaziantep,41100,Bruno Viana,73,36,D,5.6,False,False,0,0,0,0,0,0,0,18,0,16,0,0,1,5,1,0,0,1,0,2,1,0,0,1,0,0,0
2024,1238145,3573,Gazişehir Gaziantep,451,Badou Ndiaye,84,20,M,6.3,False,False,0,0,0,0,0,0,0,20,0,17,1,1,3,4,1,2,0,0,0,1,0,0,0,0,0,0,0
2024,1238145,3573,Gazişehir Gaziantep,43194,Deian Sorescu,90,18,M,6.9,False,False,0,0,0,0,0,0,0,40,1,31,2,0,1,8,5,0,0,3,2,0,0,0,0,0,0,0,0
2024,1238145,3573,Gazişehir Gaziantep,143295,Ogün Özçiçek,73,25,M,6.3,False,False,0,0,0,0,0,0,0,23,0,21,2,0,0,9,5,2,2,0,0,4,0,0,0,0,0,0,0
2024,1238145,3573,Gazişehir Gaziantep,25921,Alexandru Maxim,90,44,M,7.2,True,False,0,1,1,1,0,0,0,36,1,34,1,0,0,8,4,1,0,1,1,1,1,0,0,0,0,0,0
2024,1238145,3573,Gazişehir Gaziantep,100612,Christophe Lungoyi,90,11,M,6.5,False,False,0,3,1,0,0,0,0,20,0,19,0,0,1,11,4,5,2,1,2,2,0,0,0,0,0,0,0
2024,1238145,3573,Gazişehir Gaziantep,37440,Halil Dervişoğlu,73,9,F,6.7,False,False,0,2,2,0,0,0,0,16,3,14,1,0,0,14,1,5,0,1,0,1,0,0,0,0,0,0,0
2024,1238145,3573,Gazişehir Gaziantep,3429,Emmanuel Boateng,90,21,F,6.9,False,False,0,0,0,0,0,1,0,24,1,15,1,0,0,15,8,1,1,1,0,3,1,0,0,0,0,0,0
2024,1238145,3573,Gazişehir Gaziantep,63284,Arda Kızıldağ,28,4,D,6.3,False,True,0,0,0,0,0,0,0,10,0,8,2,0,0,4,3,0,0,0,1,0,0,0,0,0,0,0,0
2024,1238145,3573,Gazişehir Gaziantep,442,Emre Taşdemir,17,3,D,6.9,False,True,0,0,0,0,0,0,0,14,1,10,1,0,0,1,1,0,0,0,0,0,0,0,0,0,0,0,0
2024,1238145,3573,Gazişehir Gaziantep,23121,Quentin Daubin,17,6,M,6.6,False,True,0,0,0,0,0,0,0,14,1,14,0,0,0,2,1,0,0,0,0,0,0,0,0,0,0,0,0
2024,1238145,3573,Gazişehir Gaziantep,47292,Kenan Kodro,17,19,F,6.6,False,True,0,1,1,0,0,0,0,5,0,2,0,0,0,1,1,0,0,0,0,0,0,0,0,0,0,0,0
2024,1238145,3573,Gazişehir Gaziantep,50239,Furkan Soyalp,12,8,M,6.9,False,True,0,0,0,0,0,0,0,9,0,6,1,0,0,1,1,0,0,0,0,0,0,0,0,0,0,0,0
2024,1238145,3573,Gazişehir Gaziantep,26730,Sokratis Dioudis,0,1,G,,False,True,0,0,0,0,0,0,0,0,0,,0,0,0,0,0,0,0,0,0,0,0,0,0,0,0,0,0
2024,1238145,3573,Gazişehir Gaziantep,137255,Ömürcan Artan,0,27,D,,False,True,0,0,0,0,0,0,0,0,0,,0,0,0,0,0,0,0,0,0,0,0,0,0,0,0,0,0
2024,1238145,3573,Gazişehir Gaziantep,21008,Salem M'Bakata,0,22,D,,False,True,0,0,0,0,0,0,0,0,0,,0,0,0,0,0,0,0,0,0,0,0,0,0,0,0,0,0
2024,1238145,3573,Gazişehir Gaziantep,50220,Ertuğrul Ersoy,0,5,D,,False,True,0,0,0,0,0,0,0,0,0,,0,0,0,0,0,0,0,0,0,0,0,0,0,0,0,0,0
2024,1238145,3573,Gazişehir Gaziantep,361361,Izzet Ali Erdal,0,40,D,,False,True,0,0,0,0,0,0,0,0,0,,0,0,0,0,0,0,0,0,0,0,0,0,0,0,0,0,0
2024,1238145,611,Fenerbahce,62137,İrfan Can Eğribayat,90,1,G,7.2,False,False,0,0,0,0,1,0,4,31,0,23,0,0,0,1,1,1,1,0,0,0,0,0,0,0,0,0,0
2024,1238145,611,Fenerbahce,18776,Çağlar Söyüncü,90,4,D,6.9,False,False,0,0,0,0,0,0,0,47,0,42,3,0,0,6,4,0,0,0,0,0,0,0,0,0,0,0,0
2024,1238145,611,Fenerbahce,198,Milan Škriniar,90,37,D,7,False,False,0,0,0,0,0,0,0,77,0,70,0,0,2,5,4,0,0,0,1,0,0,0,0,0,0,0,0
2024,1238145,611,Fenerbahce,412703,Yusuf Akçiçek,90,95,D,6.9,False,False,0,0,0,0,0,0,0,41,0,39,3,0,0,13,5,0,0,1,0,0,0,0,0,0,0,0,0
2024,1238145,611,Fenerbahce,134590,Oğuz Aydın,90,70,M,6.9,False,False,0,0,0,0,0,0,0,29,1,23,3,0,0,8,5,2,1,1,1,2,0,0,0,0,0,0,0
2024,1238145,611,Fenerbahce,214463,İsmail Yüksek,45,5,M,6.6,False,False,0,0,0,0,0,0,0,24,0,21,3,0,1,10,7,2,2,1,1,2,1,0,0,0,0,0,0
2024,1238145,611,Fenerbahce,905,Fred,90,13,M,7.6,False,False,0,1,1,1,0,0,0,70,1,63,1,0,2,11,6,1,1,1,4,0,0,0,0,0,0,0,0
2024,1238145,611,Fenerbahce,1821,Filip Kostić,67,18,M,6.9,False,False,0,0,0,0,0,0,0,32,3,29,0,0,0,4,1,1,1,0,0,2,1,0,0,0,0,0,0
2024,1238145,611,Fenerbahce,49857,İrfan Can Kahveci,67,17,F,7.6,False,False,1,1,1,0,0,0,0,27,1,24,3,1,0,10,9,2,2,0,4,0,0,0,0,0,0,0,0
2024,1238145,611,Fenerbahce,12724,Anderson Talisca,84,94,F,7.3,False,False,0,2,2,1,0,0,0,27,0,22,0,0,0,6,3,0,0,0,2,2,0,0,0,0,1,0,0
2024,1238145,611,Fenerbahce,790,Edin Džeko,80,9,F,6.9,True,False,1,4,3,1,0,0,0,30,0,15,0,0,0,8,3,2,1,0,1,0,0,0,0,0,0,0,0
2024,1238145,611,Fenerbahce,47422,Youssef En-Nesyri,45,19,F,7.5,False,True,0,1,0,0,0,0,0,9,2,3,0,0,0,6,5,0,0,0,2,0,0,0,1,0,0,0,0
2024,1238145,611,Fenerbahce,40403,Sebastian Szymański,23,53,M,6.3,False,True,0,0,0,0,0,0,0,6,0,4,1,0,0,4,1,1,0,1,0,1,0,0,0,0,0,0,0
2024,1238145,611,Fenerbahce,554,Dušan Tadić,23,10,F,7.3,False,True,0,0,0,0,0,1,0,13,2,10,1,0,0,1,1,0,0,0,0,0,0,0,0,0,0,0,0
2024,1238145,611,Fenerbahce,127609,Levent Mercan,10,22,D,6.7,False,True,0,0,0,0,0,0,0,1,0,1,0,0,0,2,1,0,0,0,1,0,0,0,0,0,0,0,0
2024,1238145,611,Fenerbahce,18768,Cenk Tosun,12,23,F,6.7,False,True,0,0,0,0,0,0,0,4,0,3,0,0,0,1,1,0,0,0,1,0,0,0,0,0,0,0,0
2024,1238145,611,Fenerbahce,1305,Dominik Livaković,0,40,G,,False,True,0,0,0,0,0,0,0,0,0,,0,0,0,0,0,0,0,0,0,0,0,0,0,0,0,0,0
2024,1238145,611,Fenerbahce,21633,Alexander Djiku,0,6,D,,False,True,0,0,0,0,0,0,0,0,0,,0,0,0,0,0,0,0,0,0,0,0,0,0,0,0,0,0
2024,1238145,611,Fenerbahce,21090,Diego Carlos,0,33,D,,False,True,0,0,0,0,0,0,0,0,0,,0,0,0,0,0,0,0,0,0,0,0,0,0,0,0,0,0
2024,1238145,611,Fenerbahce,19588,Bright Osayi-Samuel,0,21,D,,False,True,0,0,0,0,0,0,0,0,0,,0,0,0,0,0,0,0,0,0,0,0,0,0,0,0,0,0
2024,1238145,611,Fenerbahce,50221,Burak Kapacak,0,7,M,,False,True,0,0,0,0,0,0,0,0,0,,0,0,0,0,0,0,0,0,0,0,0,0,0,0,0,0,0
2024,1238046,611,Fenerbahce,62137,İrfan Can Eğribayat,90,1,G,6.5,False,False,0,0,0,0,2,0,2,15,0,14,0,0,0,0,0,0,0,0,0,0,0,0,0,0,0,0,0
2024,1238046,611,Fenerbahce,198,Milan Škriniar,90,37,D,7.5,False,False,1,1,0,0,0,0,0,83,0,76,2,0,1,11,7,2,1,0,1,2,0,0,1,0,0,0,0
2024,1238046,611,Fenerbahce,21090,Diego Carlos,81,33,D,6.9,False,False,0,2,0,0,0,0,0,50,0,45,3,0,1,10,6,1,1,0,0,2,0,0,0,0,0,0,0
2024,1238046,611,Fenerbahce,127609,Münir Levent Mercan,61,22,D,7,False,False,0,0,0,0,0,0,0,42,1,37,0,0,0,5,3,1,1,0,2,0,0,0,0,0,0,0,0
2024,1238046,611,Fenerbahce,134590,Oğuz Aydın,90,70,M,7.5,False,False,0,2,0,0,0,0,0,46,1,38,2,0,1,5,5,1,1,0,1,0,0,0,0,0,0,0,0
2024,1238046,611,Fenerbahce,74,Sofyan Amrabat,45,34,M,6.2,False,False,0,0,0,0,0,0,0,31,0,28,0,0,2,5,0,0,0,1,0,4,1,0,0,0,0,0,0
2024,1238046,611,Fenerbahce,905,Fred,90,13,M,7.6,False,False,0,1,1,0,0,0,0,92,2,85,3,0,1,11,6,2,1,2,2,1,0,0,0,0,0,0,0
2024,1238046,611,Fenerbahce,1821,Filip Kostić,72,18,M,7.7,False,False,0,1,1,0,0,0,0,37,3,29,2,0,1,10,7,1,1,1,0,0,0,0,0,0,0,0,0
2024,1238046,611,Fenerbahce,40403,Sebastian Szymański,90,53,F,7.9,False,False,0,2,0,0,0,0,0,35,6,26,0,0,1,4,2,0,0,2,1,0,0,0,0,0,0,0,0
2024,1238046,611,Fenerbahce,47422,Youssef En-Nesyri,90,19,F,8.5,False,False,0,8,4,1,0,0,0,19,4,17,0,0,0,15,12,2,1,0,1,0,1,0,0,0,0,0,0
2024,1238046,611,Fenerbahce,790,Edin Džeko,90,9,F,9.7,True,False,1,7,3,2,0,0,0,32,3,24,1,0,0,9,8,2,1,0,4,0,0,0,0,0,1,0,0
2024,1238046,611,Fenerbahce,554,Dušan Tadić,45,10,F,7.5,False,True,0,0,0,0,0,1,0,27,3,20,0,0,0,3,2,0,0,0,2,0,0,0,0,0,0,0,0
2024,1238046,611,Fenerbahce,12724,Anderson Talisca,29,94,M,7.3,False,True,0,5,1,0,0,0,0,16,2,13,0,0,0,6,1,1,0,2,1,0,0,0,0,0,0,0,0
2024,1238046,611,Fenerbahce,49857,İrfan Can Kahveci,18,17,M,7.2,False,True,0,1,0,0,0,0,0,14,1,13,0,0,0,2,2,0,0,0,2,0,1,0,0,0,0,0,0
2024,1238046,611,Fenerbahce,18768,Cenk Tosun,9,23,F,6.6,False,True,0,0,0,0,0,0,0,2,1,1,1,0,0,1,1,0,0,0,0,0,0,0,0,0,0,0,0
2024,1238046,611,Fenerbahce,210244,Osman Ertuğrul Çetin,0,54,G,,False,True,0,0,0,0,0,0,0,0,0,,0,0,0,0,0,0,0,0,0,0,0,0,0,0,0,0,0
2024,1238046,611,Fenerbahce,21633,Alexander Djiku,0,6,D,,False,True,0,0,0,0,0,0,0,0,0,,0,0,0,0,0,0,0,0,0,0,0,0,0,0,0,0,0
2024,1238046,611,Fenerbahce,19588,Bright Osayi-Samuel,0,21,D,,False,True,0,0,0,0,0,0,0,0,0,,0,0,0,0,0,0,0,0,0,0,0,0,0,0,0,0,0
2024,1238046,611,Fenerbahce,18776,Çağlar Söyüncü,0,4,D,,False,True,0,0,0,0,0,0,0,0,0,,0,0,0,0,0,0,0,0,0,0,0,0,0,0,0,0,0
2024,1238046,611,Fenerbahce,214463,İsmail Yüksek,0,5,M,,False,True,0,0,0,0,0,0,0,0,0,,0,0,0,0,0,0,0,0,0,0,1,0,0,0,0,0,0
2024,1238046,611,Fenerbahce,50097,Mert Hakan Yandaş,0,8,M,,False,True,0,0,0,0,0,0,0,0,0,,0,0,0,0,0,0,0,0,0,0,1,0,0,0,0,0,0
2024,1238046,1007,Rizespor,62401,Tarik Çetin,90,1,G,7.9,False,False,0,0,0,0,3,0,7,44,1,19,0,0,1,0,0,0,0,0,0,0,0,0,0,0,0,0,0
2024,1238046,1007,Rizespor,151943,Mithat Pala,90,54,D,6.2,False,False,0,1,0,0,0,0,0,23,0,23,1,0,1,15,4,5,3,2,0,2,0,0,0,0,0,0,0
2024,1238046,1007,Rizespor,2335,Attila Mocsi,89,4,D,7.2,False,False,0,0,0,0,0,0,0,20,0,17,1,3,2,6,1,0,0,0,0,3,1,0,0,0,0,0,0
2024,1238046,1007,Rizespor,62490,Samet Akaydın,90,3,D,6.6,False,False,0,0,0,0,0,0,0,18,0,12,1,1,3,9,3,0,0,0,0,0,0,0,0,0,0,0,0
2024,1238046,1007,Rizespor,15579,Casper Højer,88,5,D,6.5,True,False,0,0,0,0,0,0,0,25,0,23,0,0,0,4,1,0,0,1,1,1,0,0,0,0,0,0,0
2024,1238046,1007,Rizespor,27039,Giannis Papanikolaou,90,6,M,6.3,False,False,0,0,0,0,0,0,0,26,0,23,2,0,3,13,5,4,2,1,1,1,0,0,0,0,0,0,0
2024,1238046,1007,Rizespor,50006,Amir Hadžiahmetović,83,20,M,6.7,False,False,0,0,0,0,0,0,0,27,0,22,1,1,1,4,1,0,0,2,0,0,0,0,0,0,0,0,0
2024,1238046,1007,Rizespor,18780,Rachid Ghezzal,78,19,M,5.9,False,False,0,2,2,0,0,0,0,37,0,20,0,0,0,12,3,1,0,1,0,4,2,1,0,0,0,0,0
2024,1238046,1007,Rizespor,180644,Ibrahim Olawoyin,51,10,M,5.3,False,False,0,0,0,0,0,1,0,14,1,11,0,0,0,5,3,2,1,0,2,2,2,1,0,1,0,0,0
2024,1238046,1007,Rizespor,1186,Babajide David Akintola,89,28,M,6.7,False,False,0,1,0,0,0,1,0,22,1,18,1,0,0,9,3,2,1,1,0,1,0,0,0,0,0,0,0
2024,1238046,1007,Rizespor,11012,Ali Sowe,88,9,F,8.9,False,False,0,2,2,2,0,0,0,24,2,19,0,1,0,14,9,1,1,0,4,1,1,0,0,0,0,0,0
2024,1238046,1007,Rizespor,329377,Muhamed Buljubašić,18,18,M,6.3,False,True,0,0,0,0,0,0,0,3,0,3,1,0,0,3,1,0,0,0,0,2,0,0,0,0,0,0,0
2024,1238046,1007,Rizespor,380253,Ayberk Karapo,13,45,D,6.3,False,True,0,0,0,0,0,0,0,2,0,,0,0,0,2,1,0,0,0,0,1,0,0,0,0,0,0,0
2024,1238046,1007,Rizespor,66127,Václav Jurečka,13,15,F,6.3,False,True,0,0,0,0,0,0,0,2,0,2,0,0,0,1,0,0,0,0,0,0,0,0,0,0,0,0,0
2024,1238046,1007,Rizespor,138833,Dal Varešanović,1,8,M,,False,True,0,0,0,0,0,0,0,0,0,,0,0,0,0,0,0,0,0,0,0,0,0,0,0,0,0,0
2024,1238046,1007,Rizespor,383860,Emrecan Bulut,1,17,F,,False,True,0,0,0,0,0,0,0,1,0,1,0,0,0,0,0,0,0,0,0,0,0,0,0,0,0,0,0
2024,1238046,1007,Rizespor,14382,Ivo Grbić,0,30,G,,False,True,0,0,0,0,0,0,0,0,0,,0,0,0,0,0,0,0,0,0,0,0,0,0,0,0,0,0
2024,1238046,1007,Rizespor,134755,Canberk Yurdakul,0,40,G,,False,True,0,0,0,0,0,0,0,0,0,,0,0,0,0,0,0,0,0,0,0,0,0,0,0,0,0,0
2024,1238046,1007,Rizespor,394448,Habil Özbakir,0,95,D,,False,True,0,0,0,0,0,0,0,0,0,,0,0,0,0,0,0,0,0,0,0,0,0,0,0,0,0,0
2024,1238046,1007,Rizespor,391304,Efe Gecim,0,50,M,,False,True,0,0,0,0,0,0,0,0,0,,0,0,0,0,0,0,0,0,0,0,0,0,0,0,0,0,0
2024,1238046,1007,Rizespor,385737,Doğanay Avcı,0,97,F,,False,True,0,0,0,0,0,0,0,0,0,,0,0,0,0,0,0,0,0,0,0,0,0,0,0,0,0,0
2024,1237853,611,Fenerbahce,1305,Dominik Livaković,90,40,G,7,False,False,0,0,0,0,0,0,0,13,0,10,0,0,0,0,0,0,0,0,0,0,0,0,0,0,0,0,0
2024,1237853,611,Fenerbahce,19588,Bright Osayi-Samuel,76,21,D,6.7,False,False,1,0,0,0,0,0,0,35,0,31,1,0,1,9,3,2,0,0,2,0,0,0,0,0,0,0,0
2024,1237853,611,Fenerbahce,21633,Alexander Djiku,90,6,D,7.2,False,False,0,0,0,0,0,0,0,56,0,49,2,0,0,5,4,0,0,0,0,1,0,0,0,0,0,0,0
2024,1237853,611,Fenerbahce,272721,Jayden Oosterwolde,90,24,D,6.9,False,False,0,0,0,0,0,0,0,47,0,41,0,2,0,7,3,0,0,0,0,2,1,0,0,0,0,0,0
2024,1237853,611,Fenerbahce,1361,Ferdi Kadıoğlu,88,7,D,7,False,False,0,0,0,0,0,0,0,48,0,41,0,0,0,5,2,0,0,2,2,0,0,0,0,0,0,0,0
2024,1237853,611,Fenerbahce,214463,İsmail Yüksek,90,5,M,7.7,False,False,0,0,0,0,0,0,0,51,1,43,6,0,2,18,12,3,2,0,2,2,0,0,0,0,0,0,0
2024,1237853,611,Fenerbahce,40403,Sebastian Szymański,90,53,M,7,False,False,0,0,0,0,0,0,0,43,0,36,4,1,0,8,6,0,0,1,0,1,0,0,0,0,0,0,0
2024,1237853,611,Fenerbahce,49857,İrfan Can Kahveci,89,17,M,7.2,False,False,1,0,0,0,0,0,0,37,1,32,3,0,0,9,4,2,1,0,0,4,0,0,0,0,0,0,0
2024,1237853,611,Fenerbahce,554,Dušan Tadić,90,10,M,8.2,False,False,1,0,0,0,0,0,0,30,5,25,0,0,0,10,5,2,1,0,3,1,0,0,0,0,0,0,0
2024,1237853,611,Fenerbahce,22173,Allan Saint-Maximin,76,97,M,7.7,False,False,1,2,2,0,0,1,0,22,2,18,1,0,0,11,5,5,2,1,1,2,0,0,0,0,0,0,0
2024,1237853,611,Fenerbahce,790,Edin Džeko,76,9,F,7.7,True,False,0,3,1,1,0,0,0,9,0,6,0,1,0,3,1,0,0,1,1,1,0,0,0,0,0,0,0
2024,1237853,611,Fenerbahce,1719,Mert Müldür,14,16,D,6.3,False,True,0,0,0,0,0,0,0,5,0,4,0,0,0,0,0,0,0,0,0,0,0,0,0,0,0,0,0
2024,1237853,611,Fenerbahce,162004,Bartuğ Elmaz,14,28,M,6.9,False,True,0,0,0,0,0,0,0,6,1,5,1,0,0,3,1,0,0,0,0,2,1,0,0,0,0,0,0
2024,1237853,611,Fenerbahce,47422,Youssef En-Nesyri,14,19,F,6.2,False,True,1,3,2,0,0,0,0,0,0,,0,0,0,1,1,0,0,0,0,0,0,0,0,0,0,0,0
2024,1237853,611,Fenerbahce,18776,Çağlar Söyüncü,2,2,D,,False,True,0,0,0,0,0,0,0,1,0,1,0,0,0,2,2,0,0,0,0,0,0,0,0,0,0,0,0
2024,1237853,611,Fenerbahce,134590,Oğuz Aydın,1,70,F,,False,True,0,0,0,0,0,0,0,2,0,1,0,0,1,0,0,0,0,0,0,0,0,0,0,0,0,0,0
2024,1237853,611,Fenerbahce,210244,Osman Ertuğrul Çetin,0,54,G,,False,True,0,0,0,0,0,0,0,0,0,,0,0,0,0,0,0,0,0,0,0,0,0,0,0,0,0,0
2024,1237853,611,Fenerbahce,829,Rodrigo Becão,0,50,D,,False,True,0,0,0,0,0,0,0,0,0,,0,0,0,0,0,0,0,0,0,0,0,0,0,0,0,0,0
2024,1237853,611,Fenerbahce,31054,Rade Krunić,0,33,M,,False,True,0,0,0,0,0,0,0,0,0,,0,0,0,0,0,0,0,0,0,0,0,0,0,0,0,0,0
2024,1237853,611,Fenerbahce,785,Cengiz Ünder,0,20,F,,False,True,0,0,0,0,0,0,0,0,0,,0,0,0,0,0,0,0,0,0,0,0,0,0,0,0,0,0
2024,1237853,611,Fenerbahce,18768,Cenk Tosun,0,23,F,,False,True,0,0,0,0,0,0,0,0,0,,0,0,0,0,0,0,0,0,0,0,0,0,0,0,0,0,0
2024,1237853,3563,Adana Demirspor,442410,Deniz Eren Donmezer,90,27,G,7.5,False,False,0,0,0,0,1,0,4,25,0,17,0,0,0,0,0,0,0,0,0,0,0,0,0,0,0,0,0
2024,1237853,3563,Adana Demirspor,216247,Jovan Manev,77,15,D,6.3,False,False,0,0,0,0,0,0,0,23,0,18,1,1,1,6,2,0,0,2,0,2,0,0,0,0,0,0,0
2024,1237853,3563,Adana Demirspor,61987,Semih Güler,90,4,D,6.2,True,False,0,0,0,0,0,0,0,58,0,45,0,0,0,3,0,0,0,0,0,1,0,0,0,0,0,0,0
2024,1237853,3563,Adana Demirspor,31483,Andreaw Gravillon,90,5,D,7,False,False,0,0,0,0,0,0,0,44,0,41,0,3,2,4,1,0,0,0,1,1,0,0,0,0,0,0,0
2024,1237853,3563,Adana Demirspor,37019,José Rodríguez,77,6,D,6.3,False,False,0,0,0,0,0,0,0,48,0,43,1,0,1,4,2,0,0,0,0,3,0,0,0,0,0,0,0
2024,1237853,3563,Adana Demirspor,2688,Milad Mohammadi,90,13,D,6.6,False,False,0,0,0,0,0,0,0,20,0,15,5,0,1,11,9,0,0,1,1,1,1,0,0,0,0,0,0
2024,1237853,3563,Adana Demirspor,62384,Tayfun Aydoğan,77,8,M,6.6,False,False,0,0,0,0,0,0,0,17,0,14,1,0,2,6,3,1,1,0,1,0,0,0,0,0,0,0,0
2024,1237853,3563,Adana Demirspor,237120,Maestro,90,58,M,7,False,False,0,0,0,0,0,0,0,43,2,38,1,0,3,10,4,2,2,0,1,1,1,0,0,0,0,0,0
2024,1237853,3563,Adana Demirspor,268572,Édouard Michut,87,20,M,6.2,False,False,0,0,0,0,0,0,0,31,0,28,3,0,2,21,9,4,0,2,6,2,0,0,0,0,0,0,0
2024,1237853,3563,Adana Demirspor,1921,Yusuf Sarı,65,7,F,6.3,False,False,0,0,0,0,0,0,0,16,0,12,1,0,0,2,2,1,1,0,0,0,0,0,0,0,0,0,0
2024,1237853,3563,Adana Demirspor,36906,Yusuf Barası,90,11,F,6.6,False,False,0,1,0,0,0,0,0,9,1,8,1,0,0,14,5,2,1,0,2,0,0,0,0,0,0,0,0
2024,1237853,3563,Adana Demirspor,125450,Bunyamin Balat,25,21,M,6.7,False,True,0,0,0,0,0,0,0,11,0,9,0,0,0,0,0,0,0,0,0,0,0,0,0,0,0,0,0
2024,1237853,3563,Adana Demirspor,143268,Abdulsamet Burak,13,23,D,6.7,False,True,0,0,0,0,0,0,0,6,0,4,0,0,1,0,0,0,0,0,0,0,0,0,0,0,0,0,0
2024,1237853,3563,Adana Demirspor,8681,Nabil Alioui,13,10,F,6.6,False,True,0,1,0,0,0,0,0,8,0,5,1,0,0,4,3,0,0,0,2,1,0,0,0,0,0,0,0
2024,1237853,3563,Adana Demirspor,365748,Breyton Fougeu,13,93,F,6.3,False,True,0,0,0,0,0,0,0,8,0,5,0,0,0,3,2,0,0,1,1,0,0,0,0,0,0,0,0
2024,1237853,3563,Adana Demirspor,461,Ali Yavuz Kol,8,80,F,6.2,False,True,0,0,0,0,0,0,0,1,0,,0,0,0,3,0,1,0,0,0,0,0,0,0,0,0,0,0
2024,1237853,3563,Adana Demirspor,50105,Vedat Karakuş,0,39,G,,False,True,0,0,0,0,0,0,0,0,0,,0,0,0,0,0,0,0,0,0,0,0,0,0,0,0,0,0
2024,1237853,3563,Adana Demirspor,87368,Aksel Aktaş,0,22,M,,False,True,0,0,0,0,0,0,0,0,0,,0,0,0,0,0,0,0,0,0,0,0,0,0,0,0,0,0
2024,1237853,3563,Adana Demirspor,306566,Florent Shehu,0,29,M,,False,True,0,0,0,0,0,0,0,0,0,,0,0,0,0,0,0,0,0,0,0,0,0,0,0,0,0,0
2024,1237853,3563,Adana Demirspor,282773,İzzet Çelik,0,16,M,,False,True,0,0,0,0,0,0,0,0,0,,0,0,0,0,0,0,0,0,0,0,0,0,0,0,0,0,0
2024,1237853,3563,Adana Demirspor,70346,Abat Aimbetov,0,17,F,,False,True,0,0,0,0,0,0,0,0,0,,0,0,0,0,0,0,0,0,0,0,0,0,0,0,0,0,0
2024,1238015,607,Konyaspor,40328,Jakub Słowik,90,27,G,6.7,False,False,0,0,0,0,3,0,2,36,0,26,0,0,0,1,1,0,0,0,0,0,0,0,0,0,0,0,0
2024,1238015,607,Konyaspor,61939,Oğulcan Ülgün,69,35,D,6.2,False,False,0,0,0,0,0,0,0,30,0,26,1,0,0,7,3,0,0,1,1,3,1,0,0,0,0,0,0
2024,1238015,607,Konyaspor,37175,Riechedly Bazoer,90,20,D,6.5,False,False,0,0,0,0,0,0,0,61,0,51,1,0,1,6,3,0,0,0,1,3,0,0,0,0,0,0,0
2024,1238015,607,Konyaspor,50063,Uğurcan Yazğılı,90,5,D,6.7,False,False,0,1,0,0,0,0,0,45,0,34,4,0,4,14,9,0,0,2,0,1,0,0,0,0,0,0,0
2024,1238015,607,Konyaspor,40472,Guilherme Haubert Sityá,90,12,D,7.2,True,False,0,0,0,0,0,1,0,40,2,26,4,0,1,8,6,0,0,0,1,0,0,0,0,0,0,0,0
2024,1238015,607,Konyaspor,111314,Emmanuel Boateng,83,26,M,6.2,False,False,0,0,0,0,0,0,0,51,0,45,0,0,1,3,2,1,0,0,0,0,0,0,0,0,0,0,0
2024,1238015,607,Konyaspor,15650,Louka Prip,69,11,M,6.5,False,False,0,1,0,0,0,0,0,16,0,15,0,0,0,11,4,3,2,1,2,1,0,0,0,0,0,0,0
2024,1238015,607,Konyaspor,182072,Pedrinho,90,8,M,7.3,False,False,0,1,1,1,0,0,0,33,2,27,1,0,0,10,4,2,1,1,2,2,0,0,0,0,0,0,0
2024,1238015,607,Konyaspor,152845,Melih Ibrahimoglu,83,77,M,6.3,False,False,0,1,0,0,0,0,0,33,1,26,0,0,0,6,2,1,1,1,1,2,0,0,0,0,0,0,0
2024,1238015,607,Konyaspor,50234,Yusuf Erdoğan,74,10,M,6.5,False,False,0,1,1,0,0,0,0,14,0,11,0,0,0,4,1,3,1,0,0,0,0,0,0,0,0,0,0
2024,1238015,607,Konyaspor,119780,Blaž Kramer,90,99,F,8.3,False,False,1,3,2,1,0,1,0,14,1,10,0,0,0,12,6,0,0,0,1,1,0,0,0,0,0,0,0
2024,1238015,607,Konyaspor,48625,Nikola Boranijašević,21,24,D,6.6,False,True,0,0,0,0,0,0,0,13,0,10,0,0,0,1,0,0,0,0,0,0,0,0,0,0,0,0,0
2024,1238015,607,Konyaspor,161880,Muhammet Tunahan Tasci,21,7,F,6.9,False,True,0,0,0,0,0,0,0,11,2,10,1,0,0,3,1,0,0,0,0,1,0,0,0,0,0,0,0
2024,1238015,607,Konyaspor,50246,Mehmet Umut Nayir,16,22,F,6.6,False,True,0,0,0,0,0,0,0,2,0,,0,0,0,3,2,0,0,0,1,0,0,0,0,0,0,0,0
2024,1238015,607,Konyaspor,49919,Danijel Aleksić,16,9,M,6.3,False,True,0,0,0,0,0,0,0,8,0,7,0,0,0,1,0,0,0,0,0,0,0,0,0,0,0,0,0
2024,1238015,607,Konyaspor,301489,Melih Bostan,16,91,F,6.3,False,True,0,1,0,0,0,0,0,1,0,1,0,0,0,2,0,1,0,0,0,2,1,0,0,0,0,0,0
2024,1238015,607,Konyaspor,402493,Deniz Ertaş,0,1,G,,False,True,0,0,0,0,0,0,0,0,0,,0,0,0,0,0,0,0,0,0,0,0,0,0,0,0,0,0
2024,1238015,607,Konyaspor,62023,Yasir Subaşı,0,3,D,,False,True,0,0,0,0,0,0,0,0,0,,0,0,0,0,0,0,0,0,0,0,0,0,0,0,0,0,0
2024,1238015,607,Konyaspor,194880,Alassane Ndao,0,18,F,,False,True,0,0,0,0,0,0,0,0,0,,0,0,0,0,0,0,0,0,0,0,0,0,0,0,0,0,0
2024,1238015,607,Konyaspor,62417,Ufuk Akyol,0,19,M,,False,True,0,0,0,0,0,0,0,0,0,,0,0,0,0,0,0,0,0,0,0,0,0,0,0,0,0,0
2024,1238015,607,Konyaspor,145543,Adem Eren Kabak,0,66,D,,False,True,0,0,0,0,0,0,0,0,0,,0,0,0,0,0,0,0,0,0,0,0,0,0,0,0,0,0
2024,1238015,611,Fenerbahce,1305,Dominik Livaković,90,40,G,6.5,False,False,0,0,0,0,2,0,2,29,0,14,0,0,0,0,0,0,0,0,0,0,0,0,0,0,0,0,0
2024,1238015,611,Fenerbahce,1719,Mert Müldür,90,16,D,8,False,False,0,2,1,1,0,0,0,43,1,38,2,0,4,8,5,0,0,1,1,0,0,0,0,0,0,0,0
2024,1238015,611,Fenerbahce,18776,Çağlar Söyüncü,90,4,D,7.5,False,False,0,1,1,1,0,0,0,38,0,32,3,1,1,8,5,0,0,0,1,1,0,0,0,0,0,0,0
2024,1238015,611,Fenerbahce,21633,Alexander Djiku,90,6,D,6.9,False,False,0,0,0,0,0,0,0,45,0,34,2,0,4,11,7,1,1,0,1,2,0,0,0,0,0,0,0
2024,1238015,611,Fenerbahce,134590,Oğuz Aydın,71,70,M,6.6,False,False,0,1,0,0,0,0,0,25,0,21,2,0,1,5,3,1,1,1,0,0,0,0,0,0,0,0,0
2024,1238015,611,Fenerbahce,905,Fred,90,13,M,7.2,False,False,0,0,0,0,0,0,0,49,1,43,1,0,2,7,6,1,1,0,3,2,0,0,0,0,0,0,0
2024,1238015,611,Fenerbahce,40403,Sebastian Szymański,89,53,M,8,False,False,0,0,0,0,0,1,0,16,5,11,2,1,1,6,4,0,0,1,2,0,0,0,0,0,0,0,0
2024,1238015,611,Fenerbahce,1821,Filip Kostić,83,18,M,6.2,False,False,0,1,0,0,0,0,0,20,0,15,0,0,0,8,2,1,1,2,1,3,1,0,0,0,0,0,0
2024,1238015,611,Fenerbahce,554,Dušan Tadić,89,10,F,8.3,False,False,1,3,2,1,0,1,0,28,2,21,0,0,0,7,3,2,2,0,1,2,1,0,0,0,0,0,0
2024,1238015,611,Fenerbahce,47422,Youssef En-Nesyri,90,19,F,6.5,False,False,0,2,0,0,0,0,0,11,0,7,0,0,0,12,2,2,0,0,1,1,0,0,0,0,0,0,0
2024,1238015,611,Fenerbahce,790,Edin Džeko,90,9,F,6.7,True,False,1,1,1,0,0,0,0,34,1,27,0,0,0,15,8,2,0,0,2,0,0,0,0,0,0,0,0
2024,1238015,611,Fenerbahce,19588,Bright Osayi-Samuel,19,21,D,6.6,False,True,0,0,0,0,0,0,0,3,0,3,1,0,0,3,2,0,0,0,1,0,0,0,0,0,0,0,0
2024,1238015,611,Fenerbahce,127609,Münir Levent Mercan,16,22,D,6.3,False,True,0,0,0,0,0,0,0,0,0,,0,0,0,2,1,0,0,0,1,0,0,0,0,0,0,0,0
2024,1238015,611,Fenerbahce,412703,Yusuf Akçiçek,1,95,D,,False,True,0,0,0,0,0,0,0,0,0,,0,0,0,0,0,0,0,0,0,0,0,0,0,0,0,0,0
2024,1238015,611,Fenerbahce,50097,Mert Hakan Yandaş,1,8,M,,False,True,0,0,0,0,0,0,0,4,0,2,0,0,0,0,0,0,0,0,0,0,0,0,0,0,0,0,0
2024,1238015,611,Fenerbahce,62137,İrfan Can Eğribayat,0,1,G,,False,True,0,0,0,0,0,0,0,0,0,,0,0,0,0,0,0,0,0,0,0,0,0,0,0,0,0,0
2024,1238015,611,Fenerbahce,785,Cengiz Ünder,0,20,F,,False,True,0,0,0,0,0,0,0,0,0,,0,0,0,0,0,0,0,0,0,0,0,0,0,0,0,0,0
2024,1238015,611,Fenerbahce,162004,Bartuğ Elmaz,0,28,M,,False,True,0,0,0,0,0,0,0,0,0,,0,0,0,0,0,0,0,0,0,0,0,0,0,0,0,0,0
2024,1238015,611,Fenerbahce,22173,Allan Saint-Maximin,0,97,F,,False,True,0,0,0,0,0,0,0,0,0,,0,0,0,0,0,0,0,0,0,0,0,0,0,0,0,0,0
2024,1238015,611,Fenerbahce,49857,İrfan Can Kahveci,0,17,M,,False,True,0,0,0,0,0,0,0,0,0,,0,0,0,0,0,0,0,0,0,0,0,0,0,0,0,0,0
2024,1238015,611,Fenerbahce,18768,Cenk Tosun,0,23,F,,False,True,0,0,0,0,0,0,0,0,0,,0,0,0,0,0,0,0,0,0,0,0,0,0,0,0,0,0
2024,1237906,1005,Antalyaspor,56115,Kenan Pirić,90,13,G,7.2,False,False,0,0,0,0,2,0,3,45,0,34,0,0,0,1,1,0,0,0,1,0,0,0,0,0,0,0,0
2024,1237906,1005,Antalyaspor,128850,Mert Yilmaz,90,27,D,6.3,False,False,0,1,0,0,0,0,0,33,2,28,0,0,1,3,2,0,0,1,2,0,0,0,0,0,0,0,0
2024,1237906,1005,Antalyaspor,50061,Veysel Sarı,75,89,D,6.3,True,False,0,0,0,0,0,0,0,50,0,38,0,2,1,4,1,0,0,1,0,1,0,0,0,0,0,0,0
2024,1237906,1005,Antalyaspor,9737,Thalisson Kelven,90,2,D,6.9,False,False,0,0,0,0,0,0,0,41,0,33,3,1,4,8,6,0,0,0,0,2,1,0,0,0,0,0,0
2024,1237906,1005,Antalyaspor,2151,Güray Vural,90,11,D,6.9,False,False,0,0,0,0,0,0,0,35,0,27,2,0,1,7,5,2,2,0,0,1,0,0,0,0,0,0,0
2024,1237906,1005,Antalyaspor,153565,Oleksandr Petrusenko,82,16,M,7.9,False,False,0,0,0,0,0,0,0,43,1,43,0,2,2,3,1,0,0,0,1,1,0,0,0,0,0,0,0
2024,1237906,1005,Antalyaspor,1964,Erdal Rakip,50,6,M,6.9,False,False,0,0,0,0,0,0,0,5,1,4,0,0,0,4,3,0,0,0,3,1,0,0,0,0,0,0,0
2024,1237906,1005,Antalyaspor,197784,Jakub Kałuziński,74,18,M,6.3,False,False,0,3,0,0,0,0,0,36,0,30,2,0,0,8,6,0,0,0,2,0,0,0,0,0,0,0,0
2024,1237906,1005,Antalyaspor,18854,Andros Townsend,74,25,F,6.9,False,False,0,0,0,0,0,0,0,25,1,22,0,0,0,3,2,1,1,0,1,0,0,0,0,0,0,0,0
2024,1237906,1005,Antalyaspor,50043,Braian Samudio,90,81,F,6.7,False,False,2,1,0,0,0,0,0,25,1,16,0,0,0,18,5,0,0,0,1,2,0,0,0,0,0,0,0
2024,1237906,1005,Antalyaspor,2114,Moussa Djenepo,90,12,F,6.5,False,False,0,1,0,0,0,0,0,14,1,13,1,0,0,14,4,6,2,0,1,2,0,0,0,0,0,0,0
2024,1237906,1005,Antalyaspor,62915,Soner Dikmen,40,5,M,6.6,False,True,0,1,0,0,0,0,0,21,1,17,0,0,0,1,1,0,0,0,0,0,0,0,0,0,0,0,0
2024,1237906,1005,Antalyaspor,37182,Sander van de Streek,16,22,M,6.9,False,True,0,1,0,0,0,0,0,8,1,7,1,0,0,2,2,0,0,0,0,0,0,0,0,0,0,0,0
2024,1237906,1005,Antalyaspor,6629,Adolfo Gaich,16,9,F,6.3,False,True,0,0,0,0,0,0,0,6,0,4,0,0,1,3,2,0,0,0,0,0,0,0,0,0,0,0,0
2024,1237906,1005,Antalyaspor,382221,Amar Gerxhaliu,15,4,D,6.2,False,True,0,0,0,0,0,0,0,14,0,12,0,0,0,0,0,0,0,0,0,0,0,0,0,0,0,0,0
2024,1237906,1005,Antalyaspor,111274,Ramzi Safuri,8,8,M,6.6,False,True,0,0,0,0,0,0,0,13,0,10,0,0,1,2,1,0,0,0,0,0,0,0,0,0,0,0,0
2024,1237906,1005,Antalyaspor,157911,Abdullah Yiğiter,0,21,G,,False,True,0,0,0,0,0,0,0,0,0,,0,0,0,0,0,0,0,0,0,0,0,0,0,0,0,0,0
2024,1237906,1005,Antalyaspor,101413,Abdurrahim Dursun,0,77,D,,False,True,0,0,0,0,0,0,0,0,0,,0,0,0,0,0,0,0,0,0,0,0,0,0,0,0,0,0
2024,1237906,1005,Antalyaspor,50098,Erdoğan Yeşilyurt,0,17,M,,False,True,0,0,0,0,0,0,0,0,0,,0,0,0,0,0,0,0,0,0,0,0,0,0,0,0,0,0
2024,1237906,1005,Antalyaspor,393245,Burak Ingenc,0,91,M,,False,True,0,0,0,0,0,0,0,0,0,,0,0,0,0,0,0,0,0,0,0,0,0,0,0,0,0,0
2024,1237906,1005,Antalyaspor,391598,Emre Uzun,0,20,M,,False,True,0,0,0,0,0,0,0,0,0,,0,0,0,0,0,0,0,0,0,0,0,0,0,0,0,0,0
2024,1237906,611,Fenerbahce,1305,Dominik Livaković,90,40,G,6.9,False,False,0,0,0,0,0,0,0,32,0,24,0,0,0,0,0,0,0,0,0,0,0,0,0,0,0,0,0
2024,1237906,611,Fenerbahce,1719,Mert Müldür,90,16,D,7.5,False,False,0,1,0,0,0,0,0,31,0,27,6,0,4,11,7,0,0,2,1,1,0,0,0,0,0,0,0
2024,1237906,611,Fenerbahce,18776,Çağlar Söyüncü,90,4,D,6.9,False,False,0,1,0,0,0,0,0,48,0,40,1,0,0,9,7,0,0,0,1,1,0,0,0,0,0,0,0
2024,1237906,611,Fenerbahce,21633,Alexander Djiku,45,6,D,6.9,False,False,0,0,0,0,0,0,0,42,1,42,0,0,1,8,5,0,0,0,2,1,1,0,0,0,0,0,0
2024,1237906,611,Fenerbahce,272721,Jayden Oosterwolde,90,24,D,7.3,False,False,0,0,0,0,0,0,0,49,1,40,1,0,2,7,3,0,0,0,0,2,0,0,0,0,0,0,0
2024,1237906,611,Fenerbahce,214463,İsmail Yüksek,45,5,M,6.3,False,False,0,1,0,0,0,0,0,14,0,11,0,0,0,2,0,0,0,1,0,1,0,0,0,0,0,0,0
2024,1237906,611,Fenerbahce,74,Sofyan Amrabat,90,34,M,6.9,False,False,0,1,0,0,0,0,0,59,0,52,0,0,1,5,0,0,0,0,0,1,0,0,0,0,0,0,0
2024,1237906,611,Fenerbahce,554,Dušan Tadić,90,10,M,7.3,False,False,1,1,1,1,0,0,0,28,1,20,3,0,1,12,7,1,0,1,3,0,0,0,0,0,0,0,0
2024,1237906,611,Fenerbahce,40403,Sebastian Szymański,85,53,M,6.3,False,False,0,2,2,0,0,0,0,19,1,15,2,0,0,4,2,0,0,0,0,1,0,0,0,0,0,0,0
2024,1237906,611,Fenerbahce,22173,Allan Saint-Maximin,69,97,M,7.3,False,False,1,2,2,0,0,0,0,15,0,11,0,0,0,5,2,3,2,1,0,1,0,0,0,0,0,0,0
2024,1237906,611,Fenerbahce,790,Edin Džeko,79,9,F,6.9,True,False,1,1,1,0,0,0,0,13,1,12,0,0,0,7,3,1,0,0,3,1,0,0,0,0,0,0,0
2024,1237906,611,Fenerbahce,1821,Filip Kostić,45,18,M,6.9,False,True,1,0,0,0,0,0,0,17,1,13,0,1,0,1,0,0,0,0,0,1,0,0,0,0,0,0,0
2024,1237906,611,Fenerbahce,905,Fred,45,13,M,7.5,False,True,1,1,0,0,0,1,0,26,2,18,1,0,1,4,1,0,0,0,0,1,0,0,0,0,0,0,0
2024,1237906,611,Fenerbahce,829,Rodrigo Becão,21,50,D,6.7,False,True,0,0,0,0,0,0,0,9,0,9,1,0,0,2,1,0,0,0,0,1,0,0,0,0,0,0,0
2024,1237906,611,Fenerbahce,47422,Youssef En-Nesyri,11,19,F,6.3,False,True,0,0,0,0,0,0,0,2,0,1,0,0,0,2,1,0,0,0,0,0,0,0,0,0,0,0,0
2024,1237906,611,Fenerbahce,50097,Mert Hakan Yandaş,12,8,M,6.3,False,True,0,0,0,0,0,0,0,3,0,2,0,0,1,2,0,0,0,0,0,0,0,0,0,0,0,0,0
2024,1237906,611,Fenerbahce,210244,Osman Ertuğrul Çetin,0,54,G,,False,True,0,0,0,0,0,0,0,0,0,,0,0,0,0,0,0,0,0,0,0,0,0,0,0,0,0,0
2024,1237906,611,Fenerbahce,134590,Oğuz Aydın,0,70,F,,False,True,0,0,0,0,0,0,0,0,0,,0,0,0,0,0,0,0,0,0,0,0,0,0,0,0,0,0
2024,1237906,611,Fenerbahce,49857,İrfan Can Kahveci,0,17,M,,False,True,0,0,0,0,0,0,0,0,0,,0,0,0,0,0,0,0,0,0,0,0,0,0,0,0,0,0
2024,1237906,611,Fenerbahce,785,Cengiz Ünder,0,20,F,,False,True,0,0,0,0,0,0,0,0,0,,0,0,0,0,0,0,0,0,0,0,0,0,0,0,0,0,0
2024,1237906,611,Fenerbahce,18768,Cenk Tosun,0,23,F,,False,True,0,0,0,0,0,0,0,0,0,,0,0,0,0,0,0,0,0,0,0,0,0,0,0,0,0,0
2024,1238063,611,Fenerbahce,62137,İrfan Can Eğribayat,90,1,G,7,False,False,0,0,0,0,1,0,4,37,0,26,0,0,0,0,0,0,0,0,0,0,0,0,0,0,0,0,0
2024,1238063,611,Fenerbahce,198,Milan Škriniar,90,37,D,6.3,False,False,0,0,0,0,0,0,0,53,0,48,1,0,0,6,3,0,0,1,1,1,0,0,0,0,0,0,0
2024,1238063,611,Fenerbahce,74,Sofyan Amrabat,90,34,D,6.9,False,False,0,0,0,0,0,0,0,54,0,51,1,0,5,6,3,0,0,0,1,1,0,0,0,0,0,0,0
2024,1238063,611,Fenerbahce,127609,Levent Mercan,75,22,D,6.7,False,False,0,0,0,0,0,0,0,63,0,49,1,0,0,6,3,2,2,0,0,2,0,0,0,0,0,0,0
2024,1238063,611,Fenerbahce,1719,Mert Müldür,65,16,M,7.5,False,False,0,0,0,0,0,1,0,39,2,32,3,0,1,7,5,0,0,1,2,0,0,0,0,0,0,0,0
2024,1238063,611,Fenerbahce,50097,Mert Hakan Yandaş,83,8,M,7.2,True,False,0,0,0,0,0,0,0,30,2,29,2,0,3,11,6,2,0,1,2,1,0,0,0,0,0,0,0
2024,1238063,611,Fenerbahce,905,Fred,90,13,M,6.9,False,False,0,0,0,0,0,0,0,61,0,52,1,1,1,10,3,0,0,3,2,4,0,0,0,0,0,0,0
2024,1238063,611,Fenerbahce,134590,Oğuz Aydın,75,70,M,7.9,False,False,0,2,2,1,0,0,0,36,1,29,2,0,0,8,5,0,0,1,2,2,0,0,0,0,0,0,0
2024,1238063,611,Fenerbahce,554,Dušan Tadić,90,10,F,7.3,False,False,0,1,0,0,0,0,0,36,1,25,3,0,2,11,6,1,1,0,2,2,0,0,0,0,0,0,0
2024,1238063,611,Fenerbahce,47422,Youssef En-Nesyri,90,19,F,8,False,False,0,4,3,2,0,0,0,9,1,6,0,0,0,4,1,2,0,0,0,0,0,0,0,0,0,0,0
2024,1238063,611,Fenerbahce,12724,Anderson Talisca,65,94,F,6.6,False,False,0,2,0,0,0,0,0,18,0,13,0,0,1,4,1,0,0,0,0,1,1,0,0,0,0,0,0
2024,1238063,611,Fenerbahce,19588,Bright Osayi-Samuel,25,21,D,6.7,False,True,0,0,0,0,0,0,0,3,0,3,1,0,0,1,1,0,0,0,0,0,0,0,0,0,0,0,0
2024,1238063,611,Fenerbahce,790,Edin Džeko,25,9,F,7.5,False,True,0,1,1,0,0,1,0,15,2,9,0,0,0,3,1,0,0,0,0,1,0,0,0,0,0,0,0
2024,1238063,611,Fenerbahce,412703,Yusuf Akçiçek,15,95,D,6.9,False,True,0,0,0,0,0,0,0,2,0,1,1,1,0,1,1,0,0,0,0,0,0,0,0,0,0,0,0
2024,1238063,611,Fenerbahce,1821,Filip Kostić,15,18,M,6.7,False,True,0,0,0,0,0,0,0,4,0,3,0,0,0,0,0,0,0,0,0,0,0,0,0,0,0,0,0
2024,1238063,611,Fenerbahce,49857,İrfan Can Kahveci,12,17,M,6.3,False,True,0,0,0,0,0,0,0,0,0,,0,0,0,0,0,0,0,0,0,0,0,0,0,0,0,0,0
2024,1238063,611,Fenerbahce,500088,Engin Biterge,0,57,G,,False,True,0,0,0,0,0,0,0,0,0,,0,0,0,0,0,0,0,0,0,0,0,0,0,0,0,0,0
2024,1238063,611,Fenerbahce,210244,Osman Ertuğrul Çetin,0,54,G,,False,True,0,0,0,0,0,0,0,0,0,,0,0,0,0,0,0,0,0,0,0,0,0,0,0,0,0,0
2024,1238063,611,Fenerbahce,22173,Allan Saint-Maximin,0,97,F,,False,True,0,0,0,0,0,0,0,0,0,,0,0,0,0,0,0,0,0,0,0,0,0,0,0,0,0,0
2024,1238063,611,Fenerbahce,50221,Burak Kapacak,0,7,M,,False,True,0,0,0,0,0,0,0,0,0,,0,0,0,0,0,0,0,0,0,0,0,0,0,0,0,0,0
2024,1238063,611,Fenerbahce,18768,Cenk Tosun,0,23,F,,False,True,0,0,0,0,0,0,0,0,0,,0,0,0,0,0,0,0,0,0,0,0,0,0,0,0,0,0
2024,1238063,1004,Kasimpasa,1588,Andreas Gianniotis,90,1,G,6.3,False,False,0,0,0,0,3,0,3,31,0,25,0,0,0,0,0,0,0,0,0,0,0,0,0,0,0,0,0
2024,1238063,1004,Kasimpasa,119762,Kamil Piątkowski,90,91,D,6.6,False,False,0,0,0,0,0,0,0,57,0,47,0,1,3,5,3,0,0,0,1,1,0,0,0,0,0,0,0
2024,1238063,1004,Kasimpasa,3418,Nicholas Opoku,59,20,D,6.3,False,False,0,0,0,0,0,0,0,38,0,35,0,1,1,2,2,0,0,0,0,0,0,0,0,0,0,0,0
2024,1238063,1004,Kasimpasa,376039,Yasin Özcan,90,58,D,6.9,False,False,0,0,0,0,0,0,0,60,0,56,3,1,2,7,6,1,1,0,0,0,0,0,0,0,0,0,0
2024,1238063,1004,Kasimpasa,10563,Cláudio Winck,90,2,M,6.9,False,False,0,2,0,0,0,1,0,38,2,31,1,0,1,8,4,1,0,0,1,3,1,0,0,0,0,0,0
2024,1238063,1004,Kasimpasa,50067,Haris Hajradinović,90,10,M,7.9,True,False,0,4,3,0,0,0,0,68,4,59,0,0,0,14,9,3,2,0,7,1,0,0,0,0,0,0,0
2024,1238063,1004,Kasimpasa,40401,Cafú,79,8,M,6.5,False,False,0,0,0,0,0,0,0,68,1,60,0,0,1,8,0,1,0,1,0,3,0,0,0,0,0,0,0
2024,1238063,1004,Kasimpasa,49469,Mortadha Ben Ouanes,65,12,M,6.2,False,False,0,0,0,0,0,0,0,28,0,22,0,0,0,3,1,0,0,0,1,0,0,0,0,0,0,0,0
2024,1238063,1004,Kasimpasa,47304,Kévin Rodrigues,90,77,M,6.9,False,False,0,1,0,0,0,0,0,68,1,63,1,0,1,6,4,2,1,0,2,0,0,0,0,0,0,0,0
2024,1238063,1004,Kasimpasa,8642,Mamadou Fall,90,7,F,7.2,False,False,0,1,1,1,0,0,0,19,1,14,0,0,0,9,4,1,0,1,3,1,0,0,0,0,0,0,0
2024,1238063,1004,Kasimpasa,22265,Nuno Da Costa,90,18,F,6.7,False,False,1,3,1,0,0,0,0,23,1,17,2,0,0,10,4,2,2,1,0,2,0,0,0,0,0,0,0
2024,1238063,1004,Kasimpasa,2762,Josip Brekalo,31,9,M,6.5,False,True,0,0,0,0,0,0,0,22,0,20,0,0,0,2,0,1,0,0,0,1,0,0,0,0,0,0,0
2024,1238063,1004,Kasimpasa,30803,Antonín Barák,25,72,M,6.3,False,True,0,0,0,0,0,0,0,30,0,29,0,0,0,3,2,2,1,0,0,0,0,0,0,0,0,0,0
2024,1238063,1004,Kasimpasa,128955,Can Keleş,11,11,F,6.3,False,True,0,0,0,0,0,0,0,10,0,8,0,0,0,1,0,1,0,0,0,0,0,0,0,0,0,0,0
2024,1238063,1004,Kasimpasa,8440,Sinan Bolat,0,38,G,,False,True,0,0,0,0,0,0,0,0,0,,0,0,0,0,0,0,0,0,0,0,0,0,0,0,0,0,0
2024,1238063,1004,Kasimpasa,1343,Sadık Çiftpınar,0,5,D,,False,True,0,0,0,0,0,0,0,0,0,,0,0,0,0,0,0,0,0,0,0,0,0,0,0,0,0,0
2024,1238063,1004,Kasimpasa,62385,Atakan Ayna,0,54,M,,False,True,0,0,0,0,0,0,0,0,0,,0,0,0,0,0,0,0,0,0,0,0,0,0,0,0,0,0
2024,1238063,1004,Kasimpasa,25522,Gökhan Gül,0,6,M,,False,True,0,0,0,0,0,0,0,0,0,,0,0,0,0,0,0,0,0,0,0,0,0,0,0,0,0,0
2024,1238063,1004,Kasimpasa,480400,Yaman Suakar,0,15,M,,False,True,0,0,0,0,0,0,0,0,0,,0,0,0,0,0,0,0,0,0,0,0,0,0,0,0,0,0
2024,1238063,1004,Kasimpasa,430449,Emirhan Yiğit,0,42,F,,False,True,0,0,0,0,0,0,0,0,0,,0,0,0,0,0,0,0,0,0,0,0,0,0,0,0,0,0
2024,1238063,1004,Kasimpasa,441998,Sinan Alkas,0,23,F,,False,True,0,0,0,0,0,0,0,0,0,,0,0,0,0,0,0,0,0,0,0,0,0,0,0,0,0,0
2024,1238113,611,Fenerbahce,1305,Dominik Livaković,90,40,G,6.3,False,False,0,0,0,0,1,0,2,17,0,9,0,0,0,0,0,0,0,0,0,0,0,0,0,0,0,0,0
2024,1238113,611,Fenerbahce,19588,Bright Osayi-Samuel,90,21,D,7.3,False,False,0,1,0,0,0,0,0,42,2,37,1,0,0,14,8,5,3,0,3,2,0,0,1,0,0,0,0
2024,1238113,611,Fenerbahce,198,Milan Škriniar,90,37,D,7.9,False,False,0,1,1,1,0,0,0,61,0,51,3,2,0,7,4,0,0,1,0,1,0,0,0,0,0,0,0
2024,1238113,611,Fenerbahce,21633,Alexander Djiku,45,6,D,6.7,False,False,0,0,0,0,0,0,0,32,0,30,1,0,2,6,2,0,0,0,0,1,1,0,0,0,0,0,0
2024,1238113,611,Fenerbahce,1719,Mert Müldür,90,16,D,7,False,False,0,1,0,0,0,0,0,42,1,35,7,0,2,13,9,0,0,2,1,0,0,0,0,0,0,0,0
2024,1238113,611,Fenerbahce,905,Fred,90,13,M,7.3,False,False,0,2,1,0,0,0,0,48,1,42,2,0,1,12,5,2,1,1,2,1,0,0,0,0,0,0,0
2024,1238113,611,Fenerbahce,74,Sofyan Amrabat,90,34,M,6.6,False,False,0,1,1,0,0,0,0,58,0,48,1,0,1,6,3,0,0,1,2,1,1,0,0,0,0,0,0
2024,1238113,611,Fenerbahce,554,Dušan Tadić,67,10,M,7,False,False,0,0,0,0,0,0,0,32,1,28,4,0,0,11,6,1,1,0,1,2,0,0,0,0,0,0,0
2024,1238113,611,Fenerbahce,40403,Sebastian Szymański,81,53,M,6.9,False,False,0,0,0,0,0,0,0,22,0,15,1,0,1,9,5,1,0,2,4,0,0,0,0,0,0,0,0
2024,1238113,611,Fenerbahce,22173,Allan Saint-Maximin,67,97,M,7.2,False,False,0,2,1,0,0,1,0,21,2,15,2,0,0,11,7,3,1,0,3,0,0,0,0,0,0,0,0
2024,1238113,611,Fenerbahce,790,Edin Džeko,86,9,F,7.5,True,False,0,3,1,0,0,0,0,21,5,16,0,0,0,6,3,0,0,1,1,0,0,0,0,0,0,0,0
2024,1238113,611,Fenerbahce,12724,Anderson Talisca,45,94,M,9.2,False,True,0,3,3,3,0,0,0,15,2,14,0,0,0,2,0,0,0,1,0,0,0,0,0,0,1,0,0
2024,1238113,611,Fenerbahce,18776,Çağlar Söyüncü,23,4,D,7.7,False,True,0,0,0,0,0,0,0,9,0,9,4,4,0,5,4,0,0,0,0,0,0,0,0,0,0,0,0
2024,1238113,611,Fenerbahce,134590,Oğuz Aydın,23,70,F,6.6,False,True,0,1,0,0,0,0,0,3,1,3,0,0,0,0,0,0,0,0,0,0,0,0,0,0,0,0,0
2024,1238113,611,Fenerbahce,49857,İrfan Can Kahveci,9,17,M,6.7,False,True,0,0,0,0,0,0,0,6,0,2,1,0,0,3,2,0,0,0,1,0,0,0,0,0,0,0,0
2024,1238113,611,Fenerbahce,18768,Cenk Tosun,10,23,F,6.7,False,True,0,0,0,0,0,0,0,0,0,,0,0,0,1,1,0,0,0,1,0,0,0,0,0,0,0,0
2024,1238113,611,Fenerbahce,210244,Osman Ertuğrul Çetin,0,54,G,,False,True,0,0,0,0,0,0,0,0,0,,0,0,0,0,0,0,0,0,0,0,0,0,0,0,0,0,0
2024,1238113,611,Fenerbahce,127609,Levent Mercan,0,22,D,,False,True,0,0,0,0,0,0,0,0,0,,0,0,0,0,0,0,0,0,0,0,0,0,0,0,0,0,0
2024,1238113,611,Fenerbahce,412703,Yusuf Akçiçek,0,95,D,,False,True,0,0,0,0,0,0,0,0,0,,0,0,0,0,0,0,0,0,0,0,0,0,0,0,0,0,0
2024,1238113,611,Fenerbahce,50097,Mert Hakan Yandaş,0,8,M,,False,True,0,0,0,0,0,0,0,0,0,,0,0,0,0,0,0,0,0,0,0,0,0,0,0,0,0,0
2024,1238113,611,Fenerbahce,47422,Youssef En-Nesyri,0,19,F,,False,True,0,0,0,0,0,0,0,0,0,,0,0,0,0,0,0,0,0,0,0,0,0,0,0,0,0,0
2024,1238113,998,Trabzonspor,49866,Uğurcan Çakır,90,1,G,6.7,True,False,0,0,0,0,4,0,4,47,0,32,0,0,0,0,0,0,0,0,0,0,0,0,0,0,0,0,0
2024,1238113,998,Trabzonspor,302152,Pedro Malheiro,90,79,D,5.2,False,False,0,0,0,0,0,0,0,29,0,24,2,0,0,11,3,5,1,1,0,2,1,0,0,0,0,0,0
2024,1238113,998,Trabzonspor,47443,Okay Yokuşlu,90,35,D,6.2,False,False,0,0,0,0,0,0,0,53,1,44,1,0,1,3,2,0,0,0,0,0,0,0,0,0,0,0,0
2024,1238113,998,Trabzonspor,39,Stefan Savić,90,15,D,6.6,False,False,0,0,0,0,0,0,0,53,0,48,2,2,2,6,4,1,1,0,0,2,1,0,0,0,0,0,0
2024,1238113,998,Trabzonspor,338815,Arif Boşluk,70,77,D,6.3,False,False,0,0,0,0,0,0,0,38,0,31,2,1,3,11,4,2,1,3,0,2,0,0,0,0,0,0,0
2024,1238113,998,Trabzonspor,62323,Mustafa Eskihellaç,70,19,D,5.9,False,False,0,0,0,0,0,0,0,21,1,14,3,0,0,9,5,1,0,1,2,2,0,0,0,1,0,0,0
2024,1238113,998,Trabzonspor,105320,Oleksandr Zubkov,90,22,M,7,False,False,1,3,2,0,0,0,0,30,5,23,0,0,0,10,2,5,1,1,1,2,0,0,0,0,0,0,0
2024,1238113,998,Trabzonspor,21087,Batista Mendy,80,6,M,6.9,False,False,0,1,0,0,0,0,0,32,0,30,2,0,1,7,6,2,2,0,2,0,0,0,0,0,0,0,0
2024,1238113,998,Trabzonspor,19104,John Lundstram,65,5,M,6.9,False,False,0,0,0,0,0,0,0,22,1,18,2,2,1,6,2,0,0,0,0,4,1,0,0,0,0,0,0
2024,1238113,998,Trabzonspor,43092,Denis Drăguş,65,70,M,6.9,False,False,0,1,1,1,0,0,0,16,0,10,2,0,0,13,7,4,2,0,2,3,0,0,0,0,0,0,0
2024,1238113,998,Trabzonspor,20674,Simon Banza,90,17,F,6.9,False,False,0,1,0,0,0,1,0,17,2,12,2,0,0,14,7,3,1,0,1,0,0,0,0,0,0,0,0
2024,1238113,998,Trabzonspor,49860,Edin Višća,25,7,M,6.5,False,True,0,0,0,0,0,0,0,11,1,10,1,0,0,4,1,2,0,0,0,0,0,0,0,0,0,0,0
2024,1238113,998,Trabzonspor,49942,Ozan Tufan,25,11,M,6.7,False,True,0,0,0,0,0,0,0,14,1,14,1,0,0,2,1,0,0,0,0,1,0,0,0,0,0,0,0
2024,1238113,998,Trabzonspor,286839,Serdar Saatçı,20,29,D,4.3,False,True,0,0,0,0,0,0,0,13,0,12,0,0,0,3,0,1,0,0,0,0,0,0,0,0,0,0,0
2024,1238113,998,Trabzonspor,319514,Cihan Çanak,20,61,F,6.6,False,True,0,0,0,0,0,0,0,8,0,7,1,1,1,4,2,1,0,0,0,0,0,0,0,0,0,0,0
2024,1238113,998,Trabzonspor,49891,Anthony Nwakaeme,10,9,F,6.7,False,True,0,0,0,0,0,0,0,11,0,10,0,0,0,3,1,1,0,0,0,1,0,0,0,0,0,0,0
2024,1238113,998,Trabzonspor,135934,Muhammet Taha Tepe,0,54,G,,False,True,0,0,0,0,0,0,0,0,0,,0,0,0,0,0,0,0,0,0,0,0,0,0,0,0,0,0
2024,1238113,998,Trabzonspor,338816,Ali Şahin Yılmaz,0,84,D,,False,True,0,0,0,0,0,0,0,0,0,,0,0,0,0,0,0,0,0,0,0,0,0,0,0,0,0,0
2024,1238113,998,Trabzonspor,22408,Tim Jabol-Folcarelli,0,26,M,,False,True,0,0,0,0,0,0,0,0,0,,0,0,0,0,0,0,0,0,0,0,0,0,0,0,0,0,0
2024,1238113,998,Trabzonspor,107303,Danylo Sikan,0,14,F,,False,True,0,0,0,0,0,0,0,0,0,,0,0,0,0,0,0,0,0,0,0,0,0,0,0,0,0,0
2024,1238113,998,Trabzonspor,182422,Enis Destan,0,94,F,,False,True,0,0,0,0,0,0,0,0,0,,0,0,0,0,0,0,0,0,0,0,0,0,0,0,0,0,0
2024,1238071,645,Galatasaray,429,Fernando Muslera,90,1,G,7.7,True,False,0,0,0,0,0,0,3,34,0,25,0,0,0,1,1,0,0,0,1,0,0,0,0,0,0,0,0
2024,1238071,645,Galatasaray,3007,Przemysław Frankowski,90,29,D,7.2,False,False,0,0,0,0,0,0,0,58,0,48,3,0,0,7,4,0,0,0,0,1,0,0,0,0,0,0,0
2024,1238071,645,Galatasaray,168,Davinson Sánchez,90,6,D,7.7,False,False,0,1,0,0,0,0,0,68,0,55,3,0,3,12,9,0,0,0,1,3,1,0,0,0,0,0,0
2024,1238071,645,Galatasaray,61837,Abdülkerim Bardakcı,90,42,D,7,False,False,0,0,0,0,0,0,0,37,0,31,2,0,1,7,6,0,0,0,0,0,0,0,0,0,0,0,0
2024,1238071,645,Galatasaray,50057,Eren Elmalı,78,17,D,6.9,False,False,0,0,0,0,0,0,0,32,0,27,1,0,0,5,4,1,1,1,0,0,0,0,0,0,0,0,0
2024,1238071,645,Galatasaray,1462,Lucas Torreira,90,34,M,7,False,False,0,1,0,0,0,0,0,45,0,38,2,0,1,7,3,0,0,1,1,2,0,0,0,0,0,0,0
2024,1238071,645,Galatasaray,18947,Mario Lemina,90,99,M,7.3,False,False,0,1,1,0,0,0,0,42,0,35,3,0,2,12,6,1,1,2,1,3,0,0,0,0,0,0,0
2024,1238071,645,Galatasaray,26252,Roland Sallai,89,7,M,6,False,False,0,0,0,0,0,0,0,26,0,20,0,0,0,16,3,1,0,0,2,7,1,0,0,0,0,0,0
2024,1238071,645,Galatasaray,80552,Gabriel Sara,69,20,M,6.6,False,False,0,0,0,0,0,0,0,29,0,26,0,0,0,8,4,0,0,0,3,0,0,0,0,0,0,0,0
2024,1238071,645,Galatasaray,63274,Barış Alper Yılmaz,90,53,M,6.6,False,False,0,0,0,0,0,0,0,23,1,18,1,0,1,15,7,2,0,0,2,1,1,0,0,0,0,0,0
2024,1238071,645,Galatasaray,2780,Victor Osimhen,89,45,F,6.7,False,False,0,1,0,0,0,0,0,9,0,8,0,0,0,13,7,1,0,0,3,2,1,0,0,0,0,0,0
2024,1238071,645,Galatasaray,454,Yunus Akgün,21,11,F,6.6,False,True,0,0,0,0,0,0,0,17,0,14,0,0,0,1,1,0,0,0,1,0,1,0,0,0,0,0,0
2024,1238071,645,Galatasaray,332,Dries Mertens,12,10,F,6.6,False,True,0,0,0,0,0,0,0,3,0,2,1,0,0,2,1,0,0,0,0,1,0,0,0,0,0,0,0
2024,1238071,645,Galatasaray,25448,Kaan Ayhan,1,23,D,,False,True,0,0,0,0,0,0,0,0,0,,0,0,0,0,0,0,0,0,0,0,0,0,0,0,0,0,0
2024,1238071,645,Galatasaray,422,Ahmed Kutucu,1,21,F,,False,True,0,0,0,0,0,0,0,2,0,1,0,0,0,1,1,0,0,0,0,0,0,0,0,0,0,0,0
2024,1238071,645,Galatasaray,61950,Günay Güvenç,0,19,G,,False,True,0,0,0,0,0,0,0,0,0,,0,0,0,0,0,0,0,0,0,0,0,0,0,0,0,0,0
2024,1238071,645,Galatasaray,341234,Elias Jelert,0,24,D,,False,True,0,0,0,0,0,0,0,0,0,,0,0,0,0,0,0,0,0,0,0,0,0,0,0,0,0,0
2024,1238071,645,Galatasaray,13283,Carlos Cuesta,0,26,D,,False,True,0,0,0,0,0,0,0,0,0,,0,0,0,0,0,0,0,0,0,0,0,0,0,0,0,0,0
2024,1238071,645,Galatasaray,264627,Berkan Kutlu,0,18,M,,False,True,0,0,0,0,0,0,0,0,0,,0,0,0,0,0,0,0,0,0,0,0,0,0,0,0,0,0
2024,1238071,645,Galatasaray,717,Kerem Demirbay,0,8,M,,False,True,0,0,0,0,0,0,0,0,0,,0,0,0,0,0,0,0,0,0,0,0,0,0,0,0,0,0
2024,1238071,645,Galatasaray,131294,Yusuf Demir,0,30,F,,False,True,0,0,0,0,0,0,0,0,0,,0,0,0,0,0,0,0,0,0,0,0,0,0,0,0,0,0
2024,1238071,611,Fenerbahce,62137,İrfan Can Eğribayat,90,1,G,7,False,False,0,0,0,0,0,0,1,23,0,9,0,0,1,1,1,0,0,0,1,0,0,0,0,0,0,0,0
2024,1238071,611,Fenerbahce,18776,Çağlar Söyüncü,61,4,D,7.2,False,False,0,1,1,0,0,0,0,23,0,18,3,0,0,10,7,0,0,0,1,2,1,0,0,0,0,0,0
2024,1238071,611,Fenerbahce,198,Milan Škriniar,90,37,D,7,False,False,0,0,0,0,0,0,0,34,0,30,0,0,1,6,3,0,0,0,1,3,0,0,0,0,0,0,0
2024,1238071,611,Fenerbahce,412703,Yusuf Akçiçek,90,95,D,7.5,False,False,0,0,0,0,0,0,0,28,0,26,2,0,1,8,4,0,0,0,1,2,0,0,0,0,0,0,0
2024,1238071,611,Fenerbahce,134590,Oğuz Aydın,83,70,M,6.2,False,False,0,0,0,0,0,0,0,18,0,9,0,0,0,6,1,3,1,0,0,1,0,0,0,0,0,0,0
2024,1238071,611,Fenerbahce,905,Fred,90,13,M,7.2,False,False,0,2,0,0,0,0,0,50,0,40,1,0,0,11,7,2,2,1,3,1,1,0,0,0,0,0,0
2024,1238071,611,Fenerbahce,40403,Sebastian Szymański,61,53,M,6.9,False,False,0,0,0,0,0,0,0,11,0,7,3,0,0,9,6,0,0,1,3,1,0,0,0,0,0,0,0
2024,1238071,611,Fenerbahce,1821,Filip Kostić,90,18,M,7.2,False,False,0,0,0,0,0,0,0,29,3,20,3,0,1,11,6,1,0,0,2,1,0,0,0,0,0,0,0
2024,1238071,611,Fenerbahce,554,Dušan Tadić,90,10,F,6.7,False,False,0,0,0,0,0,0,0,16,2,12,1,0,1,10,3,0,0,0,2,1,0,0,0,0,0,0,0
2024,1238071,611,Fenerbahce,47422,Youssef En-Nesyri,90,19,F,6.7,False,False,0,3,0,0,0,0,0,4,0,3,0,0,1,9,1,1,0,0,0,0,0,0,0,0,0,0,0
2024,1238071,611,Fenerbahce,790,Edin Džeko,83,9,F,6.9,True,False,2,1,1,0,0,0,0,16,1,9,0,0,0,12,5,0,0,0,2,1,0,0,0,0,0,0,0
2024,1238071,611,Fenerbahce,21633,Alexander Djiku,29,6,D,6.9,False,True,0,1,1,0,0,0,0,9,0,8,0,0,2,5,2,0,0,0,0,1,0,0,0,0,0,0,0
2024,1238071,611,Fenerbahce,74,Sofyan Amrabat,29,34,M,6.2,False,True,0,0,0,0,0,0,0,9,0,4,0,0,1,5,2,2,1,0,1,1,0,0,0,0,0,0,0
2024,1238071,611,Fenerbahce,1719,Mert Müldür,13,16,D,6.6,False,True,0,0,0,0,0,0,0,3,0,3,1,0,0,2,2,0,0,0,1,0,0,0,0,0,0,0,0
2024,1238071,611,Fenerbahce,12724,Anderson Talisca,13,94,M,6.3,False,True,0,0,0,0,0,0,0,1,0,1,0,0,0,2,0,1,0,0,0,0,0,0,0,0,0,0,0
2024,1238071,611,Fenerbahce,1305,Dominik Livaković,0,40,G,,False,True,0,0,0,0,0,0,0,0,0,,0,0,0,0,0,0,0,0,0,0,0,0,0,0,0,0,0
2024,1238071,611,Fenerbahce,210244,Osman Ertuğrul Çetin,0,54,G,,False,True,0,0,0,0,0,0,0,0,0,,0,0,0,0,0,0,0,0,0,0,0,0,0,0,0,0,0
2024,1238071,611,Fenerbahce,19588,Bright Osayi-Samuel,0,21,D,,False,True,0,0,0,0,0,0,0,0,0,,0,0,0,0,0,0,0,0,0,0,0,0,0,0,0,0,0
2024,1238071,611,Fenerbahce,50097,Mert Hakan Yandaş,0,8,M,,False,True,0,0,0,0,0,0,0,0,0,,0,0,0,0,0,0,0,0,0,0,0,0,0,0,0,0,0
2024,1238071,611,Fenerbahce,49857,İrfan Can Kahveci,0,17,M,,False,True,0,0,0,0,0,0,0,0,0,,0,0,0,0,0,0,0,0,0,0,0,0,0,0,0,0,0
2024,1238071,611,Fenerbahce,18768,Cenk Tosun,0,23,F,,False,True,0,0,0,0,0,0,0,0,0,,0,0,0,0,0,0,0,0,0,0,0,0,0,0,0,0,0
2024,1238153,611,Fenerbahce,62137,İrfan Can Eğribayat,90,1,G,7.3,False,False,0,0,0,0,1,0,3,26,0,18,0,0,0,2,2,0,0,0,1,0,0,0,0,0,0,0,1
2024,1238153,611,Fenerbahce,19588,Bright Osayi-Samuel,59,21,D,6.9,False,False,0,0,0,0,0,0,0,20,1,17,1,0,0,7,6,1,1,0,4,0,0,0,0,0,0,0,0
2024,1238153,611,Fenerbahce,198,Milan Škriniar,90,37,D,6.9,False,False,0,1,1,0,0,0,0,66,2,59,1,0,0,5,1,0,0,0,0,3,1,0,0,0,0,0,0
2024,1238153,611,Fenerbahce,18776,Çağlar Söyüncü,58,4,D,6.6,False,False,0,0,0,0,0,0,0,39,0,34,0,0,0,3,3,0,0,0,3,0,1,0,0,0,0,0,0
2024,1238153,611,Fenerbahce,1719,Mert Müldür,90,16,D,6.9,False,False,0,0,0,0,0,0,0,51,1,41,3,0,1,17,10,3,3,2,1,2,0,0,0,0,0,0,0
2024,1238153,611,Fenerbahce,40403,Sebastian Szymański,45,53,M,6.6,False,False,0,0,0,0,0,0,0,11,1,8,1,0,0,5,3,0,0,1,2,0,0,0,0,0,0,0,0
2024,1238153,611,Fenerbahce,905,Fred,84,13,M,7.5,True,False,0,2,1,0,0,0,0,67,1,57,1,0,2,7,4,1,1,0,2,2,0,0,0,0,0,0,0
2024,1238153,611,Fenerbahce,214463,İsmail Yüksek,90,5,M,7.3,False,False,0,0,0,0,0,0,0,38,1,32,4,0,1,12,8,1,1,0,3,3,0,0,0,0,0,0,0
2024,1238153,611,Fenerbahce,134590,Oğuz Aydın,90,70,M,7,False,False,1,1,0,0,0,0,0,38,1,32,0,1,0,7,2,3,1,0,1,1,0,0,0,0,0,0,0
2024,1238153,611,Fenerbahce,47422,Youssef En-Nesyri,70,19,F,6.7,False,False,2,0,0,0,0,0,0,7,0,4,3,0,0,8,3,2,0,0,0,0,0,0,0,0,0,0,0
2024,1238153,611,Fenerbahce,12724,Anderson Talisca,90,94,F,7.3,False,False,0,6,4,0,0,0,0,31,0,25,1,0,0,14,6,3,2,0,2,1,0,0,0,1,0,0,0
2024,1238153,611,Fenerbahce,554,Dušan Tadić,45,10,F,7.2,False,True,0,1,1,0,0,0,0,23,0,18,0,0,2,1,1,1,1,0,0,0,0,0,0,0,0,0,0
2024,1238153,611,Fenerbahce,790,Edin Džeko,32,9,F,6.9,False,True,1,1,0,0,0,0,0,7,1,4,0,0,0,5,2,0,0,0,1,1,0,0,0,0,0,0,0
2024,1238153,611,Fenerbahce,21633,Alexander Djiku,31,6,D,6.9,False,True,0,0,0,0,0,0,0,27,0,26,0,0,1,5,2,0,0,0,0,0,1,0,0,0,0,0,0
2024,1238153,611,Fenerbahce,49857,İrfan Can Kahveci,20,17,M,6.9,False,True,0,0,0,0,0,0,0,13,0,12,0,0,0,4,2,2,1,0,0,0,0,0,0,0,0,0,0
2024,1238153,611,Fenerbahce,18768,Cenk Tosun,15,23,F,6.3,False,True,1,0,0,0,0,0,0,2,0,1,0,0,0,3,1,0,0,0,0,0,0,0,0,0,0,0,0
2024,1238153,611,Fenerbahce,1305,Dominik Livaković,0,40,G,,False,True,0,0,0,0,0,0,0,0,0,,0,0,0,0,0,0,0,0,0,0,0,0,0,0,0,0,0
2024,1238153,611,Fenerbahce,412703,Yusuf Akçiçek,0,95,D,,False,True,0,0,0,0,0,0,0,0,0,,0,0,0,0,0,0,0,0,0,0,0,0,0,0,0,0,0
2024,1238153,611,Fenerbahce,127609,Levent Mercan,0,22,D,,False,True,0,0,0,0,0,0,0,0,0,,0,0,0,0,0,0,0,0,0,0,0,0,0,0,0,0,0
2024,1238153,611,Fenerbahce,21090,Diego Carlos,0,33,D,,False,True,0,0,0,0,0,0,0,0,0,,0,0,0,0,0,0,0,0,0,0,0,0,0,0,0,0,0
2024,1238153,611,Fenerbahce,50221,Burak Kapacak,0,7,M,,False,True,0,0,0,0,0,0,0,0,0,,0,0,0,0,0,0,0,0,0,0,0,0,0,0,0,0,0
2024,1238153,549,Besiktas,49837,Mert Günok,90,34,G,8.6,True,False,0,0,0,0,0,0,7,30,0,10,0,0,0,0,0,0,0,0,0,0,1,0,0,0,0,0,0
2024,1238153,549,Besiktas,36889,Jonas Svensson,90,2,D,6.9,False,False,0,0,0,0,0,0,0,46,0,42,0,0,0,6,3,1,1,1,1,1,0,0,0,0,0,0,0
2024,1238153,549,Besiktas,915,Gabriel Paulista,90,3,D,7.6,False,False,0,0,0,0,0,0,0,33,0,27,0,1,4,8,7,0,0,0,0,1,0,0,0,0,0,0,0
2024,1238153,549,Besiktas,18816,Arthur Masuaku,90,26,D,7.3,False,False,0,1,0,0,0,0,0,27,1,17,3,1,2,11,7,2,0,1,0,1,1,0,0,0,0,0,0
2024,1238153,549,Besiktas,336664,Serkan Emrecan Terzi,62,79,D,6.3,False,False,0,0,0,0,0,0,0,17,0,13,0,0,2,3,0,0,0,1,0,2,0,0,0,0,0,0,0
2024,1238153,549,Besiktas,297,Alex Oxlade-Chamberlain,90,15,M,6.9,False,False,0,1,0,0,0,0,0,25,0,21,0,0,1,6,2,0,0,0,1,0,0,0,0,0,0,0,0
2024,1238153,549,Besiktas,50006,Amir Hadžiahmetović,89,6,M,6.3,False,False,0,0,0,0,0,0,0,36,0,25,3,1,1,15,4,3,0,3,0,2,0,0,0,0,0,0,0
2024,1238153,549,Besiktas,25324,Milot Rashica,89,7,M,6.7,False,False,0,0,0,0,0,0,0,19,1,16,2,0,0,11,4,2,0,2,1,2,0,0,0,0,0,0,0
2024,1238153,549,Besiktas,569,Gedson Fernandes,90,83,M,7.3,False,False,0,2,2,1,0,0,0,11,0,9,3,0,1,11,6,0,0,0,3,5,0,0,0,0,0,1,0
2024,1238153,549,Besiktas,436179,Mustafa Hekimoğlu,67,91,M,6.9,False,False,0,0,0,0,0,0,0,10,0,5,2,1,1,13,5,1,1,1,1,5,1,0,0,0,0,0,0
2024,1238153,549,Besiktas,573,Rafa Silva,90,27,F,7.2,False,False,0,2,1,0,0,0,0,29,1,24,1,0,1,8,4,1,0,1,3,0,0,0,0,0,0,0,0
2024,1238153,549,Besiktas,25406,Felix Uduokhai,28,14,D,7.2,False,True,0,0,0,0,0,0,0,2,0,2,0,1,0,7,6,0,0,0,2,0,1,0,0,0,0,0,0
2024,1238153,549,Besiktas,206,João Mário,23,18,M,6.6,False,True,0,0,0,0,0,0,0,10,2,10,0,0,0,4,1,2,1,1,0,1,0,0,0,0,0,0,0
2024,1238153,549,Besiktas,26275,Onur Bulut,9,4,D,6.7,False,True,0,0,0,0,0,0,0,4,0,3,0,0,0,0,0,0,0,0,0,0,0,0,0,0,0,0,0
2024,1238153,549,Besiktas,1863,Ciro Immobile,9,17,F,6.2,False,True,0,1,1,0,0,0,0,2,0,1,0,0,0,2,0,0,0,0,0,0,0,0,0,0,0,0,0
2024,1238153,549,Besiktas,1971,Ersin Destanoğlu,0,30,G,,False,True,0,0,0,0,0,0,0,0,0,,0,0,0,0,0,0,0,0,0,0,0,0,0,0,0,0,0
2024,1238153,549,Besiktas,61993,Tayyip Talha Sanuç,0,5,D,,False,True,0,0,0,0,0,0,0,0,0,,0,0,0,0,0,0,0,0,0,0,0,0,0,0,0,0,0
2024,1238153,549,Besiktas,1997,Necip Uysal,0,20,D,,False,True,0,0,0,0,0,0,0,0,0,,0,0,0,0,0,0,0,0,0,0,0,0,0,0,0,0,0
2024,1238153,549,Besiktas,414662,Keny Arroyo,0,10,M,,False,True,0,0,0,0,0,0,0,0,0,,0,0,0,0,0,0,0,0,0,0,0,0,0,0,0,0,0
2024,1238153,549,Besiktas,445967,Yakup Arda Kılıç,0,19,F,,False,True,0,0,0,0,0,0,0,0,0,,0,0,0,0,0,0,0,0,0,0,0,0,0,0,0,0,0
2024,1238153,549,Besiktas,336567,Semih Kılıçsoy,0,9,F,,False,True,0,0,0,0,0,0,0,0,0,,0,0,0,0,0,0,0,0,0,0,0,0,0,0,0,0,0
2024,1238029,611,Fenerbahce,62137,İrfan Can Eğribayat,90,1,G,7.2,False,False,0,0,0,0,2,0,3,38,0,25,0,0,0,1,1,0,0,0,1,0,0,0,0,0,0,0,0
2024,1238029,611,Fenerbahce,21633,Alexander Djiku,90,6,D,7.2,False,False,0,0,0,0,0,0,0,51,0,40,3,0,0,19,15,0,0,0,4,0,0,0,0,0,0,0,0
2024,1238029,611,Fenerbahce,18776,Çağlar Söyüncü,90,4,D,6.6,False,False,0,0,0,0,0,0,0,44,0,37,1,1,3,11,4,1,0,1,0,2,0,0,0,0,0,0,0
2024,1238029,611,Fenerbahce,412703,Yusuf Akçiçek,45,95,D,6.3,False,False,0,0,0,0,0,0,0,33,0,30,0,0,1,4,2,0,0,1,1,0,0,0,0,0,0,0,0
2024,1238029,611,Fenerbahce,134590,Oğuz Aydın,89,70,M,8.2,False,False,0,1,1,1,0,0,0,36,0,27,1,1,5,8,5,1,1,0,1,2,1,0,0,0,0,0,0
2024,1238029,611,Fenerbahce,74,Sofyan Amrabat,90,34,M,6.3,False,False,0,0,0,0,0,0,0,57,0,45,1,0,0,6,4,1,1,1,1,2,0,0,0,0,0,0,0
2024,1238029,611,Fenerbahce,905,Fred,90,13,M,6.7,False,False,0,1,0,0,0,1,0,51,1,40,3,0,0,13,6,3,0,2,3,2,0,0,0,0,0,0,0
2024,1238029,611,Fenerbahce,40403,Sebastian Szymański,89,53,M,7.2,False,False,0,0,0,0,0,0,0,18,5,13,1,0,1,13,7,0,0,0,5,4,0,0,0,0,0,0,0
2024,1238029,611,Fenerbahce,554,Dušan Tadić,45,10,F,6.7,False,False,0,0,0,0,0,0,0,24,1,19,0,0,0,3,1,0,0,0,1,0,0,0,0,0,0,0,0
2024,1238029,611,Fenerbahce,47422,Youssef En-Nesyri,88,19,F,8.6,False,False,1,5,3,2,0,0,0,11,0,8,0,0,0,17,9,4,2,0,1,3,1,0,0,0,0,0,0
2024,1238029,611,Fenerbahce,790,Edin Džeko,90,9,F,7.6,True,False,0,2,1,0,0,0,0,38,1,21,2,1,0,14,12,0,0,0,6,1,0,0,0,0,0,0,0
2024,1238029,611,Fenerbahce,1821,Filip Kostić,45,18,M,7.3,False,True,0,0,0,0,0,1,0,16,1,15,2,0,2,3,3,0,0,0,0,0,1,0,0,0,0,0,0
2024,1238029,611,Fenerbahce,22173,Allan Saint-Maximin,45,97,F,6.6,False,True,0,1,1,0,0,0,0,9,0,7,3,0,0,8,3,3,0,0,0,0,0,0,0,0,0,0,0
2024,1238029,611,Fenerbahce,21090,Diego Carlos,8,33,D,6.3,False,True,0,0,0,0,0,0,0,1,0,,0,0,0,0,0,0,0,0,0,0,0,0,0,0,0,0,0
2024,1238029,611,Fenerbahce,19588,Bright Osayi-Samuel,1,21,D,,False,True,0,0,0,0,0,0,0,0,0,,0,0,0,0,0,0,0,0,0,0,0,0,0,0,0,0,0
2024,1238029,611,Fenerbahce,50097,Mert Hakan Yandaş,1,8,M,,False,True,0,0,0,0,0,0,0,1,0,1,0,0,0,0,0,0,0,0,0,0,0,0,0,0,0,0,0
2024,1238029,611,Fenerbahce,210244,Osman Ertuğrul Çetin,0,54,G,,False,True,0,0,0,0,0,0,0,0,0,,0,0,0,0,0,0,0,0,0,0,0,0,0,0,0,0,0
2024,1238029,611,Fenerbahce,127609,Münir Levent Mercan,0,22,D,,False,True,0,0,0,0,0,0,0,0,0,,0,0,0,0,0,0,0,0,0,0,0,0,0,0,0,0,0
2024,1238029,611,Fenerbahce,49857,İrfan Can Kahveci,0,17,M,,False,True,0,0,0,0,0,0,0,0,0,,0,0,0,0,0,0,0,0,0,0,0,0,0,0,0,0,0
2024,1238029,611,Fenerbahce,785,Cengiz Ünder,0,20,F,,False,True,0,0,0,0,0,0,0,0,0,,0,0,0,0,0,0,0,0,0,0,0,0,0,0,0,0,0
2024,1238029,611,Fenerbahce,18768,Cenk Tosun,0,23,F,,False,True,0,0,0,0,0,0,0,0,0,,0,0,0,0,0,0,0,0,0,0,0,0,0,0,0,0,0
2024,1238029,994,Goztepe,40165,Mateusz Lis,90,97,G,6.2,True,False,0,0,0,0,3,0,3,28,0,9,0,0,0,1,1,0,0,0,1,0,0,0,0,0,0,0,0
2024,1238029,994,Goztepe,87633,Malcom Bokele,90,26,D,6,False,False,0,0,0,0,0,0,0,39,0,30,0,0,1,5,3,1,1,0,0,0,0,0,0,0,0,0,0
2024,1238029,994,Goztepe,119682,Héliton,90,5,D,6.3,False,False,0,1,1,0,0,0,0,27,0,19,0,3,1,7,0,1,0,0,0,3,0,0,0,0,0,0,0
2024,1238029,994,Goztepe,30772,Koray Günter,90,22,D,6.3,False,False,0,0,0,0,0,0,0,27,0,16,1,0,2,8,4,1,0,0,1,0,0,0,0,0,0,0,0
2024,1238029,994,Goztepe,1953,Lasse Nielsen,86,24,M,6.5,False,False,0,2,0,0,0,0,0,30,0,18,2,0,1,12,5,0,0,0,1,3,0,0,0,0,0,0,0
2024,1238029,994,Goztepe,414142,Anthony Junior Dennis,79,16,M,6.7,False,False,0,1,0,0,0,0,0,15,0,11,3,0,1,14,7,2,2,0,2,4,1,0,0,0,0,0,0
2024,1238029,994,Goztepe,303493,Novatus Miroshi,90,20,M,7,False,False,0,2,2,1,0,0,0,45,1,35,4,0,1,15,9,0,0,0,3,4,1,0,0,0,0,0,0
2024,1238029,994,Goztepe,107332,Djalma,86,66,M,6.2,False,False,0,1,1,0,0,0,0,26,0,15,1,0,2,8,3,1,0,3,0,0,0,0,0,0,0,0,0
2024,1238029,994,Goztepe,109691,David Tijanič,79,43,F,6.7,False,False,0,2,1,0,0,0,0,24,2,21,0,0,0,6,2,1,0,1,2,2,0,0,0,0,0,0,0
2024,1238029,994,Goztepe,326102,Rômulo,90,79,F,7.7,False,False,3,1,0,0,0,2,0,20,4,16,0,0,0,12,4,2,0,0,1,1,0,0,0,0,0,0,0
2024,1238029,994,Goztepe,180916,Juan,77,11,F,7.2,False,False,4,2,1,1,0,0,0,6,2,5,0,0,1,16,1,2,0,0,0,4,0,0,0,0,0,0,0
2024,1238029,994,Goztepe,321648,Emersonn,13,19,F,6.6,False,True,0,0,0,0,0,0,0,3,0,2,0,0,0,4,2,1,1,0,0,2,0,0,0,0,0,0,0
2024,1238029,994,Goztepe,351013,Kuryu Matsuki,11,7,M,6.7,False,True,0,0,0,0,0,0,0,1,0,,0,0,0,5,2,1,1,0,1,1,0,0,0,0,0,0,0
2024,1238029,994,Goztepe,49913,Ahmed Ildız,11,8,M,7,False,True,0,1,0,0,0,0,0,8,1,8,0,0,0,2,1,0,0,0,1,1,0,0,0,0,0,0,0
2024,1238029,994,Goztepe,1346,İsmail Köybaşı,10,12,D,7,False,True,0,0,0,0,0,0,0,3,0,2,2,0,0,4,4,0,0,0,1,0,0,0,0,0,0,0,0
2024,1238029,994,Goztepe,49964,Nazım Sangaré,10,30,D,6.2,False,True,0,0,0,0,0,0,0,1,0,1,0,0,0,1,0,1,0,0,0,0,0,0,0,0,0,0,0
2024,1238029,994,Goztepe,50165,Arda Özçimen,0,1,G,,False,True,0,0,0,0,0,0,0,0,0,,0,0,0,0,0,0,0,0,0,0,0,0,0,0,0,0,0
2024,1238029,994,Goztepe,162518,Emircan Secgin,0,54,G,,False,True,0,0,0,0,0,0,0,0,0,,0,0,0,0,0,0,0,0,0,0,0,0,0,0,0,0,0
2024,1238029,994,Goztepe,134564,Ogün Bayrak,0,77,D,,False,True,0,0,0,0,0,0,0,0,0,,0,0,0,0,0,0,0,0,0,0,0,0,0,0,0,0,0
2024,1238029,994,Goztepe,365960,İzzet Furkan Malak,0,18,M,,False,True,0,0,0,0,0,0,0,0,0,,0,0,0,0,0,0,0,0,0,0,0,0,0,0,0,0,0
2024,1238029,994,Goztepe,505259,Tibet Durakcay,0,33,F,,False,True,0,0,0,0,0,0,0,0,0,,0,0,0,0,0,0,0,0,0,0,0,0,0,0,0,0,0
2024,1237858,994,Goztepe,50165,Arda Özçimen,90,1,G,6.6,True,False,0,0,0,0,2,0,3,34,0,12,0,0,0,0,0,0,0,0,0,0,0,0,0,0,0,0,0
2024,1237858,994,Goztepe,1953,Lasse Nielsen,89,24,D,6.2,False,False,0,0,0,0,0,0,0,10,1,6,2,0,0,4,2,0,0,1,0,0,0,0,0,0,0,0,0
2024,1237858,994,Goztepe,30772,Koray Günter,90,22,D,7.3,False,False,0,1,1,1,0,0,0,36,0,28,1,0,2,8,3,0,0,1,1,3,1,0,0,0,0,0,0
2024,1237858,994,Goztepe,119682,Héliton,90,5,D,6.5,False,False,0,0,0,0,0,0,0,28,0,22,2,0,0,9,5,0,0,0,0,1,0,0,0,0,0,0,0
2024,1237858,994,Goztepe,303493,Novatus Miroshi,90,20,D,6.9,False,False,0,1,0,0,0,0,0,25,0,20,3,1,2,14,9,0,0,0,1,2,0,0,0,0,0,0,0
2024,1237858,994,Goztepe,107332,Djalma Silva,56,66,D,6.2,False,False,0,0,0,0,0,0,0,17,1,12,2,0,2,12,7,1,1,0,1,2,0,0,0,1,0,0,0
2024,1237858,994,Goztepe,7213,Doğan Erdoğan,65,21,M,6.5,False,False,0,1,0,0,0,0,0,20,1,18,2,0,0,9,2,2,0,2,0,1,0,0,0,0,0,0,0
2024,1237858,994,Goztepe,414142,Anthony Junior Dennis,90,16,M,6.6,False,False,0,0,0,0,0,0,0,35,2,28,2,0,2,9,6,3,1,1,1,0,0,0,0,0,0,0,0
2024,1237858,994,Goztepe,174609,Isaac Solet,66,94,M,6.9,False,False,0,0,0,0,0,0,0,17,3,13,2,0,1,15,7,2,1,1,1,2,0,0,0,0,0,0,0
2024,1237858,994,Goztepe,50244,Kubilay Kanatsızkuş,56,9,F,6.9,False,False,0,3,1,0,0,0,0,7,1,4,1,0,0,11,5,1,0,0,0,3,1,0,0,0,0,0,0
2024,1237858,994,Goztepe,326102,Rômulo,90,79,F,7.9,False,False,1,5,3,1,0,0,0,19,0,12,0,1,0,11,4,1,0,0,1,2,0,0,0,0,0,0,0
2024,1237858,994,Goztepe,87633,Malcom Bokele,34,26,D,6.9,False,True,0,1,1,0,0,0,0,21,0,17,0,0,0,2,1,0,0,0,0,1,1,0,0,0,0,0,0
2024,1237858,994,Goztepe,180916,Juan,34,11,F,6.9,False,True,0,0,0,0,0,1,0,7,2,4,0,0,1,12,4,2,0,0,4,2,0,0,0,0,0,0,0
2024,1237858,994,Goztepe,49913,Ahmed Ildız,25,8,M,6.7,False,True,0,0,0,0,0,0,0,12,0,8,1,0,0,5,2,2,1,0,0,0,0,0,0,0,0,0,0
2024,1237858,994,Goztepe,109691,David Tijanič,24,43,M,7.3,False,True,0,1,1,0,0,1,0,16,1,15,0,1,1,2,1,0,0,1,1,0,0,0,0,0,0,0,0
2024,1237858,994,Goztepe,301272,Taha Altıkardeş,8,4,D,6.3,False,True,0,0,0,0,0,0,0,3,0,2,0,0,0,1,0,0,0,0,0,0,0,0,0,0,0,0,0
2024,1237858,994,Goztepe,62167,Ekrem Kılıçarslan,0,17,G,,False,True,0,0,0,0,0,0,0,0,0,,0,0,0,0,0,0,0,0,0,0,0,0,0,0,0,0,0
2024,1237858,994,Goztepe,1346,İsmail Köybaşı,0,12,D,,False,True,0,0,0,0,0,0,0,0,0,,0,0,0,0,0,0,0,0,0,0,0,0,0,0,0,0,0
2024,1237858,994,Goztepe,49964,Nazım Sangaré,0,30,D,,False,True,0,0,0,0,0,0,0,0,0,,0,0,0,0,0,0,0,0,0,0,0,0,0,0,0,0,0
2024,1237858,994,Goztepe,134564,Ogün Bayrak,0,77,D,,False,True,0,0,0,0,0,0,0,0,0,,0,0,0,0,0,0,0,0,0,0,0,0,0,0,0,0,0
2024,1237858,994,Goztepe,50181,Yalçın Kayan,0,10,M,,False,True,0,0,0,0,0,0,0,0,0,,0,0,0,0,0,0,0,0,0,0,0,0,0,0,0,0,0
2024,1237858,611,Fenerbahce,1305,Dominik Livaković,90,40,G,7.3,False,False,0,0,0,0,2,0,5,34,0,16,0,0,0,1,1,0,0,0,0,0,0,0,0,0,0,0,0
2024,1237858,611,Fenerbahce,19588,Bright Osayi-Samuel,74,21,D,7.2,False,False,0,2,2,0,0,0,0,30,0,26,1,0,0,9,5,1,0,0,3,2,0,0,1,0,0,0,0
2024,1237858,611,Fenerbahce,829,Rodrigo Becão,90,50,D,6.3,False,False,0,1,0,0,0,0,0,30,0,23,1,0,0,13,8,0,0,0,2,1,0,0,0,0,0,0,0
2024,1237858,611,Fenerbahce,18776,Çağlar Söyüncü,90,2,D,6.3,False,False,1,0,0,0,0,0,0,46,0,39,3,0,1,10,6,0,0,0,2,1,0,0,0,0,0,0,0
2024,1237858,611,Fenerbahce,272721,Jayden Oosterwolde,90,24,D,6.7,False,False,0,0,0,0,0,0,0,38,1,32,1,0,0,7,4,2,2,0,0,1,0,0,0,0,0,0,0
2024,1237858,611,Fenerbahce,214463,İsmail Yüksek,90,5,M,7.3,False,False,0,0,0,0,0,0,0,51,1,43,2,1,2,18,8,3,1,3,2,2,0,0,0,0,0,0,0
2024,1237858,611,Fenerbahce,40403,Sebastian Szymański,90,53,M,7.3,False,False,0,0,0,0,0,1,0,44,1,36,3,0,0,8,6,0,0,0,2,1,0,0,0,0,0,0,0
2024,1237858,611,Fenerbahce,554,Dušan Tadić,87,10,M,6.6,False,False,1,2,0,0,0,0,0,25,1,21,3,0,0,8,4,0,0,0,1,0,0,0,0,0,0,0,0
2024,1237858,611,Fenerbahce,22173,Allan Saint-Maximin,74,97,M,6.6,False,False,0,0,0,0,0,0,0,18,1,16,0,0,0,10,6,5,3,0,3,1,1,0,0,0,0,0,0
2024,1237858,611,Fenerbahce,47422,Youssef En-Nesyri,88,19,F,7.5,False,False,2,3,2,1,0,0,0,26,0,20,1,0,0,20,9,2,1,0,2,1,0,0,0,0,0,0,0
2024,1237858,611,Fenerbahce,790,Edin Džeko,90,9,F,8.2,True,False,2,2,1,1,0,0,0,34,4,23,1,1,0,15,8,0,0,0,2,1,1,0,0,0,1,0,0
2024,1237858,611,Fenerbahce,1361,Ferdi Kadıoğlu,16,7,M,6.2,False,True,0,0,0,0,0,0,0,3,0,1,0,0,0,0,0,0,0,0,0,0,0,0,0,0,0,0,0
2024,1237858,611,Fenerbahce,1719,Mert Müldür,16,16,D,6.5,False,True,0,0,0,0,0,0,0,6,0,3,0,0,0,1,1,0,0,0,0,0,0,0,0,0,0,0,0
2024,1237858,611,Fenerbahce,31054,Rade Krunić,11,33,M,6.2,False,True,0,0,0,0,0,0,0,1,0,1,0,0,0,3,0,1,0,0,0,1,0,0,0,0,0,0,0
2024,1237858,611,Fenerbahce,18768,Cenk Tosun,10,23,F,6,False,True,0,1,0,0,0,0,0,3,0,3,0,0,0,1,0,0,0,1,0,0,0,0,0,0,0,0,0
2024,1237858,611,Fenerbahce,210244,Osman Ertuğrul Çetin,0,54,G,,False,True,0,0,0,0,0,0,0,0,0,,0,0,0,0,0,0,0,0,0,0,0,0,0,0,0,0,0
2024,1237858,611,Fenerbahce,21633,Alexander Djiku,0,6,D,,False,True,0,0,0,0,0,0,0,0,0,,0,0,0,0,0,0,0,0,0,0,0,0,0,0,0,0,0
2024,1237858,611,Fenerbahce,49857,İrfan Can Kahveci,0,17,M,,False,True,0,0,0,0,0,0,0,0,0,,0,0,0,0,0,0,0,0,0,0,0,0,0,0,0,0,0
2024,1237858,611,Fenerbahce,785,Cengiz Ünder,0,20,F,,False,True,0,0,0,0,0,0,0,0,0,,0,0,0,0,0,0,0,0,0,0,0,0,0,0,0,0,0
2024,1237858,611,Fenerbahce,905,Fred,0,13,M,,False,True,0,0,0,0,0,0,0,0,0,,0,0,0,0,0,0,0,0,0,0,1,0,0,0,0,0,0
2024,1237858,611,Fenerbahce,134590,Oğuz Aydın,0,70,F,,False,True,0,0,0,0,0,0,0,0,0,,0,0,0,0,0,0,0,0,0,0,0,0,0,0,0,0,0
2024,1238119,1002,Sivasspor,50078,Ali Şaşal Vural,90,35,G,7,False,False,0,0,0,0,3,0,4,35,0,26,0,0,0,0,0,0,0,0,0,0,0,0,0,0,0,0,0
2024,1238119,1002,Sivasspor,61870,Murat Paluli,90,7,D,6.3,False,False,0,1,1,0,0,0,0,27,0,22,1,0,1,2,1,0,0,0,0,0,1,0,0,0,0,0,0
2024,1238119,1002,Sivasspor,66013,Uroš Radaković,85,26,D,6.2,False,False,0,0,0,0,0,0,0,41,0,30,1,0,1,7,4,0,0,0,1,2,0,1,0,0,0,0,0
2024,1238119,1002,Sivasspor,20686,Samba Camara,90,14,D,6.2,False,False,0,0,0,0,0,0,0,43,0,41,1,0,0,5,1,0,0,0,0,2,0,0,0,0,0,0,0
2024,1238119,1002,Sivasspor,50082,Uğur Çiftçi,90,3,D,7.2,True,False,0,0,0,0,0,1,0,38,3,32,4,1,0,6,4,1,0,0,0,1,0,0,0,0,0,0,0
2024,1238119,1002,Sivasspor,8532,Charis Charisis,58,8,M,6.7,False,False,0,0,0,0,0,0,0,12,0,10,1,1,3,6,3,1,0,0,2,1,1,0,0,0,0,0,0
2024,1238119,1002,Sivasspor,1355,Tolga Ciğerci,90,30,M,7.5,False,False,0,0,0,0,0,0,0,70,4,62,2,1,1,5,3,0,0,1,0,0,0,0,0,0,0,0,0
2024,1238119,1002,Sivasspor,21101,Samuel Moutoussamy,83,12,M,6.9,False,False,0,0,0,0,0,0,0,32,1,27,2,0,0,7,3,2,1,0,0,1,0,0,0,0,0,0,0
2024,1238119,1002,Sivasspor,197114,Bekir Turaç Böke,89,46,F,6.6,False,False,0,2,1,0,0,0,0,12,0,9,2,0,0,12,5,5,2,0,1,2,0,0,0,0,0,0,0
2024,1238119,1002,Sivasspor,46725,Rey Manaj,90,9,F,7.2,False,False,0,4,1,0,0,0,0,22,0,17,0,0,0,17,12,1,0,1,6,0,0,0,0,0,0,0,0
2024,1238119,1002,Sivasspor,26128,Efkan Bekiroğlu,90,80,F,7.3,False,False,0,2,2,1,0,0,0,31,0,30,0,0,0,4,3,2,1,0,2,0,0,0,0,0,0,0,0
2024,1238119,1002,Sivasspor,44612,Garry Rodrigues,32,24,F,6.7,False,True,0,0,0,0,0,0,0,5,0,5,1,0,0,4,2,0,0,0,1,0,0,0,0,0,0,0,0
2024,1238119,1002,Sivasspor,360,Veljko Simić,12,22,F,6.5,False,True,0,0,0,0,0,0,0,1,0,1,0,0,0,1,0,0,0,0,0,0,0,0,0,0,0,0,0
2024,1238119,1002,Sivasspor,26741,Achilleas Poungouras,1,44,D,,False,True,0,1,0,0,0,0,0,0,0,,0,0,0,0,0,0,0,0,0,0,0,0,0,0,0,0,0
2024,1238119,1002,Sivasspor,505210,Arda Erdursun,0,74,G,,False,True,0,0,0,0,0,0,0,0,0,,0,0,0,0,0,0,0,0,0,0,0,0,0,0,0,0,0
2024,1238119,1002,Sivasspor,62033,Alaaddin Okumuş,0,23,D,,False,True,0,0,0,0,0,0,0,0,0,,0,0,0,0,0,0,0,0,0,0,0,0,0,0,0,0,0
2024,1238119,1002,Sivasspor,436324,Emirhan Başyiğit,0,53,D,,False,True,0,0,0,0,0,0,0,0,0,,0,0,0,0,0,0,0,0,0,0,0,0,0,0,0,0,0
2024,1238119,1002,Sivasspor,48091,Noah Sonko Sundberg,0,27,D,,False,True,0,0,0,0,0,0,0,0,0,,0,0,0,0,0,0,0,0,0,0,0,0,0,0,0,0,0
2024,1238119,1002,Sivasspor,50083,Ziya Erdal,0,58,D,,False,True,0,0,0,0,0,0,0,0,0,,0,0,0,0,0,0,0,0,0,0,0,0,0,0,0,0,0
2024,1238119,1002,Sivasspor,19051,Alex Pritchard,0,10,M,,False,True,0,0,0,0,0,0,0,0,0,,0,0,0,0,0,0,0,0,0,0,0,0,0,0,0,0,0
2024,1238119,1002,Sivasspor,103550,Azizbek Turgunboev,0,90,M,,False,True,0,0,0,0,0,0,0,0,0,,0,0,0,0,0,0,0,0,0,0,0,0,0,0,0,0,0
2024,1238119,611,Fenerbahce,1305,Dominik Livaković,90,40,G,7.5,False,False,0,0,0,0,1,0,4,18,0,13,0,0,0,1,1,0,0,0,1,0,0,0,0,0,0,0,0
2024,1238119,611,Fenerbahce,198,Milan Škriniar,90,37,D,6.6,False,False,0,0,0,0,0,0,0,60,0,55,3,0,0,11,4,1,0,1,0,3,0,0,0,0,0,0,0
2024,1238119,611,Fenerbahce,18776,Çağlar Söyüncü,90,4,D,6.9,False,False,0,1,0,0,0,0,0,46,0,42,1,1,0,9,3,0,0,0,0,2,0,0,0,0,0,0,0
2024,1238119,611,Fenerbahce,1719,Mert Müldür,90,16,D,7.2,False,False,0,1,0,0,0,0,0,44,1,36,2,1,2,10,5,1,0,2,2,1,1,0,0,0,0,0,0
2024,1238119,611,Fenerbahce,19588,Bright Osayi-Samuel,90,21,M,6.2,False,False,0,0,0,0,0,0,0,37,0,35,2,0,0,8,2,2,0,0,0,1,1,0,0,0,0,0,0
2024,1238119,611,Fenerbahce,905,Fred,90,13,M,6.9,False,False,0,0,0,0,0,0,0,80,0,71,1,0,0,7,3,1,1,0,1,3,0,0,0,0,0,0,0
2024,1238119,611,Fenerbahce,40403,Sebastian Szymański,89,53,M,7,False,False,0,2,1,0,0,0,0,51,2,38,3,0,1,7,5,1,0,1,1,0,0,0,0,0,0,0,0
2024,1238119,611,Fenerbahce,22173,Allan Saint-Maximin,81,97,M,7.2,False,False,0,1,0,0,0,0,0,26,4,23,0,0,0,2,1,1,1,0,0,0,0,0,0,0,0,0,0
2024,1238119,611,Fenerbahce,554,Dušan Tadić,89,10,F,8.6,False,False,0,2,2,2,0,0,0,34,2,32,1,0,0,7,2,0,0,0,1,1,0,0,0,0,0,0,0
2024,1238119,611,Fenerbahce,12724,Anderson Talisca,89,94,F,7.6,False,False,0,3,3,1,0,0,0,32,0,24,0,0,0,8,5,1,0,0,2,1,0,0,0,0,0,0,0
2024,1238119,611,Fenerbahce,790,Edin Džeko,81,9,F,7.3,True,False,0,4,1,0,0,1,0,17,2,13,2,0,0,4,3,1,0,0,0,0,0,0,0,0,0,0,0
2024,1238119,611,Fenerbahce,134590,Oğuz Aydın,9,70,F,7,False,True,0,0,0,0,0,1,0,1,1,1,0,0,0,0,0,0,0,0,0,0,0,0,0,0,0,0,0
2024,1238119,611,Fenerbahce,47422,Youssef En-Nesyri,9,19,F,6.6,False,True,0,0,0,0,0,0,0,2,0,2,0,0,0,1,1,0,0,0,1,0,0,0,0,0,0,0,0
2024,1238119,611,Fenerbahce,21633,Alexander Djiku,1,6,D,,False,True,0,0,0,0,0,0,0,3,0,3,0,0,0,1,0,0,0,0,0,1,0,0,0,0,0,0,0
2024,1238119,611,Fenerbahce,49857,İrfan Can Kahveci,1,17,M,,False,True,0,0,0,0,0,0,0,4,0,4,0,0,0,0,0,0,0,0,0,0,0,0,0,0,0,0,0
2024,1238119,611,Fenerbahce,214463,İsmail Yüksek,1,5,M,,False,True,0,0,0,0,0,0,0,4,0,4,0,0,0,0,0,0,0,0,0,0,0,0,0,0,0,0,0
2024,1238119,611,Fenerbahce,210244,Osman Ertuğrul Çetin,0,54,G,,False,True,0,0,0,0,0,0,0,0,0,,0,0,0,0,0,0,0,0,0,0,0,0,0,0,0,0,0
2024,1238119,611,Fenerbahce,412703,Yusuf Akçiçek,0,95,D,,False,True,0,0,0,0,0,0,0,0,0,,0,0,0,0,0,0,0,0,0,0,0,0,0,0,0,0,0
2024,1238119,611,Fenerbahce,127609,Levent Mercan,0,22,D,,False,True,0,0,0,0,0,0,0,0,0,,0,0,0,0,0,0,0,0,0,0,0,0,0,0,0,0,0
2024,1238119,611,Fenerbahce,1821,Filip Kostić,0,18,M,,False,True,0,0,0,0,0,0,0,0,0,,0,0,0,0,0,0,0,0,0,0,0,0,0,0,0,0,0
2024,1238119,611,Fenerbahce,18768,Cenk Tosun,0,23,F,,False,True,0,0,0,0,0,0,0,0,0,,0,0,0,0,0,0,0,0,0,0,0,0,0,0,0,0,0
2024,1238185,611,Fenerbahce,62137,İrfan Can Eğribayat,90,1,G,6.3,False,False,0,0,0,0,1,0,0,12,0,9,0,0,0,0,0,0,0,0,0,0,0,0,0,0,0,0,0
2024,1238185,611,Fenerbahce,19588,Bright Osayi-Samuel,45,21,D,6.3,False,False,0,0,0,0,0,0,0,27,0,26,1,0,0,3,2,1,0,0,1,0,0,0,0,0,0,0,0
2024,1238185,611,Fenerbahce,198,Milan Škriniar,90,37,D,7.5,False,False,0,0,0,0,0,0,0,67,0,65,3,0,1,5,3,0,0,0,0,0,0,0,0,0,0,0,0
2024,1238185,611,Fenerbahce,412703,Yusuf Akçiçek,74,95,D,6.6,False,False,0,0,0,0,0,0,0,61,0,58,1,0,1,5,1,0,0,1,0,0,0,0,0,0,0,0,0
2024,1238185,611,Fenerbahce,1821,Filip Kostić,90,18,D,7.9,False,False,0,0,0,0,0,1,0,44,3,40,3,0,0,12,7,2,2,0,1,3,0,0,0,0,0,0,0
2024,1238185,611,Fenerbahce,905,Fred,90,13,M,8,False,False,0,2,0,0,0,0,0,69,4,60,4,0,1,8,6,1,1,0,1,0,0,0,0,0,0,0,0
2024,1238185,611,Fenerbahce,214463,İsmail Yüksek,60,5,M,7,False,False,0,1,1,0,0,0,0,42,0,38,2,0,1,2,2,0,0,0,0,0,1,0,0,0,0,0,0
2024,1238185,611,Fenerbahce,49857,İrfan Can Kahveci,90,17,M,8.3,True,False,0,2,1,1,0,0,0,52,3,47,2,0,1,8,5,4,2,0,0,1,1,0,0,0,0,0,0
2024,1238185,611,Fenerbahce,12724,Anderson Talisca,45,94,M,6.5,False,False,0,1,0,0,0,0,0,20,2,16,0,0,0,7,2,2,1,0,0,2,1,0,0,0,0,0,0
2024,1238185,611,Fenerbahce,40403,Sebastian Szymański,60,53,M,7.2,False,False,0,2,1,0,0,0,0,19,1,16,1,0,0,2,1,1,0,0,0,0,0,0,0,0,0,0,0
2024,1238185,611,Fenerbahce,47422,Youssef En-Nesyri,90,19,F,7.6,False,False,0,3,1,1,0,0,0,16,2,11,0,0,0,10,5,1,1,0,1,0,0,0,0,0,0,0,0
2024,1238185,611,Fenerbahce,127609,Levent Mercan,45,22,D,6.9,False,True,0,0,0,0,0,0,0,31,0,27,3,0,0,4,3,1,0,0,0,0,0,0,0,0,0,0,0
2024,1238185,611,Fenerbahce,134590,Oğuz Aydın,45,70,F,6.9,False,True,0,1,0,0,0,0,0,27,0,22,2,0,0,6,4,1,1,1,1,1,0,0,0,0,0,0,0
2024,1238185,611,Fenerbahce,74,Sofyan Amrabat,30,34,M,7.2,False,True,0,0,0,0,0,1,0,20,1,17,0,0,0,2,0,0,0,0,0,2,0,0,0,0,0,0,0
2024,1238185,611,Fenerbahce,18768,Cenk Tosun,30,23,F,6.9,False,True,0,1,1,0,0,0,0,4,0,2,0,0,0,5,4,0,0,0,2,1,0,0,0,0,0,0,0
2024,1238185,611,Fenerbahce,18776,Çağlar Söyüncü,16,4,D,6.7,False,True,0,0,0,0,0,0,0,6,0,6,0,0,1,3,2,0,0,0,0,0,1,0,0,0,0,0,0
2024,1238185,611,Fenerbahce,210244,Osman Ertuğrul Çetin,0,54,G,,False,True,0,0,0,0,0,0,0,0,0,,0,0,0,0,0,0,0,0,0,0,0,0,0,0,0,0,0
2024,1238185,611,Fenerbahce,1305,Dominik Livaković,0,40,G,,False,True,0,0,0,0,0,0,0,0,0,,0,0,0,0,0,0,0,0,0,0,0,0,0,0,0,0,0
2024,1238185,611,Fenerbahce,21633,Alexander Djiku,0,6,D,,False,True,0,0,0,0,0,0,0,0,0,,0,0,0,0,0,0,0,0,0,0,0,0,0,0,0,0,0
2024,1238185,611,Fenerbahce,21090,Diego Carlos,0,33,D,,False,True,0,0,0,0,0,0,0,0,0,,0,0,0,0,0,0,0,0,0,0,0,0,0,0,0,0,0
2024,1238185,607,Konyaspor,402493,Deniz Ertaş,90,1,G,7.5,False,False,0,0,0,0,2,0,3,34,0,22,0,0,0,2,2,0,0,0,1,0,0,0,0,0,0,0,0
2024,1238185,607,Konyaspor,61986,Adil Demirbağ,87,4,D,6.6,False,False,0,0,0,0,0,0,0,38,0,34,0,2,0,8,2,0,0,0,0,2,0,0,0,0,0,0,0
2024,1238185,607,Konyaspor,37175,Riechedly Bazoer,82,20,D,7.2,False,False,0,0,0,0,0,0,0,27,0,25,1,0,3,6,5,0,0,1,2,0,0,0,0,0,0,0,0
2024,1238185,607,Konyaspor,14691,Josip Ćalušić,90,15,D,7,False,False,1,0,0,0,0,0,0,25,0,24,2,2,1,6,3,0,0,0,0,0,0,0,0,0,0,0,0
2024,1238185,607,Konyaspor,373895,Abdurrahman Üresin,90,17,M,7,False,False,0,0,0,0,0,0,0,31,0,26,1,0,2,6,4,1,1,1,1,0,0,0,0,0,0,0,0
2024,1238185,607,Konyaspor,152845,Melih Ibrahimoglu,90,77,M,6.5,False,False,0,1,0,0,0,0,0,34,0,29,2,0,0,12,6,2,0,3,4,0,0,0,0,0,0,0,0
2024,1238185,607,Konyaspor,94576,Morten Bjorlo,90,42,M,6.3,False,False,0,0,0,0,0,0,0,29,0,22,0,0,4,8,1,5,0,0,0,0,0,0,0,0,0,0,0
2024,1238185,607,Konyaspor,40472,Guilherme Haubert Sityá,90,12,M,7,True,False,0,1,0,0,0,0,0,28,0,20,1,1,2,5,2,3,1,1,0,0,0,0,0,0,0,0,0
2024,1238185,607,Konyaspor,194880,Alassane Ndao,77,18,F,7.2,False,False,0,0,0,0,0,1,0,35,1,30,0,0,1,6,1,3,0,1,1,0,0,0,0,0,0,0,0
2024,1238185,607,Konyaspor,50246,Umut Nayir,90,22,F,6.6,False,False,0,0,0,0,0,0,0,25,0,18,0,0,0,10,7,0,0,0,0,0,0,0,0,0,0,0,0
2024,1238185,607,Konyaspor,301489,Melih Bostan,62,91,F,7,False,False,0,1,1,1,0,0,0,13,0,12,0,0,0,3,0,1,0,1,0,1,0,0,0,0,0,0,0
2024,1238185,607,Konyaspor,413017,Kaan Akyazı,28,19,F,6.3,False,True,0,1,0,0,0,0,0,4,0,3,1,0,0,3,1,1,0,0,0,1,0,0,0,0,0,0,0
2024,1238185,607,Konyaspor,50234,Yusuf Erdoğan,13,10,F,6.5,False,True,0,0,0,0,0,0,0,4,1,2,0,0,0,3,0,1,0,0,0,1,0,0,0,0,0,0,0
2024,1238185,607,Konyaspor,380989,Mehmet Kaya,8,44,D,6.3,False,True,0,0,0,0,0,0,0,3,0,3,0,0,0,1,0,0,0,0,0,1,0,0,0,0,0,0,0
2024,1238185,607,Konyaspor,50063,Uğurcan Yazğılı,8,5,M,6.3,False,True,0,0,0,0,0,0,0,3,0,3,0,0,0,3,1,0,0,0,1,1,0,0,0,0,0,0,0
2024,1238185,607,Konyaspor,478077,Egemen Aydin,0,13,G,,False,True,0,0,0,0,0,0,0,0,0,,0,0,0,0,0,0,0,0,0,0,0,0,0,0,0,0,0
2024,1238185,607,Konyaspor,478076,Emir Gundogdu,0,66,G,,False,True,0,0,0,0,0,0,0,0,0,,0,0,0,0,0,0,0,0,0,0,0,0,0,0,0,0,0
2024,1238185,607,Konyaspor,497528,Muzaffer Utku Eriş,0,37,D,,False,True,0,0,0,0,0,0,0,0,0,,0,0,0,0,0,0,0,0,0,0,0,0,0,0,0,0,0
2024,1238185,607,Konyaspor,62023,Yasir Subaşı,0,3,D,,False,True,0,0,0,0,0,0,0,0,0,,0,0,0,0,0,0,0,0,0,0,0,0,0,0,0,0,0
2024,1238185,607,Konyaspor,523095,Ismail Esat Buga,0,67,M,,False,True,0,0,0,0,0,0,0,0,0,,0,0,0,0,0,0,0,0,0,0,0,0,0,0,0,0,0
2024,1237959,1001,Kayserispor,37111,Bilal Bayazit,90,25,G,6.5,False,False,0,0,0,0,6,0,4,24,0,16,0,0,0,2,2,0,0,0,1,0,0,0,0,0,0,0,0
2024,1237959,1001,Kayserispor,62158,Gökhan Sazdağı,90,11,D,5.6,True,False,0,0,0,0,0,0,0,41,1,27,2,0,3,11,5,4,2,0,1,1,0,0,0,1,0,0,0
2024,1237959,1001,Kayserispor,2711,Mehdi Bourabia,90,10,D,6,False,False,0,2,0,0,0,0,0,39,0,33,0,1,2,13,8,0,0,2,1,1,0,0,0,0,0,0,0
2024,1237959,1001,Kayserispor,26737,Dimitris Kolovetsios,90,4,D,6.9,False,False,0,2,1,1,0,0,0,30,0,23,1,1,1,8,6,1,1,0,1,1,0,0,0,0,0,0,0
2024,1237959,1001,Kayserispor,22245,Lionel Carole,90,23,D,6.2,False,False,0,0,0,0,0,0,0,52,2,45,2,0,0,4,4,0,0,0,0,0,0,0,0,0,0,0,0
2024,1237959,1001,Kayserispor,1345,Hasan Ali Kaldırım,90,33,D,6.3,False,False,0,1,0,0,0,0,0,35,2,24,3,0,0,3,3,0,0,0,0,0,0,0,0,0,0,0,0
2024,1237959,1001,Kayserispor,62419,Ramazan Civelek,45,28,M,6.3,False,False,0,0,0,0,0,0,0,21,0,16,2,0,0,6,3,0,0,1,1,1,1,0,0,0,0,0,0
2024,1237959,1001,Kayserispor,1998,Kartal Kayra Yılmaz,90,8,M,7.3,False,False,0,1,0,0,0,1,0,52,3,43,1,0,1,4,3,0,0,0,2,0,0,0,0,0,0,0,0
2024,1237959,1001,Kayserispor,371932,Baran Ali Gezek,45,26,M,6.2,False,False,0,0,0,0,0,0,0,16,0,11,3,0,0,6,3,0,0,0,0,1,1,0,0,0,0,0,0
2024,1237959,1001,Kayserispor,3407,Stéphane Bahoken,70,13,F,7,False,False,0,3,0,0,0,0,0,18,1,15,1,0,0,11,5,0,0,1,0,1,0,0,0,0,0,0,0
2024,1237959,1001,Kayserispor,53659,Miguel Cardoso,90,7,F,7.7,False,False,1,2,0,0,0,0,0,25,2,20,2,0,0,9,5,1,1,1,2,3,1,0,0,0,0,0,0
2024,1237959,1001,Kayserispor,41370,Aylton Boa Morte,45,70,F,6.9,False,True,1,1,1,0,0,0,0,7,0,5,1,0,0,9,5,5,3,0,1,0,0,0,0,0,0,0,0
2024,1237959,1001,Kayserispor,29770,Ali Karimi,45,6,M,6.2,False,True,0,0,0,0,0,0,0,17,1,10,1,1,0,6,1,0,0,0,0,2,0,0,0,0,0,0,0
2024,1237959,1001,Kayserispor,45020,Duckens Nazon,20,9,F,6.7,False,True,0,0,0,0,0,0,0,4,0,2,0,0,0,8,3,1,1,0,1,0,1,0,0,0,0,0,0
2024,1237959,1001,Kayserispor,368122,Mehmet Şamil Öztürk,0,39,G,,False,True,0,0,0,0,0,0,0,0,0,,0,0,0,0,0,0,0,0,0,0,0,0,0,0,0,0,0
2024,1237959,1001,Kayserispor,134492,Onurcan Piri,0,1,G,,False,True,0,0,0,0,0,0,0,0,0,,0,0,0,0,0,0,0,0,0,0,0,0,0,0,0,0,0
2024,1237959,1001,Kayserispor,313071,Arif Kocaman,0,54,D,,False,True,0,0,0,0,0,0,0,0,0,,0,0,0,0,0,0,0,0,0,0,0,0,0,0,0,0,0
2024,1237959,1001,Kayserispor,143825,Anthony Uzodimma,0,19,M,,False,True,0,0,0,0,0,0,0,0,0,,0,0,0,0,0,0,0,0,0,0,0,0,0,0,0,0,0
2024,1237959,1001,Kayserispor,64261,Yaw Ackah,0,79,M,,False,True,0,0,0,0,0,0,0,0,0,,0,0,0,0,0,0,0,0,0,0,0,0,0,0,0,0,0
2024,1237959,1001,Kayserispor,50125,Nurettin Korkmaz,0,77,M,,False,True,0,0,0,0,0,0,0,0,0,,0,0,0,0,0,0,0,0,0,0,0,0,0,0,0,0,0
2024,1237959,1001,Kayserispor,180756,Talha Sariarslan,0,99,F,,False,True,0,0,0,0,0,0,0,0,0,,0,0,0,0,0,0,0,0,0,0,0,0,0,0,0,0,0
2024,1237959,611,Fenerbahce,1305,Dominik Livaković,90,40,G,6.2,False,False,0,0,0,0,2,0,1,24,1,15,0,0,0,1,1,0,0,0,0,0,0,0,0,0,0,0,0
2024,1237959,611,Fenerbahce,19588,Bright Osayi-Samuel,75,21,D,6.5,False,False,0,0,0,0,0,0,0,28,0,25,1,0,1,7,5,2,1,0,2,0,0,0,0,0,0,0,0
2024,1237959,611,Fenerbahce,62490,Samet Akaydın,90,3,D,6.9,False,False,0,0,0,0,0,0,0,45,0,38,0,2,5,7,3,0,0,0,0,0,1,0,0,0,0,0,0
2024,1237959,611,Fenerbahce,21633,Alexander Djiku,90,6,D,6.3,False,False,0,0,0,0,0,0,0,51,0,42,4,0,3,17,9,0,0,1,1,3,1,0,0,0,0,0,0
2024,1237959,611,Fenerbahce,1821,Filip Kostić,90,18,D,7.9,False,False,0,1,1,1,0,0,0,29,0,19,2,1,2,11,5,4,2,0,1,1,0,0,1,0,0,0,0
2024,1237959,611,Fenerbahce,74,Sofyan Amrabat,89,34,M,6.3,False,False,0,0,0,0,0,0,0,61,0,57,0,0,0,2,0,0,0,1,0,1,0,0,0,0,0,0,0
2024,1237959,611,Fenerbahce,905,Fred,90,13,M,7.3,False,False,0,2,1,0,0,1,0,67,2,59,4,0,2,11,7,0,0,2,2,0,0,0,0,0,0,0,0
2024,1237959,611,Fenerbahce,554,Dušan Tadić,90,10,M,8.3,True,False,0,1,1,1,0,1,0,43,6,34,0,0,1,6,1,0,0,0,1,1,0,0,0,0,1,0,0
2024,1237959,611,Fenerbahce,50097,Mert Hakan Yandaş,64,8,M,7.2,False,False,0,1,1,0,0,1,0,18,2,17,0,0,1,6,4,2,1,0,1,1,1,0,0,0,0,0,0
2024,1237959,611,Fenerbahce,134590,Oğuz Aydın,89,70,M,8.6,False,False,0,3,3,2,0,1,0,20,1,14,1,1,0,10,3,3,1,1,0,2,0,0,0,0,0,0,0
2024,1237959,611,Fenerbahce,47422,Youssef En-Nesyri,64,19,F,7.3,False,False,0,2,1,1,0,0,0,8,0,6,2,0,0,15,5,0,0,1,2,1,0,0,0,0,0,0,0
2024,1237959,611,Fenerbahce,40403,Sebastian Szymański,26,53,M,7.3,False,True,1,1,1,1,0,0,0,5,1,4,0,0,0,2,0,0,0,1,0,1,0,0,0,0,0,0,0
2024,1237959,611,Fenerbahce,790,Edin Džeko,26,9,F,7,False,True,1,3,1,0,0,0,0,8,0,6,0,0,0,3,0,0,0,0,0,0,0,0,0,0,0,0,0
2024,1237959,611,Fenerbahce,1719,Mert Müldür,15,16,D,6.9,False,True,0,0,0,0,0,0,0,7,1,6,0,0,0,1,0,0,0,1,0,0,0,0,0,0,0,0,0
2024,1237959,611,Fenerbahce,127609,Münir Levent Mercan,1,22,D,,False,True,0,0,0,0,0,0,0,1,0,1,0,0,0,0,0,0,0,0,0,0,0,0,0,0,0,0,0
2024,1237959,611,Fenerbahce,214463,İsmail Yüksek,1,5,M,,False,True,0,0,0,0,0,0,0,5,0,4,1,0,0,1,1,0,0,0,0,0,0,0,0,0,0,0,0
2024,1237959,611,Fenerbahce,62137,İrfan Can Eğribayat,0,1,G,,False,True,0,0,0,0,0,0,0,0,0,,0,0,0,0,0,0,0,0,0,0,0,0,0,0,0,0,0
2024,1237959,611,Fenerbahce,829,Rodrigo Becão,0,50,D,,False,True,0,0,0,0,0,0,0,0,0,,0,0,0,0,0,0,0,0,0,0,0,0,0,0,0,0,0
2024,1237959,611,Fenerbahce,162004,Bartuğ Elmaz,0,28,M,,False,True,0,0,0,0,0,0,0,0,0,,0,0,0,0,0,0,0,0,0,0,0,0,0,0,0,0,0
2024,1237959,611,Fenerbahce,49857,İrfan Can Kahveci,0,17,M,,False,True,0,0,0,0,0,0,0,0,0,,0,0,0,0,0,0,0,0,0,0,0,0,0,0,0,0,0
2024,1237959,611,Fenerbahce,18768,Cenk Tosun,0,23,F,,False,True,0,0,0,0,0,0,0,0,0,,0,0,0,0,0,0,0,0,0,0,0,0,0,0,0,0,0
2024,1237884,611,Fenerbahce,1305,Dominik Livaković,90,40,G,7.3,False,False,0,0,0,0,0,0,1,31,0,25,0,0,0,0,0,0,0,0,0,0,0,0,0,0,0,0,0
2024,1237884,611,Fenerbahce,1719,Mert Müldür,90,16,D,7.2,False,False,1,0,0,0,0,0,0,38,1,32,0,0,1,2,0,1,0,0,0,1,0,0,0,0,0,0,0
2024,1237884,611,Fenerbahce,18776,Çağlar Söyüncü,90,2,D,7.2,False,False,0,0,0,0,0,0,0,58,0,48,1,2,3,6,1,0,0,0,0,2,0,0,0,0,0,0,0
2024,1237884,611,Fenerbahce,21633,Alexander Djiku,61,6,D,7.3,False,False,0,0,0,0,0,0,0,44,0,41,1,1,1,2,2,0,0,0,1,0,0,0,0,0,0,0,0
2024,1237884,611,Fenerbahce,272721,Jayden Oosterwolde,90,24,D,7.2,False,False,0,0,0,0,0,0,0,37,1,34,3,0,3,11,5,2,1,1,1,4,1,0,0,0,0,0,0
2024,1237884,611,Fenerbahce,905,Fred,90,13,M,7.3,False,False,0,0,0,0,0,0,0,54,1,44,2,0,3,5,3,1,0,0,1,0,0,0,0,0,0,0,0
2024,1237884,611,Fenerbahce,214463,İsmail Yüksek,90,5,M,7.3,False,False,0,1,0,0,0,0,0,47,1,41,2,0,3,7,5,0,0,0,2,2,0,0,0,0,0,0,0
2024,1237884,611,Fenerbahce,554,Dušan Tadić,83,10,M,9.2,False,False,0,4,3,2,0,0,0,20,3,17,1,0,0,7,4,0,0,0,3,2,0,0,0,0,0,0,0
2024,1237884,611,Fenerbahce,40403,Sebastian Szymański,83,53,M,6.3,False,False,2,1,0,0,0,0,0,14,0,11,1,0,0,7,3,1,0,2,2,0,0,0,0,0,0,0,0
2024,1237884,611,Fenerbahce,22173,Allan Saint-Maximin,61,97,M,6.9,False,False,0,0,0,0,0,0,0,18,1,12,0,0,0,8,4,5,4,0,0,1,0,0,0,0,0,0,0
2024,1237884,611,Fenerbahce,790,Edin Džeko,73,9,F,7.2,True,False,0,3,3,1,0,1,0,13,2,11,0,0,1,4,1,1,0,0,1,0,0,0,0,0,0,0,0
2024,1237884,611,Fenerbahce,829,Rodrigo Becão,29,50,D,6.3,False,True,0,0,0,0,0,0,0,29,0,28,0,0,0,2,0,0,0,1,0,0,0,0,0,0,0,0,0
2024,1237884,611,Fenerbahce,49857,İrfan Can Kahveci,29,17,M,7.3,False,True,0,1,1,0,0,1,0,14,1,14,3,0,0,7,3,1,0,0,0,1,0,0,0,0,0,0,0
2024,1237884,611,Fenerbahce,47422,Youssef En-Nesyri,17,19,F,5.9,False,True,0,2,1,0,0,0,0,2,0,1,0,0,0,1,1,0,0,0,0,0,0,0,0,0,0,0,0
2024,1237884,611,Fenerbahce,50097,Mert Hakan Yandaş,13,8,M,6.9,False,True,0,1,0,0,0,0,0,5,0,5,0,0,0,0,0,0,0,0,0,0,0,0,0,0,0,0,0
2024,1237884,611,Fenerbahce,18768,Cenk Tosun,13,23,F,6.7,False,True,0,0,0,0,0,0,0,4,1,1,0,0,0,2,1,0,0,0,0,0,0,0,0,0,0,0,0
2024,1237884,611,Fenerbahce,62137,İrfan Can Eğribayat,0,1,G,,False,True,0,0,0,0,0,0,0,0,0,,0,0,0,0,0,0,0,0,0,0,0,0,0,0,0,0,0
2024,1237884,611,Fenerbahce,127609,Münir Levent Mercan,0,22,D,,False,True,0,0,0,0,0,0,0,0,0,,0,0,0,0,0,0,0,0,0,0,0,0,0,0,0,0,0
2024,1237884,611,Fenerbahce,162004,Bartuğ Elmaz,0,28,M,,False,True,0,0,0,0,0,0,0,0,0,,0,0,0,0,0,0,0,0,0,0,0,0,0,0,0,0,0
2024,1237884,611,Fenerbahce,785,Cengiz Ünder,0,20,F,,False,True,0,0,0,0,0,0,0,0,0,,0,0,0,0,0,0,0,0,0,0,0,0,0,0,0,0,0
2024,1237884,611,Fenerbahce,134590,Oğuz Aydın,0,70,F,,False,True,0,0,0,0,0,0,0,0,0,,0,0,0,0,0,0,0,0,0,0,0,0,0,0,0,0,0
2024,1237884,996,Alanyaspor,49991,Ertuğrul Taşkıran,90,1,G,6.7,False,False,0,0,0,0,3,0,5,57,0,43,0,0,0,0,0,0,0,0,0,0,0,0,0,0,0,0,0
2024,1237884,996,Alanyaspor,19042,Florent Hadergjonaj,90,94,D,6.7,False,False,0,0,0,0,0,0,0,47,1,38,4,0,0,8,5,0,0,2,1,1,1,0,0,0,0,0,0
2024,1237884,996,Alanyaspor,62378,Furkan Bayır,90,4,D,6.2,False,False,0,0,0,0,0,0,0,79,0,72,0,0,1,4,2,0,0,0,1,1,0,0,0,0,0,0,0
2024,1237884,996,Alanyaspor,48211,Fidan Aliti,90,5,D,6.3,False,False,0,0,0,0,0,0,0,49,1,42,2,1,1,6,4,0,0,0,0,2,0,0,0,0,0,0,0
2024,1237884,996,Alanyaspor,30918,Jure Balkovec,90,29,D,6.2,False,False,0,2,0,0,0,0,0,47,0,36,1,1,1,6,2,2,0,0,1,1,0,0,0,0,0,0,0
2024,1237884,996,Alanyaspor,10240,Richard Cândido,78,25,M,6.7,False,False,0,0,0,0,0,0,0,31,0,26,2,3,0,8,4,1,1,2,1,1,1,0,0,0,0,0,0
2024,1237884,996,Alanyaspor,41975,Gaius Makouta,90,42,M,6.2,False,False,0,0,0,0,0,0,0,36,0,32,0,0,1,3,1,1,0,0,1,0,1,0,0,0,0,0,0
2024,1237884,996,Alanyaspor,2457,Sergio Córdova,74,9,M,5.9,False,False,1,1,1,0,0,0,0,11,0,9,1,0,0,12,6,4,1,0,4,1,0,0,0,0,0,0,0
2024,1237884,996,Alanyaspor,49941,Efecan Karaca,73,7,M,6.3,True,False,1,0,0,0,0,0,0,27,1,23,3,0,0,5,3,0,0,1,0,1,0,0,0,0,0,0,0
2024,1237884,996,Alanyaspor,286825,Yusuf Özdemir,73,88,M,6.2,False,False,2,1,0,0,0,0,0,14,1,11,0,0,1,5,1,1,0,0,1,2,0,0,0,0,0,0,0
2024,1237884,996,Alanyaspor,25053,Serdar Dursun,89,10,F,6.6,False,False,0,1,0,0,0,0,0,17,0,14,0,0,0,10,7,0,0,0,3,1,1,0,0,0,0,0,0
2024,1237884,996,Alanyaspor,2211,Nicolas Janvier,17,17,M,6.9,False,True,0,0,0,0,0,0,0,6,0,5,0,0,0,3,2,2,2,0,0,0,0,0,0,0,0,0,0
2024,1237884,996,Alanyaspor,307421,Juan Christian,17,70,F,7,False,True,0,0,0,0,0,0,0,6,2,5,1,0,0,1,1,0,0,0,0,0,0,0,0,0,0,0,0
2024,1237884,996,Alanyaspor,111,Rony Lopes,16,11,F,6.6,False,True,0,1,0,0,0,0,0,7,0,5,0,0,0,0,0,0,0,0,0,0,0,0,0,0,0,0,0
2024,1237884,996,Alanyaspor,266487,Buluthan Bulut,12,21,M,6.3,False,True,0,0,0,0,0,0,0,6,0,5,0,0,0,0,0,0,0,0,0,0,0,0,0,0,0,0,0
2024,1237884,996,Alanyaspor,432348,Bera Ceken,1,22,F,,False,True,0,0,0,0,0,0,0,2,0,1,0,0,0,0,0,0,0,0,0,0,0,0,0,0,0,0,0
2024,1237884,996,Alanyaspor,49927,Yusuf Karagöz,0,99,G,,False,True,0,0,0,0,0,0,0,0,0,,0,0,0,0,0,0,0,0,0,0,0,0,0,0,0,0,0
2024,1237884,996,Alanyaspor,339950,Mert Furkan Bayram,0,23,G,,False,True,0,0,0,0,0,0,0,0,0,,0,0,0,0,0,0,0,0,0,0,0,0,0,0,0,0,0
2024,1237884,996,Alanyaspor,282946,Nuno Lima,0,3,D,,False,True,0,0,0,0,0,0,0,0,0,,0,0,0,0,0,0,0,0,0,0,0,0,0,0,0,0,0
2024,1237884,996,Alanyaspor,50079,Fatih Aksoy,0,20,D,,False,True,0,0,0,0,0,0,0,0,0,,0,0,0,0,0,0,0,0,0,0,0,0,0,0,0,0,0
2024,1237884,996,Alanyaspor,335555,Ismail Zehir,0,33,M,,False,True,0,0,0,0,0,0,0,0,0,,0,0,0,0,0,0,0,0,0,0,0,0,0,0,0,0,0
2024,1238097,611,Fenerbahce,1305,Dominik Livaković,99,40,G,6.6,False,False,0,0,0,0,0,0,1,18,0,12,0,0,0,0,0,0,0,0,0,0,0,0,0,0,0,0,0
2024,1238097,611,Fenerbahce,1719,Mert Müldür,82,16,D,7.3,False,False,0,0,0,0,0,0,0,58,1,49,4,0,1,15,8,1,0,2,1,1,0,0,0,0,0,0,0
2024,1238097,611,Fenerbahce,198,Milan Škriniar,99,37,D,7,False,False,0,0,0,0,0,0,0,50,2,47,1,0,1,11,5,0,0,2,1,1,0,0,0,0,0,0,0
2024,1238097,611,Fenerbahce,21633,Alexander Djiku,71,6,D,7.2,False,False,0,0,0,0,0,0,0,43,0,36,1,0,4,5,5,0,0,0,2,0,0,0,0,0,0,0,0
2024,1238097,611,Fenerbahce,134590,Oğuz Aydın,99,70,M,7.9,False,False,0,2,1,0,0,0,0,59,5,44,2,0,1,8,3,0,0,2,1,1,0,0,0,0,0,0,0
2024,1238097,611,Fenerbahce,74,Sofyan Amrabat,99,34,M,7.3,False,False,0,1,0,0,0,0,0,84,0,73,2,0,0,6,5,0,0,0,1,0,0,0,0,0,0,0,0
2024,1238097,611,Fenerbahce,905,Fred,99,13,M,7.3,False,False,0,0,0,0,0,0,0,79,2,65,1,0,1,16,8,0,0,2,6,1,0,0,0,0,0,0,0
2024,1238097,611,Fenerbahce,1821,Filip Kostić,58,18,M,6.3,False,False,1,1,0,0,0,0,0,19,1,16,0,0,0,5,1,2,0,1,1,0,0,0,0,0,0,0,0
2024,1238097,611,Fenerbahce,554,Dušan Tadić,58,10,F,7.3,False,False,0,0,0,0,0,0,0,40,4,34,0,0,0,4,0,1,0,0,0,0,0,0,0,0,0,0,0
2024,1238097,611,Fenerbahce,12724,Anderson Talisca,58,94,F,6.9,False,False,0,2,1,0,0,0,0,18,0,13,0,0,1,3,1,1,1,0,0,0,0,0,0,0,0,0,0
2024,1238097,611,Fenerbahce,790,Edin Džeko,99,9,F,7,True,False,1,6,2,0,0,0,0,21,1,16,0,0,0,12,7,2,1,0,2,0,0,0,0,0,0,0,0
2024,1238097,611,Fenerbahce,19588,Bright Osayi-Samuel,41,21,D,6.9,False,True,0,1,0,0,0,0,0,18,0,18,0,0,0,2,1,0,0,0,0,0,0,0,0,0,0,0,0
2024,1238097,611,Fenerbahce,40403,Sebastian Szymański,41,53,M,6.9,False,True,0,2,0,0,0,0,0,9,1,4,0,0,0,2,1,1,1,0,0,1,0,0,0,0,0,0,0
2024,1238097,611,Fenerbahce,47422,Youssef En-Nesyri,41,19,F,6.6,False,True,1,2,0,0,0,0,0,8,0,6,0,0,0,5,3,0,0,0,0,0,0,0,0,0,0,0,0
2024,1238097,611,Fenerbahce,49857,İrfan Can Kahveci,28,17,M,7.2,False,True,0,1,0,0,0,0,0,17,4,13,0,0,0,2,0,1,0,0,0,0,0,0,0,0,0,0,0
2024,1238097,611,Fenerbahce,50097,Mert Hakan Yandaş,17,8,M,7.3,False,True,0,2,1,0,0,0,0,16,1,14,0,0,0,1,0,0,0,0,0,0,0,0,0,0,0,0,0
2024,1238097,611,Fenerbahce,62137,İrfan Can Eğribayat,0,1,G,,False,True,0,0,0,0,0,0,0,0,0,,0,0,0,0,0,0,0,0,0,0,0,0,0,0,0,0,0
2024,1238097,611,Fenerbahce,127609,Levent Mercan,0,22,D,,False,True,0,0,0,0,0,0,0,0,0,,0,0,0,0,0,0,0,0,0,0,0,0,0,0,0,0,0
2024,1238097,611,Fenerbahce,412703,Yusuf Akçiçek,0,95,D,,False,True,0,0,0,0,0,0,0,0,0,,0,0,0,0,0,0,0,0,0,0,0,0,0,0,0,0,0
2024,1238097,611,Fenerbahce,50221,Burak Kapacak,0,7,M,,False,True,0,0,0,0,0,0,0,0,0,,0,0,0,0,0,0,0,0,0,0,0,0,0,0,0,0,0
2024,1238097,611,Fenerbahce,214463,İsmail Yüksek,0,5,M,,False,True,0,0,0,0,0,0,0,0,0,,0,0,0,0,0,0,0,0,0,0,0,0,0,0,0,0,0
2024,1238097,3603,Samsunspor,50217,Okan Kocuk,99,1,G,8.2,False,False,0,0,0,0,0,0,5,41,0,19,0,0,0,0,0,0,0,0,0,0,1,0,0,0,0,0,0
2024,1238097,3603,Samsunspor,2139,Zeki Yavru,67,18,D,7.2,True,False,0,0,0,0,0,0,0,34,0,21,3,1,1,7,6,2,2,1,0,0,1,0,0,0,0,0,0
2024,1238097,3603,Samsunspor,273762,Yunus Emre Çift,99,55,D,7.2,False,False,0,0,0,0,0,0,0,16,0,11,1,1,4,8,4,0,0,0,0,3,0,0,0,0,0,0,0
2024,1238097,3603,Samsunspor,24873,Rick Van Drongelen,99,4,D,7.6,False,False,0,1,1,0,0,0,0,39,0,27,3,3,1,10,6,0,0,1,0,0,0,0,0,0,0,0,0
2024,1238097,3603,Samsunspor,20044,Marc Bola,99,16,D,7.2,False,False,0,0,0,0,0,0,0,38,0,31,3,0,5,6,4,1,0,0,1,0,0,0,0,0,0,0,0
2024,1238097,3603,Samsunspor,453,Celil Yüksel,45,5,M,6.7,False,False,0,0,0,0,0,0,0,13,0,10,3,0,0,7,3,0,0,0,0,4,1,0,0,0,0,0,0
2024,1238097,3603,Samsunspor,2709,Youssef Aït Bennasser,99,6,M,6.9,False,False,0,0,0,0,0,0,0,32,0,29,0,0,1,6,1,0,0,1,0,3,0,0,0,0,0,0,0
2024,1238097,3603,Samsunspor,24970,Kingsley Schindler,99,17,M,6.5,False,False,0,0,0,0,0,0,0,15,0,12,0,0,0,3,0,1,0,1,0,1,0,0,0,0,0,0,0
2024,1238097,3603,Samsunspor,15837,Carlo Holse,99,21,M,6.6,False,False,0,0,0,0,0,0,0,19,0,16,2,0,1,9,2,0,0,0,0,4,0,0,0,0,0,0,0
2024,1238097,3603,Samsunspor,50091,Emre Kılınç,67,11,M,6.5,False,False,0,0,0,0,0,0,0,28,0,18,1,0,0,11,5,7,3,0,0,0,0,0,0,0,0,0,0
2024,1238097,3603,Samsunspor,394,Marius Mouandilmadji,75,9,F,6.5,False,False,0,1,0,0,0,0,0,20,0,11,0,1,0,18,7,2,1,0,2,1,2,1,0,0,0,0,0
2024,1238097,3603,Samsunspor,49848,Soner Aydoğdu,54,8,M,7,False,True,0,0,0,0,0,0,0,16,1,12,1,0,0,6,5,0,0,0,0,0,0,0,0,0,0,0,0
2024,1238097,3603,Samsunspor,137403,Arbnor Muja,23,7,F,6.7,False,True,0,0,0,0,0,0,0,2,0,,0,0,0,2,2,0,0,0,1,1,0,0,0,0,0,0,0
2024,1238097,3603,Samsunspor,1434,Landry Dimata,32,14,F,6.9,False,True,0,0,0,0,0,0,0,5,0,2,1,0,0,5,5,3,3,0,0,0,0,0,0,0,0,0,0
2024,1238097,3603,Samsunspor,368103,Bedirhan Çetin,9,96,D,6.2,False,True,0,0,0,0,0,0,0,0,0,,0,0,0,1,0,0,0,0,0,0,0,0,0,0,0,0,0
2024,1238097,3603,Samsunspor,502904,Timur Bulbul,0,48,G,,False,True,0,0,0,0,0,0,0,0,0,,0,0,0,0,0,0,0,0,0,0,0,0,0,0,0,0,0
2024,1238097,3603,Samsunspor,41284,Nanú,0,2,D,,False,True,0,0,0,0,0,0,0,0,0,,0,0,0,0,0,0,0,0,0,0,0,0,0,0,0,0,0
2024,1238097,3603,Samsunspor,62681,Soner Gönül,0,28,D,,False,True,0,0,0,0,0,0,0,0,0,,0,0,0,0,0,0,0,0,0,0,0,0,0,0,0,0,0
2024,1238097,3603,Samsunspor,339960,Muhammet Ali Özbaskıcı,0,20,M,,False,True,0,0,0,0,0,0,0,0,0,,0,0,0,0,0,0,0,0,0,0,0,0,0,0,0,0,0
2024,1238097,3603,Samsunspor,21154,Flavien Tait,0,13,M,,False,True,0,0,0,0,0,0,0,0,0,,0,0,0,0,0,0,0,0,0,0,0,0,0,0,0,0,0
2024,1238097,3603,Samsunspor,1130,Olivier Ntcham,0,10,M,,False,True,0,0,0,0,0,0,0,0,0,,0,0,0,0,0,0,0,0,0,0,0,0,0,0,0,0,0
2024,1238082,611,Fenerbahce,62137,İrfan Can Eğribayat,90,1,G,6.9,False,False,0,0,0,0,0,0,0,29,0,25,0,0,0,0,0,0,0,0,0,0,0,0,0,0,0,0,0
2024,1238082,611,Fenerbahce,1719,Mert Müldür,86,16,D,8,False,False,0,1,1,1,0,0,0,59,1,52,2,0,2,11,7,0,0,1,0,1,0,0,0,0,0,0,0
2024,1238082,611,Fenerbahce,198,Milan Škriniar,90,37,D,7.2,False,False,0,0,0,0,0,0,0,77,0,73,1,0,0,7,5,0,0,1,0,1,0,0,0,0,0,0,0
2024,1238082,611,Fenerbahce,18776,Çağlar Söyüncü,90,4,D,7.9,False,False,0,0,0,0,0,1,0,42,1,31,4,1,1,12,8,0,0,0,0,1,0,0,0,0,0,0,0
2024,1238082,611,Fenerbahce,134590,Oğuz Aydın,90,70,M,7.2,False,False,0,2,0,0,0,0,0,44,2,37,2,0,0,8,3,3,1,1,0,1,0,0,0,0,0,0,0
2024,1238082,611,Fenerbahce,905,Fred,90,13,M,6.6,False,False,0,0,0,0,0,0,0,55,0,49,5,0,0,16,8,4,1,2,2,1,0,0,0,0,0,0,0
2024,1238082,611,Fenerbahce,40403,Sebastian Szymański,80,53,M,7.3,False,False,0,0,0,0,0,1,0,20,3,17,2,0,0,11,3,2,1,5,0,1,0,0,0,0,0,0,0
2024,1238082,611,Fenerbahce,1821,Filip Kostić,90,18,M,7,False,False,0,1,1,0,0,0,0,18,1,13,0,1,1,5,1,2,1,0,0,0,0,0,0,0,0,0,0
2024,1238082,611,Fenerbahce,554,Dušan Tadić,86,10,F,7.3,False,False,0,2,1,1,0,0,0,19,0,11,1,0,1,6,2,2,0,0,0,1,0,0,0,0,0,0,0
2024,1238082,611,Fenerbahce,47422,Youssef En-Nesyri,69,19,F,7.5,False,False,0,4,4,1,0,0,0,10,0,8,0,0,0,7,3,0,0,0,0,0,0,0,0,0,0,0,0
2024,1238082,611,Fenerbahce,790,Edin Džeko,80,9,F,6.9,True,False,2,1,0,0,0,0,0,24,0,13,0,0,0,15,7,2,2,0,1,2,0,0,0,0,0,0,0
2024,1238082,611,Fenerbahce,12724,Anderson Talisca,21,94,M,6.2,False,True,0,1,1,0,0,0,0,7,0,5,0,0,0,2,0,0,0,0,0,0,0,0,0,0,0,0,0
2024,1238082,611,Fenerbahce,74,Sofyan Amrabat,10,34,M,6.7,False,True,0,0,0,0,0,0,0,9,0,8,1,0,0,2,1,0,0,0,0,0,0,0,0,0,0,0,0
2024,1238082,611,Fenerbahce,18768,Cenk Tosun,10,23,F,6.3,False,True,0,0,0,0,0,0,0,5,0,3,0,0,0,3,0,1,0,0,0,1,0,0,0,0,0,0,0
2024,1238082,611,Fenerbahce,21633,Alexander Djiku,8,6,D,6.7,False,True,0,0,0,0,0,0,0,6,0,6,0,0,0,0,0,0,0,0,0,0,0,0,0,0,0,0,0
2024,1238082,611,Fenerbahce,49857,İrfan Can Kahveci,8,17,M,6.6,False,True,0,0,0,0,0,0,0,5,1,3,0,0,0,1,1,0,0,0,0,0,0,0,0,0,0,0,0
2024,1238082,611,Fenerbahce,1305,Dominik Livaković,0,40,G,,False,True,0,0,0,0,0,0,0,0,0,,0,0,0,0,0,0,0,0,0,0,0,0,0,0,0,0,0
2024,1238082,611,Fenerbahce,412703,Yusuf Akçiçek,0,95,D,,False,True,0,0,0,0,0,0,0,0,0,,0,0,0,0,0,0,0,0,0,0,0,0,0,0,0,0,0
2024,1238082,611,Fenerbahce,50221,Burak Kapacak,0,7,M,,False,True,0,0,0,0,0,0,0,0,0,,0,0,0,0,0,0,0,0,0,0,0,0,0,0,0,0,0
2024,1238082,611,Fenerbahce,22173,Allan Saint-Maximin,0,97,F,,False,True,0,0,0,0,0,0,0,0,0,,0,0,0,0,0,0,0,0,0,0,0,0,0,0,0,0,0
2024,1238082,611,Fenerbahce,50097,Mert Hakan Yandaş,0,8,M,,False,True,0,0,0,0,0,0,0,0,0,,0,0,0,0,0,0,0,0,0,0,0,0,0,0,0,0,0
2024,1238082,1005,Antalyaspor,56115,Kenan Pirić,90,13,G,6.6,False,False,0,0,0,0,3,0,5,45,0,23,0,0,0,0,0,0,0,0,0,0,0,0,0,0,0,0,0
2024,1238082,1005,Antalyaspor,49969,Bünyamin Balcı,90,7,D,6.2,False,False,0,0,0,0,0,0,0,55,0,48,5,0,1,9,5,1,0,1,0,0,0,0,0,0,0,0,0
2024,1238082,1005,Antalyaspor,50061,Veysel Sarı,90,89,D,6.7,True,False,0,0,0,0,0,0,0,49,0,42,0,2,1,8,4,0,0,2,1,0,0,0,0,0,0,0,0
2024,1238082,1005,Antalyaspor,9737,Thalisson Kelven,90,2,D,6.6,False,False,0,0,0,0,0,0,0,39,0,38,2,0,1,5,5,0,0,0,1,0,0,0,0,0,0,0,0
2024,1238082,1005,Antalyaspor,2151,Güray Vural,72,11,D,6.2,False,False,0,0,0,0,0,0,0,51,0,44,2,0,1,6,3,1,0,0,0,0,0,0,0,0,0,0,0
2024,1238082,1005,Antalyaspor,62915,Soner Dikmen,90,5,M,6.3,False,False,0,0,0,0,0,0,0,33,0,23,2,0,2,6,4,2,2,0,0,1,0,0,0,0,0,0,0
2024,1238082,1005,Antalyaspor,1964,Erdal Rakip,64,6,M,6.9,False,False,0,2,0,0,0,0,0,34,0,25,2,1,4,10,5,0,0,0,2,1,0,0,0,0,0,0,0
2024,1238082,1005,Antalyaspor,111274,Ramzi Safuri,87,8,M,6.6,False,False,0,0,0,0,0,0,0,35,2,29,1,0,0,11,6,4,3,1,0,0,0,0,0,0,0,0,0
2024,1238082,1005,Antalyaspor,50043,Braian Samudio,72,81,F,6.3,False,False,0,0,0,0,0,0,0,24,0,16,2,0,1,18,10,0,0,1,1,1,0,0,0,0,0,0,0
2024,1238082,1005,Antalyaspor,2865,Sam Larsson,90,10,F,6.3,False,False,1,0,0,0,0,0,0,26,0,19,0,0,0,10,2,5,2,1,0,0,0,0,0,0,0,0,0
2024,1238082,1005,Antalyaspor,37182,Sander van de Streek,87,22,F,6.9,False,False,0,0,0,0,0,0,0,26,1,20,2,0,1,11,6,3,2,0,0,0,0,0,0,0,0,0,0
2024,1238082,1005,Antalyaspor,153565,Oleksandr Petrusenko,26,16,M,6.9,False,True,0,0,0,0,0,0,0,20,0,19,0,0,1,6,5,1,1,0,2,0,0,0,0,0,0,0,0
2024,1238082,1005,Antalyaspor,101413,Abdurrahim Dursun,18,77,D,6.6,False,True,0,0,0,0,0,0,0,13,0,13,0,0,1,1,0,0,0,0,0,0,0,0,0,0,0,0,0
2024,1238082,1005,Antalyaspor,18854,Andros Townsend,18,25,F,6.7,False,True,0,0,0,0,0,0,0,7,0,7,1,0,0,3,2,0,0,0,1,0,0,0,0,0,0,0,0
2024,1238082,1005,Antalyaspor,2114,Moussa Djenepo,3,12,F,,False,True,1,0,0,0,0,0,0,1,0,1,0,0,1,0,0,0,0,0,0,0,0,0,0,0,0,0,0
2024,1238082,1005,Antalyaspor,6629,Adolfo Gaich,3,9,F,,False,True,0,0,0,0,0,0,0,3,0,3,0,0,0,2,0,0,0,0,0,0,0,0,0,0,0,0,0
2024,1238082,1005,Antalyaspor,157911,Abdullah Yiğiter,0,21,G,,False,True,0,0,0,0,0,0,0,0,0,,0,0,0,0,0,0,0,0,0,0,0,0,0,0,0,0,0
2024,1238082,1005,Antalyaspor,382221,Amar Gerxhaliu,0,4,D,,False,True,0,0,0,0,0,0,0,0,0,,0,0,0,0,0,0,0,0,0,0,0,0,0,0,0,0,0
2024,1238082,1005,Antalyaspor,128928,Emrecan Uzunhan,0,14,D,,False,True,0,0,0,0,0,0,0,0,0,,0,0,0,0,0,0,0,0,0,0,0,0,0,0,0,0,0
2024,1238082,1005,Antalyaspor,503988,Hasan Ürkmez,0,29,M,,False,True,0,0,0,0,0,0,0,0,0,,0,0,0,0,0,0,0,0,0,0,0,0,0,0,0,0,0
2024,1238082,1005,Antalyaspor,505211,Berkay Topdemir,0,33,M,,False,True,0,0,0,0,0,0,0,0,0,,0,0,0,0,0,0,0,0,0,0,0,0,0,0,0,0,0
2024,1237897,611,Fenerbahce,1305,Dominik Livaković,90,40,G,6.3,False,False,0,0,0,0,3,0,4,25,0,18,0,0,0,0,0,0,0,0,0,0,0,0,0,0,0,0,0
2024,1237897,611,Fenerbahce,1719,Mert Müldür,90,16,D,6.6,False,False,1,0,0,0,0,0,0,47,2,34,1,0,2,3,3,0,0,0,1,0,0,0,0,0,0,0,0
2024,1237897,611,Fenerbahce,18776,Çağlar Söyüncü,90,4,D,6.6,False,False,0,1,1,0,0,0,0,41,0,35,1,0,2,14,9,0,0,1,1,1,0,0,0,0,0,0,0
2024,1237897,611,Fenerbahce,21633,Alexander Djiku,67,6,D,6.5,False,False,0,0,0,0,0,0,0,33,0,27,1,0,3,10,5,1,1,1,1,3,0,0,0,0,0,0,0
2024,1237897,611,Fenerbahce,272721,Jayden Oosterwolde,90,24,D,7,False,False,0,1,1,0,0,0,0,33,1,28,3,0,0,11,9,0,0,0,4,0,0,0,0,0,0,0,0
2024,1237897,611,Fenerbahce,905,Fred,80,13,M,7.3,False,False,0,2,0,0,0,0,0,51,3,41,2,0,0,15,8,3,2,0,4,4,1,0,1,0,0,0,0
2024,1237897,611,Fenerbahce,214463,İsmail Yüksek,45,5,M,6.9,False,False,0,0,0,0,0,0,0,20,1,12,3,0,0,5,5,0,0,0,0,0,0,0,0,0,0,0,0
2024,1237897,611,Fenerbahce,554,Dušan Tadić,61,10,M,6.9,False,False,1,2,2,0,0,0,0,13,2,8,0,0,0,8,4,0,0,1,3,0,0,0,0,0,0,0,0
2024,1237897,611,Fenerbahce,40403,Sebastian Szymański,90,53,M,7.6,False,False,0,2,1,0,0,0,0,40,2,36,3,0,0,12,8,1,1,0,3,1,0,0,0,0,0,0,0
2024,1237897,611,Fenerbahce,22173,Allan Saint-Maximin,80,97,M,7.2,False,False,1,2,1,0,0,0,0,24,2,19,1,0,2,9,6,5,4,0,1,0,0,0,0,0,0,0,0
2024,1237897,611,Fenerbahce,790,Edin Džeko,90,9,F,8.2,True,False,1,4,2,1,0,0,0,33,3,21,2,0,0,16,8,0,0,0,3,1,0,0,0,0,1,0,0
2024,1237897,611,Fenerbahce,74,Sofyan Amrabat,45,34,M,6.6,False,True,0,0,0,0,0,0,0,40,1,36,2,0,0,3,2,0,0,0,0,1,0,0,0,0,0,0,0
2024,1237897,611,Fenerbahce,49857,İrfan Can Kahveci,29,17,M,7.3,False,True,0,0,0,0,0,0,0,9,2,6,0,0,0,1,1,0,0,0,1,0,0,0,0,0,0,0,0
2024,1237897,611,Fenerbahce,47422,Youssef En-Nesyri,23,19,F,5.3,False,True,2,4,2,0,0,0,0,0,0,,0,0,0,5,1,0,0,0,0,2,1,0,0,0,0,0,0
2024,1237897,611,Fenerbahce,785,Cengiz Ünder,10,20,F,6.7,False,True,0,0,0,0,0,0,0,6,0,4,1,0,0,2,1,0,0,0,0,0,0,0,0,0,0,0,0
2024,1237897,611,Fenerbahce,50097,Mert Hakan Yandaş,10,8,M,6.6,False,True,0,0,0,0,0,0,0,18,1,16,0,0,0,2,1,1,1,0,0,0,1,0,0,0,0,0,0
2024,1237897,611,Fenerbahce,62137,İrfan Can Eğribayat,0,1,G,,False,True,0,0,0,0,0,0,0,0,0,,0,0,0,0,0,0,0,0,0,0,0,0,0,0,0,0,0
2024,1237897,611,Fenerbahce,62490,Samet Akaydın,0,3,D,,False,True,0,0,0,0,0,0,0,0,0,,0,0,0,0,0,0,0,0,0,0,0,0,0,0,0,0,0
2024,1237897,611,Fenerbahce,829,Rodrigo Becão,0,50,D,,False,True,0,0,0,0,0,0,0,0,0,,0,0,0,0,0,0,0,0,0,0,0,0,0,0,0,0,0
2024,1237897,611,Fenerbahce,134590,Oğuz Aydın,0,70,F,,False,True,0,0,0,0,0,0,0,0,0,,0,0,0,0,0,0,0,0,0,0,0,0,0,0,0,0,0
2024,1237897,611,Fenerbahce,18768,Cenk Tosun,0,23,F,,False,True,0,0,0,0,0,0,0,0,0,,0,0,0,0,0,0,0,0,0,0,0,0,0,0,0,0,0
2024,1237897,645,Galatasaray,429,Fernando Muslera,90,1,G,8.5,True,False,0,0,0,0,1,0,8,49,0,32,0,0,1,1,1,0,0,0,1,0,0,0,0,0,0,0,0
2024,1237897,645,Galatasaray,25448,Kaan Ayhan,86,23,D,6.3,False,False,0,0,0,0,0,0,0,22,0,15,2,0,0,7,4,1,0,0,1,1,1,0,0,0,0,0,0
2024,1237897,645,Galatasaray,168,Davinson Sánchez,90,6,D,7.2,False,False,0,0,0,0,0,0,0,47,0,34,3,6,0,8,4,2,0,0,0,1,1,0,0,0,0,0,0
2024,1237897,645,Galatasaray,61837,Abdülkerim Bardakcı,90,42,D,6.5,False,False,0,0,0,0,0,0,0,33,0,26,0,0,1,12,6,1,0,0,1,2,1,0,0,1,0,0,0
2024,1237897,645,Galatasaray,158121,Ismail Jakobs,90,4,D,6.5,False,False,0,0,0,0,0,0,0,20,0,15,0,0,1,9,2,1,0,0,0,4,1,0,0,0,0,0,0
2024,1237897,645,Galatasaray,1462,Lucas Torreira,84,34,M,7.3,False,False,0,1,0,0,0,1,0,36,1,34,1,0,0,8,2,1,0,2,0,3,0,0,0,0,0,0,0
2024,1237897,645,Galatasaray,80552,Gabriel Sara,84,20,M,7,False,False,0,2,2,1,0,0,0,37,0,26,0,0,1,15,7,5,1,2,2,1,0,0,0,0,0,0,0
2024,1237897,645,Galatasaray,63274,Barış Alper Yılmaz,83,53,M,6.3,False,False,0,0,0,0,0,0,0,17,1,15,1,0,0,17,5,3,0,0,3,6,1,0,0,0,0,0,0
2024,1237897,645,Galatasaray,332,Dries Mertens,75,10,M,7.3,False,False,1,3,1,1,0,0,0,25,0,15,2,0,0,10,3,1,0,3,1,1,0,0,0,0,0,0,0
2024,1237897,645,Galatasaray,454,Yunus Akgün,90,11,M,7.2,False,False,1,2,1,0,0,0,0,28,3,27,0,0,1,7,2,2,2,1,0,2,1,0,0,0,0,0,0
2024,1237897,645,Galatasaray,2780,Victor Osimhen,90,45,F,7.6,False,False,2,4,1,0,0,1,0,14,2,12,0,0,0,15,5,1,0,0,2,1,0,0,0,0,0,0,0
2024,1237897,645,Galatasaray,26252,Roland Sallai,15,7,F,6.9,False,True,1,0,0,0,0,0,0,6,1,5,1,0,0,4,2,0,0,0,1,1,0,0,0,0,0,0,0
2024,1237897,645,Galatasaray,341234,Elias Jelert,14,24,D,6.2,False,True,0,0,0,0,0,0,0,0,0,,0,0,0,0,0,0,0,0,0,0,0,0,0,0,0,0,0
2024,1237897,645,Galatasaray,717,Kerem Demirbay,13,8,M,6.6,False,True,0,0,0,0,0,0,0,4,1,3,0,0,0,0,0,0,0,0,0,0,0,0,0,0,0,0,0
2024,1237897,645,Galatasaray,264627,Berkan Kutlu,13,18,M,6.3,False,True,0,0,0,0,0,0,0,6,1,5,0,0,0,1,0,0,0,1,0,0,0,0,0,0,0,0,0
2024,1237897,645,Galatasaray,15912,Victor Nelsson,11,25,D,7.6,False,True,0,1,1,0,0,0,0,1,0,1,0,1,0,2,2,0,0,0,0,0,0,0,0,0,0,0,0
2024,1237897,645,Galatasaray,61950,Günay Güvenç,0,19,G,,False,True,0,0,0,0,0,0,0,0,0,,0,0,0,0,0,0,0,0,0,0,0,0,0,0,0,0,0
2024,1237897,645,Galatasaray,162000,Metehan Baltacı,0,90,D,,False,True,0,0,0,0,0,0,0,0,0,,0,0,0,0,0,0,0,0,0,0,0,0,0,0,0,0,0
2024,1237897,645,Galatasaray,371929,Efe Akman,0,83,M,,False,True,0,0,0,0,0,0,0,0,0,,0,0,0,0,0,0,0,0,0,0,0,0,0,0,0,0,0
2024,1237897,645,Galatasaray,2927,Michy Batshuayi,0,44,F,,False,True,0,0,0,0,0,0,0,0,0,,0,0,0,0,0,0,0,0,0,0,0,0,0,0,0,0,0
2024,1237897,645,Galatasaray,216,Mauro Icardi,0,9,F,,False,True,0,0,0,0,0,0,0,0,0,,0,0,0,0,0,0,0,0,0,0,0,0,0,0,0,0,0
